timestamp,switch_id,porta,tx_bytes,rx_bytes,tx_pacotes,rx_pacotes
2026-06-10 00:08:21,1,1,848,426,10,5
2026-06-10 00:08:21,1,2,938,426,11,5
2026-06-10 00:08:21,1,3,918,266,11,3
2026-06-10 00:08:24,1,1,1278,516,15,6
2026-06-10 00:08:24,1,2,1278,516,15,6
2026-06-10 00:08:24,1,3,1188,516,14,6
2026-06-10 00:08:27,1,1,1488,586,18,7
2026-06-10 00:08:27,1,2,1488,586,18,7
2026-06-10 00:08:27,1,3,1398,586,17,7
2026-06-10 00:08:30,1,1,1530,212538,19,161
2026-06-10 00:08:30,1,2,1530,586,19,7
2026-06-10 00:08:30,1,3,213350,628,171,8
2026-06-10 00:08:33,1,1,1670,359418,21,301
2026-06-10 00:08:33,1,2,1530,656,19,8
2026-06-10 00:08:33,1,3,360300,628,312,8
2026-06-10 00:08:38,1,1,1712,492872,22,434
2026-06-10 00:08:38,1,2,1712,155544674,22,102882
2026-06-10 00:08:38,1,3,151707474,740,100456,10
2026-06-10 00:08:39,1,1,1782,627300,23,564
2026-06-10 00:08:39,1,2,1782,559667498,23,370159
2026-06-10 00:08:39,1,3,558207022,740,369346,10
2026-06-10 00:08:42,1,1,1782,627300,23,564
2026-06-10 00:08:42,1,2,1782,964641578,23,637999
2026-06-10 00:08:42,1,3,963187150,740,637190,10
2026-06-10 00:08:45,1,1,1782,627300,23,564
2026-06-10 00:08:45,1,2,1782,1369390370,23,905690
2026-06-10 00:08:45,1,3,1327006102,740,877811,10
2026-06-10 00:08:48,1,1,1922,627300,25,564
2026-06-10 00:08:48,1,2,1782,1774101432,23,1173357
2026-06-10 00:08:48,1,3,1327006172,740,877812,10
2026-06-10 00:08:51,1,1,1922,627300,25,564
2026-06-10 00:08:51,1,2,1852,2178721704,24,1440963
2026-06-10 00:08:51,1,3,1327006172,740,877812,10
2026-06-10 00:08:54,1,1,1992,627370,26,565
2026-06-10 00:08:54,1,2,1992,2583452352,26,1708642
2026-06-10 00:08:54,1,3,1327006312,810,877814,11
2026-06-10 00:08:57,1,1,1992,627370,26,565
2026-06-10 00:08:57,1,2,1992,2988068088,26,1976245
2026-06-10 00:08:57,1,3,1327006312,810,877814,11
2026-06-10 00:09:00,1,1,1992,627370,26,565
2026-06-10 00:09:00,1,2,1992,3392818392,26,2243937
2026-06-10 00:09:00,1,3,1327006312,810,877814,11
2026-06-10 00:09:04,1,1,1992,627370,26,565
2026-06-10 00:09:04,1,2,1992,3797623128,26,2511665
2026-06-10 00:09:04,1,3,1327006312,810,877814,11
2026-06-10 00:09:07,1,1,1992,627370,26,565
2026-06-10 00:09:07,1,2,1992,4043776728,26,2674465
2026-06-10 00:09:07,1,3,1327006312,810,877814,11
2026-06-10 00:09:10,1,1,1992,627370,26,565
2026-06-10 00:09:10,1,2,1992,4043911296,26,2674554
2026-06-10 00:09:10,1,3,1327006312,810,877814,11
2026-06-10 00:09:13,1,1,1992,627370,26,565
2026-06-10 00:09:13,1,2,1992,4043911296,26,2674554
2026-06-10 00:09:13,1,3,1327006312,810,877814,11
2026-06-10 00:09:16,1,1,2062,627370,27,565
2026-06-10 00:09:16,1,2,1992,4043911296,26,2674554
2026-06-10 00:09:16,1,3,1327006312,810,877814,11
2026-06-10 00:09:19,1,1,2062,627370,27,565
2026-06-10 00:09:19,1,2,1992,4043911296,26,2674554
2026-06-10 00:09:19,1,3,1327006312,810,877814,11
2026-06-10 00:09:22,1,1,2132,627370,28,565
2026-06-10 00:09:22,1,2,1992,4043911366,26,2674555
2026-06-10 00:09:22,1,3,1327006382,810,877815,11
2026-06-10 00:09:25,1,1,2132,627370,28,565
2026-06-10 00:09:25,1,2,1992,4043911366,26,2674555
2026-06-10 00:09:25,1,3,1327006382,810,877815,11
2026-06-10 00:09:28,1,1,2132,627370,28,565
2026-06-10 00:09:28,1,2,2062,4043911366,27,2674555
2026-06-10 00:09:28,1,3,1327006382,810,877815,11
2026-06-10 00:09:31,1,1,2132,627440,28,566
2026-06-10 00:09:31,1,2,2132,4043911366,28,2674555
2026-06-10 00:09:31,1,3,1327006452,810,877816,11
2026-06-10 00:09:34,1,1,2202,627440,29,566
2026-06-10 00:09:34,1,2,2202,4043911366,29,2674555
2026-06-10 00:09:34,1,3,1327006522,880,877817,12
2026-06-10 00:09:37,1,1,2202,627440,29,566
2026-06-10 00:09:37,1,2,2202,4043911366,29,2674555
2026-06-10 00:09:37,1,3,1327006522,880,877817,12
2026-06-10 00:09:40,1,1,2202,627440,29,566
2026-06-10 00:09:40,1,2,2202,4043911366,29,2674555
2026-06-10 00:09:40,1,3,1327006522,880,877817,12
2026-06-10 00:09:43,1,1,2202,627440,29,566
2026-06-10 00:09:43,1,2,2202,4043911366,29,2674555
2026-06-10 00:09:43,1,3,1327006522,880,877817,12
2026-06-10 00:09:46,1,1,2202,627440,29,566
2026-06-10 00:09:46,1,2,2202,4043911366,29,2674555
2026-06-10 00:09:46,1,3,1327006522,880,877817,12
2026-06-10 00:09:49,1,1,2202,627440,29,566
2026-06-10 00:09:49,1,2,2202,4043911366,29,2674555
2026-06-10 00:09:49,1,3,1327006522,880,877817,12
2026-06-10 00:09:52,1,1,2202,627440,29,566
2026-06-10 00:09:52,1,2,2202,4043911366,29,2674555
2026-06-10 00:09:52,1,3,1327006522,880,877817,12
2026-06-10 00:09:55,1,1,2202,627440,29,566
2026-06-10 00:09:55,1,2,2202,4043911366,29,2674555
2026-06-10 00:09:55,1,3,1327006522,880,877817,12
2026-06-10 00:09:58,1,1,2202,627440,29,566
2026-06-10 00:09:58,1,2,2202,4043911366,29,2674555
2026-06-10 00:09:58,1,3,1327006522,880,877817,12
2026-06-10 00:10:01,1,1,2202,627440,29,566
2026-06-10 00:10:01,1,2,2202,4043911366,29,2674555
2026-06-10 00:10:01,1,3,1327006522,880,877817,12
2026-06-10 00:10:04,1,1,2202,627440,29,566
2026-06-10 00:10:04,1,2,2202,4043911366,29,2674555
2026-06-10 00:10:04,1,3,1327006522,880,877817,12
2026-06-10 00:10:07,1,1,2202,627440,29,566
2026-06-10 00:10:07,1,2,2202,4043911366,29,2674555
2026-06-10 00:10:07,1,3,1327006522,880,877817,12
2026-06-10 00:10:10,1,1,2202,627440,29,566
2026-06-10 00:10:10,1,2,2202,4043911366,29,2674555
2026-06-10 00:10:10,1,3,1327006522,880,877817,12
2026-06-10 00:10:13,1,1,2202,627440,29,566
2026-06-10 00:10:13,1,2,2202,4043911366,29,2674555
2026-06-10 00:10:13,1,3,1327006522,880,877817,12
2026-06-10 00:10:16,1,1,2272,627440,30,566
2026-06-10 00:10:16,1,2,2202,4043911366,29,2674555
2026-06-10 00:10:16,1,3,1327006522,880,877817,12
2026-06-10 00:10:19,1,1,2272,627440,30,566
2026-06-10 00:10:19,1,2,2202,4043911366,29,2674555
2026-06-10 00:10:19,1,3,1327006522,880,877817,12
2026-06-10 00:10:22,1,1,2272,627440,30,566
2026-06-10 00:10:22,1,2,2202,4043911366,29,2674555
2026-06-10 00:10:22,1,3,1327006522,880,877817,12
2026-06-10 00:10:25,1,1,2342,627440,31,566
2026-06-10 00:10:25,1,2,2202,4043911436,29,2674556
2026-06-10 00:10:25,1,3,1327006592,880,877818,12
2026-06-10 00:10:28,1,1,2342,627440,31,566
2026-06-10 00:10:28,1,2,2202,4043911436,29,2674556
2026-06-10 00:10:28,1,3,1327006592,880,877818,12
2026-06-10 00:10:31,1,1,2342,627440,31,566
2026-06-10 00:10:31,1,2,2272,4043911436,30,2674556
2026-06-10 00:10:31,1,3,1327006592,880,877818,12
2026-06-10 00:10:34,1,1,2342,627440,31,566
2026-06-10 00:10:34,1,2,2272,4043911436,30,2674556
2026-06-10 00:10:34,1,3,1327006592,880,877818,12
2026-06-10 00:10:37,1,1,2342,627440,31,566
2026-06-10 00:10:37,1,2,2272,4043911436,30,2674556
2026-06-10 00:10:37,1,3,1327006592,880,877818,12
2026-06-10 00:10:40,1,1,2342,627510,31,567
2026-06-10 00:10:40,1,2,2342,4043911436,31,2674556
2026-06-10 00:10:40,1,3,1327006662,880,877819,12
2026-06-10 00:10:43,1,1,2342,627510,31,567
2026-06-10 00:10:43,1,2,2342,4043911436,31,2674556
2026-06-10 00:10:43,1,3,1327006662,880,877819,12
2026-06-10 00:10:46,1,1,2342,627510,31,567
2026-06-10 00:10:46,1,2,2342,4043911436,31,2674556
2026-06-10 00:10:46,1,3,1327006662,880,877819,12
2026-06-10 00:10:49,1,1,2342,627510,31,567
2026-06-10 00:10:49,1,2,2342,4043911436,31,2674556
2026-06-10 00:10:49,1,3,1327006662,880,877819,12
2026-06-10 00:10:52,1,1,2412,627510,32,567
2026-06-10 00:10:52,1,2,2412,4043911436,32,2674556
2026-06-10 00:10:52,1,3,1327006732,950,877820,13
2026-06-10 00:10:55,1,1,2412,627510,32,567
2026-06-10 00:10:55,1,2,2412,4043911436,32,2674556
2026-06-10 00:10:55,1,3,1327006732,950,877820,13
2026-06-10 00:10:58,1,1,2412,627510,32,567
2026-06-10 00:10:58,1,2,2412,4043911436,32,2674556
2026-06-10 00:10:58,1,3,1327006732,950,877820,13
2026-06-10 00:11:01,1,1,2412,627510,32,567
2026-06-10 00:11:01,1,2,2412,4043911436,32,2674556
2026-06-10 00:11:01,1,3,1327006732,950,877820,13
2026-06-10 00:11:04,1,1,2412,627510,32,567
2026-06-10 00:11:04,1,2,2412,4043911436,32,2674556
2026-06-10 00:11:04,1,3,1327006732,950,877820,13
2026-06-10 00:11:07,1,1,2412,627510,32,567
2026-06-10 00:11:07,1,2,2412,4043911436,32,2674556
2026-06-10 00:11:07,1,3,1327006732,950,877820,13
2026-06-10 00:11:10,1,1,2412,627510,32,567
2026-06-10 00:11:10,1,2,2412,4043911436,32,2674556
2026-06-10 00:11:10,1,3,1327006732,950,877820,13
2026-06-10 00:11:13,1,1,2412,627510,32,567
2026-06-10 00:11:13,1,2,2412,4043911436,32,2674556
2026-06-10 00:11:13,1,3,1327006732,950,877820,13
2026-06-10 00:11:16,1,1,2412,627510,32,567
2026-06-10 00:11:16,1,2,2412,4043911436,32,2674556
2026-06-10 00:11:16,1,3,1327006732,950,877820,13
2026-06-10 00:11:19,1,1,2412,627510,32,567
2026-06-10 00:11:19,1,2,2412,4043911436,32,2674556
2026-06-10 00:11:19,1,3,1327006732,950,877820,13
2026-06-10 00:11:22,1,1,2412,627510,32,567
2026-06-10 00:11:22,1,2,2412,4043911436,32,2674556
2026-06-10 00:11:22,1,3,1327006732,950,877820,13
2026-06-10 00:11:25,1,1,2412,627510,32,567
2026-06-10 00:11:25,1,2,2412,4043911436,32,2674556
2026-06-10 00:11:25,1,3,1327006732,950,877820,13
2026-06-10 00:11:28,1,1,2412,627510,32,567
2026-06-10 00:11:28,1,2,2412,4043911436,32,2674556
2026-06-10 00:11:28,1,3,1327006732,950,877820,13
2026-06-10 00:11:31,1,1,2412,627510,32,567
2026-06-10 00:11:31,1,2,2412,4043911436,32,2674556
2026-06-10 00:11:31,1,3,1327006732,950,877820,13
2026-06-10 00:11:34,1,1,2412,627510,32,567
2026-06-10 00:11:34,1,2,2412,4043911436,32,2674556
2026-06-10 00:11:34,1,3,1327006732,950,877820,13
2026-06-10 00:11:37,1,1,2412,627510,32,567
2026-06-10 00:11:37,1,2,2412,4043911436,32,2674556
2026-06-10 00:11:37,1,3,1327006732,950,877820,13
2026-06-10 00:11:40,1,1,2412,627510,32,567
2026-06-10 00:11:40,1,2,2412,4043911436,32,2674556
2026-06-10 00:11:40,1,3,1327006732,950,877820,13
2026-06-10 00:11:43,1,1,2412,627510,32,567
2026-06-10 00:11:43,1,2,2412,4043911436,32,2674556
2026-06-10 00:11:43,1,3,1327006732,950,877820,13
2026-06-10 00:11:46,1,1,2412,627510,32,567
2026-06-10 00:11:46,1,2,2412,4043911436,32,2674556
2026-06-10 00:11:46,1,3,1327006732,950,877820,13
2026-06-10 00:11:49,1,1,2412,627510,32,567
2026-06-10 00:11:49,1,2,2412,4043911436,32,2674556
2026-06-10 00:11:49,1,3,1327006732,950,877820,13
2026-06-10 00:11:52,1,1,2412,627510,32,567
2026-06-10 00:11:52,1,2,2412,4043911436,32,2674556
2026-06-10 00:11:52,1,3,1327006732,950,877820,13
2026-06-10 00:11:55,1,1,2412,627510,32,567
2026-06-10 00:11:55,1,2,2412,4043911436,32,2674556
2026-06-10 00:11:55,1,3,1327006732,950,877820,13
2026-06-10 00:11:58,1,1,2412,627510,32,567
2026-06-10 00:11:58,1,2,2412,4043911436,32,2674556
2026-06-10 00:11:58,1,3,1327006732,950,877820,13
2026-06-10 00:12:01,1,1,2412,627510,32,567
2026-06-10 00:12:01,1,2,2412,4043911436,32,2674556
2026-06-10 00:12:01,1,3,1327006732,950,877820,13
2026-06-10 00:12:04,1,1,2412,627510,32,567
2026-06-10 00:12:04,1,2,2412,4043911436,32,2674556
2026-06-10 00:12:04,1,3,1327006732,950,877820,13
2026-06-10 00:12:07,1,1,2412,627510,32,567
2026-06-10 00:12:07,1,2,2412,4043911436,32,2674556
2026-06-10 00:12:07,1,3,1327006732,950,877820,13
2026-06-10 00:12:10,1,1,2482,627510,33,567
2026-06-10 00:12:10,1,2,2412,4043911436,32,2674556
2026-06-10 00:12:10,1,3,1327006732,950,877820,13
2026-06-10 00:12:13,1,1,2482,627510,33,567
2026-06-10 00:12:13,1,2,2412,4043911436,32,2674556
2026-06-10 00:12:13,1,3,1327006732,950,877820,13
2026-06-10 00:12:16,1,1,2482,627510,33,567
2026-06-10 00:12:16,1,2,2412,4043911436,32,2674556
2026-06-10 00:12:16,1,3,1327006732,950,877820,13
2026-06-10 00:12:19,1,1,2482,627510,33,567
2026-06-10 00:12:19,1,2,2412,4043911436,32,2674556
2026-06-10 00:12:19,1,3,1327006732,950,877820,13
2026-06-10 00:12:22,1,1,2482,627510,33,567
2026-06-10 00:12:22,1,2,2412,4043911436,32,2674556
2026-06-10 00:12:22,1,3,1327006732,950,877820,13
2026-06-10 00:12:25,1,1,2482,627510,33,567
2026-06-10 00:12:25,1,2,2412,4043911436,32,2674556
2026-06-10 00:12:25,1,3,1327006732,950,877820,13
2026-06-10 00:12:28,1,1,2552,627510,34,567
2026-06-10 00:12:28,1,2,2412,4043911506,32,2674557
2026-06-10 00:12:28,1,3,1327006802,950,877821,13
2026-06-10 00:12:31,1,1,2552,627510,34,567
2026-06-10 00:12:31,1,2,2412,4043911506,32,2674557
2026-06-10 00:12:31,1,3,1327006802,950,877821,13
2026-06-10 00:12:34,1,1,2552,627510,34,567
2026-06-10 00:12:34,1,2,2412,4043911506,32,2674557
2026-06-10 00:12:34,1,3,1327006802,950,877821,13
2026-06-10 00:12:37,1,1,2552,627510,34,567
2026-06-10 00:12:37,1,2,2412,4043911506,32,2674557
2026-06-10 00:12:37,1,3,1327006802,950,877821,13
2026-06-10 00:12:40,1,1,2552,627510,34,567
2026-06-10 00:12:40,1,2,2412,4043911506,32,2674557
2026-06-10 00:12:40,1,3,1327006802,950,877821,13
2026-06-10 00:12:43,1,1,2552,627510,34,567
2026-06-10 00:12:43,1,2,2412,4043911506,32,2674557
2026-06-10 00:12:43,1,3,1327006802,950,877821,13
2026-06-10 00:12:46,1,1,2552,627510,34,567
2026-06-10 00:12:46,1,2,2482,4043911506,33,2674557
2026-06-10 00:12:46,1,3,1327006802,950,877821,13
2026-06-10 00:12:49,1,1,2552,627510,34,567
2026-06-10 00:12:49,1,2,2482,4043911506,33,2674557
2026-06-10 00:12:49,1,3,1327006802,950,877821,13
2026-06-10 00:12:52,1,1,2552,627510,34,567
2026-06-10 00:12:52,1,2,2482,4043911506,33,2674557
2026-06-10 00:12:52,1,3,1327006802,950,877821,13
2026-06-10 00:12:55,1,1,2552,627510,34,567
2026-06-10 00:12:55,1,2,2482,4043911506,33,2674557
2026-06-10 00:12:55,1,3,1327006802,950,877821,13
2026-06-10 00:12:58,1,1,2552,627580,34,568
2026-06-10 00:12:58,1,2,2552,4043911506,34,2674557
2026-06-10 00:12:58,1,3,1327006872,950,877822,13
2026-06-10 00:13:01,1,1,2552,627580,34,568
2026-06-10 00:13:01,1,2,2552,4043911506,34,2674557
2026-06-10 00:13:01,1,3,1327006872,950,877822,13
2026-06-10 00:13:04,1,1,2552,627580,34,568
2026-06-10 00:13:04,1,2,2552,4043911506,34,2674557
2026-06-10 00:13:04,1,3,1327006872,950,877822,13
2026-06-10 00:13:07,1,1,2552,627580,34,568
2026-06-10 00:13:07,1,2,2552,4043911506,34,2674557
2026-06-10 00:13:07,1,3,1327006872,950,877822,13
2026-06-10 00:13:10,1,1,2552,627580,34,568
2026-06-10 00:13:10,1,2,2552,4043911506,34,2674557
2026-06-10 00:13:10,1,3,1327006872,950,877822,13
2026-06-10 00:13:13,1,1,2552,627580,34,568
2026-06-10 00:13:13,1,2,2552,4043911506,34,2674557
2026-06-10 00:13:13,1,3,1327006872,950,877822,13
2026-06-10 00:13:16,1,1,2552,627580,34,568
2026-06-10 00:13:16,1,2,2552,4043911506,34,2674557
2026-06-10 00:13:16,1,3,1327006872,950,877822,13
2026-06-10 00:13:19,1,1,2552,627580,34,568
2026-06-10 00:13:19,1,2,2552,4043911506,34,2674557
2026-06-10 00:13:19,1,3,1327006872,950,877822,13
2026-06-10 00:13:22,1,1,2552,627580,34,568
2026-06-10 00:13:22,1,2,2552,4043911506,34,2674557
2026-06-10 00:13:22,1,3,1327006872,950,877822,13
2026-06-10 00:13:25,1,1,2552,627580,34,568
2026-06-10 00:13:25,1,2,2552,4043911506,34,2674557
2026-06-10 00:13:25,1,3,1327006872,950,877822,13
2026-06-10 00:13:28,1,1,2622,627580,35,568
2026-06-10 00:13:28,1,2,2622,4043911506,35,2674557
2026-06-10 00:13:28,1,3,1327006942,1020,877823,14
2026-06-10 00:13:31,1,1,2622,627580,35,568
2026-06-10 00:13:31,1,2,2622,4043911506,35,2674557
2026-06-10 00:13:31,1,3,1327006942,1020,877823,14
2026-06-10 00:13:34,1,1,2622,627580,35,568
2026-06-10 00:13:34,1,2,2622,4043911506,35,2674557
2026-06-10 00:13:34,1,3,1327006942,1020,877823,14
2026-06-10 00:13:37,1,1,2622,627580,35,568
2026-06-10 00:13:37,1,2,2622,4043911506,35,2674557
2026-06-10 00:13:37,1,3,1327006942,1020,877823,14
2026-06-10 00:13:40,1,1,2622,627580,35,568
2026-06-10 00:13:40,1,2,2622,4043911506,35,2674557
2026-06-10 00:13:40,1,3,1327006942,1020,877823,14
2026-06-10 00:13:43,1,1,2622,627580,35,568
2026-06-10 00:13:43,1,2,2622,4043911506,35,2674557
2026-06-10 00:13:43,1,3,1327006942,1020,877823,14
2026-06-10 00:13:46,1,1,2622,627580,35,568
2026-06-10 00:13:46,1,2,2622,4043911506,35,2674557
2026-06-10 00:13:46,1,3,1327006942,1020,877823,14
2026-06-10 00:13:49,1,1,2622,627580,35,568
2026-06-10 00:13:49,1,2,2622,4043911506,35,2674557
2026-06-10 00:13:49,1,3,1327006942,1020,877823,14
2026-06-10 00:13:52,1,1,2622,627580,35,568
2026-06-10 00:13:52,1,2,2622,4043911506,35,2674557
2026-06-10 00:13:52,1,3,1327006942,1020,877823,14
2026-06-10 00:13:55,1,1,2622,627580,35,568
2026-06-10 00:13:55,1,2,2622,4043911506,35,2674557
2026-06-10 00:13:55,1,3,1327006942,1020,877823,14
2026-06-10 00:13:58,1,1,2622,627580,35,568
2026-06-10 00:13:58,1,2,2622,4043911506,35,2674557
2026-06-10 00:13:58,1,3,1327006942,1020,877823,14
2026-06-10 00:14:01,1,1,2622,627580,35,568
2026-06-10 00:14:01,1,2,2622,4043911506,35,2674557
2026-06-10 00:14:01,1,3,1327006942,1020,877823,14
2026-06-10 00:14:04,1,1,2622,627580,35,568
2026-06-10 00:14:04,1,2,2622,4043911506,35,2674557
2026-06-10 00:14:04,1,3,1327006942,1020,877823,14
2026-06-10 00:14:07,1,1,2622,627580,35,568
2026-06-10 00:14:07,1,2,2622,4043911506,35,2674557
2026-06-10 00:14:07,1,3,1327006942,1020,877823,14
2026-06-10 00:14:10,1,1,2622,627580,35,568
2026-06-10 00:14:10,1,2,2622,4043911506,35,2674557
2026-06-10 00:14:10,1,3,1327006942,1020,877823,14
2026-06-10 00:14:13,1,1,2622,627580,35,568
2026-06-10 00:14:13,1,2,2622,4043911506,35,2674557
2026-06-10 00:14:13,1,3,1327006942,1020,877823,14
2026-06-10 00:14:16,1,1,2622,627580,35,568
2026-06-10 00:14:16,1,2,2622,4043911506,35,2674557
2026-06-10 00:14:16,1,3,1327006942,1020,877823,14
2026-06-10 00:14:19,1,1,2622,627580,35,568
2026-06-10 00:14:19,1,2,2622,4043911506,35,2674557
2026-06-10 00:14:19,1,3,1327006942,1020,877823,14
2026-06-10 00:14:22,1,1,2622,627580,35,568
2026-06-10 00:14:22,1,2,2622,4043911506,35,2674557
2026-06-10 00:14:22,1,3,1327006942,1020,877823,14
2026-06-10 00:14:25,1,1,2622,627580,35,568
2026-06-10 00:14:25,1,2,2622,4043911506,35,2674557
2026-06-10 00:14:25,1,3,1327006942,1020,877823,14
2026-06-10 00:14:28,1,1,2622,627580,35,568
2026-06-10 00:14:28,1,2,2622,4043911506,35,2674557
2026-06-10 00:14:28,1,3,1327006942,1020,877823,14
2026-06-10 00:14:31,1,1,2622,627580,35,568
2026-06-10 00:14:31,1,2,2622,4043911506,35,2674557
2026-06-10 00:14:31,1,3,1327006942,1020,877823,14
2026-06-10 00:14:34,1,1,2622,627580,35,568
2026-06-10 00:14:34,1,2,2622,4043911506,35,2674557
2026-06-10 00:14:34,1,3,1327006942,1020,877823,14
2026-06-10 00:14:37,1,1,2622,627580,35,568
2026-06-10 00:14:37,1,2,2622,4043911506,35,2674557
2026-06-10 00:14:37,1,3,1327006942,1020,877823,14
2026-06-10 00:14:40,1,1,2622,627580,35,568
2026-06-10 00:14:40,1,2,2622,4043911506,35,2674557
2026-06-10 00:14:40,1,3,1327006942,1020,877823,14
2026-06-10 00:14:43,1,1,2622,627580,35,568
2026-06-10 00:14:43,1,2,2622,4043911506,35,2674557
2026-06-10 00:14:43,1,3,1327006942,1020,877823,14
2026-06-10 00:14:46,1,1,2622,627580,35,568
2026-06-10 00:14:46,1,2,2622,4043911506,35,2674557
2026-06-10 00:14:46,1,3,1327006942,1020,877823,14
2026-06-10 00:14:49,1,1,2622,627580,35,568
2026-06-10 00:14:49,1,2,2622,4043911506,35,2674557
2026-06-10 00:14:49,1,3,1327006942,1020,877823,14
2026-06-10 00:14:52,1,1,2622,627580,35,568
2026-06-10 00:14:52,1,2,2622,4043911506,35,2674557
2026-06-10 00:14:52,1,3,1327006942,1020,877823,14
2026-06-10 00:14:55,1,1,2622,627580,35,568
2026-06-10 00:14:55,1,2,2622,4043911506,35,2674557
2026-06-10 00:14:55,1,3,1327006942,1020,877823,14
2026-06-10 00:14:58,1,1,2622,627580,35,568
2026-06-10 00:14:58,1,2,2622,4043911506,35,2674557
2026-06-10 00:14:58,1,3,1327006942,1020,877823,14
2026-06-10 00:15:01,1,1,2622,627580,35,568
2026-06-10 00:15:01,1,2,2622,4043911506,35,2674557
2026-06-10 00:15:01,1,3,1327006942,1020,877823,14
2026-06-10 00:15:04,1,1,2622,627580,35,568
2026-06-10 00:15:04,1,2,2622,4043911506,35,2674557
2026-06-10 00:15:04,1,3,1327006942,1020,877823,14
2026-06-10 00:15:07,1,1,2622,627580,35,568
2026-06-10 00:15:07,1,2,2622,4043911506,35,2674557
2026-06-10 00:15:07,1,3,1327006942,1020,877823,14
2026-06-10 00:15:10,1,1,2622,627580,35,568
2026-06-10 00:15:10,1,2,2622,4043911506,35,2674557
2026-06-10 00:15:10,1,3,1327006942,1020,877823,14
2026-06-10 00:15:13,1,1,2622,627580,35,568
2026-06-10 00:15:13,1,2,2622,4043911506,35,2674557
2026-06-10 00:15:13,1,3,1327006942,1020,877823,14
2026-06-10 00:15:16,1,1,2622,627580,35,568
2026-06-10 00:15:16,1,2,2622,4043911506,35,2674557
2026-06-10 00:15:16,1,3,1327006942,1020,877823,14
2026-06-10 00:15:19,1,1,2622,627580,35,568
2026-06-10 00:15:19,1,2,2622,4043911506,35,2674557
2026-06-10 00:15:19,1,3,1327006942,1020,877823,14
2026-06-10 00:15:22,1,1,2622,627580,35,568
2026-06-10 00:15:22,1,2,2622,4043911506,35,2674557
2026-06-10 00:15:22,1,3,1327006942,1020,877823,14
2026-06-10 00:15:25,1,1,2622,627580,35,568
2026-06-10 00:15:25,1,2,2622,4043911506,35,2674557
2026-06-10 00:15:25,1,3,1327006942,1020,877823,14
2026-06-10 00:15:28,1,1,2622,627580,35,568
2026-06-10 00:15:28,1,2,2622,4043911506,35,2674557
2026-06-10 00:15:28,1,3,1327006942,1020,877823,14
2026-06-10 00:15:31,1,1,2622,627580,35,568
2026-06-10 00:15:31,1,2,2622,4043911506,35,2674557
2026-06-10 00:15:31,1,3,1327006942,1020,877823,14
2026-06-10 00:15:34,1,1,2622,627580,35,568
2026-06-10 00:15:34,1,2,2622,4043911506,35,2674557
2026-06-10 00:15:34,1,3,1327006942,1020,877823,14
2026-06-10 00:15:37,1,1,2622,627580,35,568
2026-06-10 00:15:37,1,2,2622,4043911506,35,2674557
2026-06-10 00:15:37,1,3,1327006942,1020,877823,14
2026-06-10 00:15:40,1,1,2622,627580,35,568
2026-06-10 00:15:40,1,2,2622,4043911506,35,2674557
2026-06-10 00:15:40,1,3,1327006942,1020,877823,14
2026-06-10 00:15:43,1,1,2622,627580,35,568
2026-06-10 00:15:43,1,2,2622,4043911506,35,2674557
2026-06-10 00:15:43,1,3,1327006942,1020,877823,14
2026-06-10 00:15:46,1,1,2622,627580,35,568
2026-06-10 00:15:46,1,2,2622,4043911506,35,2674557
2026-06-10 00:15:46,1,3,1327006942,1020,877823,14
2026-06-10 00:15:49,1,1,2622,627580,35,568
2026-06-10 00:15:49,1,2,2622,4043911506,35,2674557
2026-06-10 00:15:49,1,3,1327006942,1020,877823,14
2026-06-10 00:15:52,1,1,2622,627580,35,568
2026-06-10 00:15:52,1,2,2622,4043911506,35,2674557
2026-06-10 00:15:52,1,3,1327006942,1020,877823,14
2026-06-10 00:15:55,1,1,2622,627580,35,568
2026-06-10 00:15:55,1,2,2622,4043911506,35,2674557
2026-06-10 00:15:55,1,3,1327006942,1020,877823,14
2026-06-10 00:15:58,1,1,2622,627580,35,568
2026-06-10 00:15:58,1,2,2622,4043911506,35,2674557
2026-06-10 00:15:58,1,3,1327006942,1020,877823,14
2026-06-10 00:16:01,1,1,2692,627580,36,568
2026-06-10 00:16:01,1,2,2622,4043911506,35,2674557
2026-06-10 00:16:01,1,3,1327006942,1020,877823,14
2026-06-10 00:16:04,1,1,2692,627580,36,568
2026-06-10 00:16:04,1,2,2622,4043911506,35,2674557
2026-06-10 00:16:04,1,3,1327006942,1020,877823,14
2026-06-10 00:16:07,1,1,2692,627580,36,568
2026-06-10 00:16:07,1,2,2622,4043911506,35,2674557
2026-06-10 00:16:07,1,3,1327006942,1020,877823,14
2026-06-10 00:16:10,1,1,2692,627580,36,568
2026-06-10 00:16:10,1,2,2622,4043911506,35,2674557
2026-06-10 00:16:10,1,3,1327006942,1020,877823,14
2026-06-10 00:16:13,1,1,2692,627580,36,568
2026-06-10 00:16:13,1,2,2622,4043911506,35,2674557
2026-06-10 00:16:13,1,3,1327006942,1020,877823,14
2026-06-10 00:16:16,1,1,2692,627580,36,568
2026-06-10 00:16:16,1,2,2622,4043911506,35,2674557
2026-06-10 00:16:16,1,3,1327006942,1020,877823,14
2026-06-10 00:16:19,1,1,2692,627580,36,568
2026-06-10 00:16:19,1,2,2622,4043911506,35,2674557
2026-06-10 00:16:19,1,3,1327006942,1020,877823,14
2026-06-10 00:16:22,1,1,2692,627580,36,568
2026-06-10 00:16:22,1,2,2622,4043911506,35,2674557
2026-06-10 00:16:22,1,3,1327006942,1020,877823,14
2026-06-10 00:16:25,1,1,2762,627580,37,568
2026-06-10 00:16:25,1,2,2622,4043911576,35,2674558
2026-06-10 00:16:25,1,3,1327007012,1020,877824,14
2026-06-10 00:16:28,1,1,2762,627580,37,568
2026-06-10 00:16:28,1,2,2622,4043911576,35,2674558
2026-06-10 00:16:28,1,3,1327007012,1020,877824,14
2026-06-10 00:16:31,1,1,2762,627580,37,568
2026-06-10 00:16:31,1,2,2622,4043911576,35,2674558
2026-06-10 00:16:31,1,3,1327007012,1020,877824,14
2026-06-10 00:16:34,1,1,2762,627580,37,568
2026-06-10 00:16:34,1,2,2622,4043911576,35,2674558
2026-06-10 00:16:34,1,3,1327007012,1020,877824,14
2026-06-10 00:16:37,1,1,2762,627580,37,568
2026-06-10 00:16:37,1,2,2622,4043911576,35,2674558
2026-06-10 00:16:37,1,3,1327007012,1020,877824,14
2026-06-10 00:16:40,1,1,2762,627580,37,568
2026-06-10 00:16:40,1,2,2622,4043911576,35,2674558
2026-06-10 00:16:40,1,3,1327007012,1020,877824,14
2026-06-10 00:16:43,1,1,2762,627580,37,568
2026-06-10 00:16:43,1,2,2622,4043911576,35,2674558
2026-06-10 00:16:43,1,3,1327007012,1020,877824,14
2026-06-10 00:16:46,1,1,2762,627580,37,568
2026-06-10 00:16:46,1,2,2622,4043911576,35,2674558
2026-06-10 00:16:46,1,3,1327007012,1020,877824,14
2026-06-10 00:16:49,1,1,2762,627580,37,568
2026-06-10 00:16:49,1,2,2622,4043911576,35,2674558
2026-06-10 00:16:49,1,3,1327007012,1020,877824,14
2026-06-10 00:16:52,1,1,2762,627580,37,568
2026-06-10 00:16:52,1,2,2622,4043911576,35,2674558
2026-06-10 00:16:52,1,3,1327007012,1020,877824,14
2026-06-10 00:16:55,1,1,2762,627580,37,568
2026-06-10 00:16:55,1,2,2622,4043911576,35,2674558
2026-06-10 00:16:55,1,3,1327007012,1020,877824,14
2026-06-10 00:16:58,1,1,2762,627580,37,568
2026-06-10 00:16:58,1,2,2622,4043911576,35,2674558
2026-06-10 00:16:58,1,3,1327007012,1020,877824,14
2026-06-10 00:17:01,1,1,2762,627580,37,568
2026-06-10 00:17:01,1,2,2622,4043911576,35,2674558
2026-06-10 00:17:01,1,3,1327007012,1020,877824,14
2026-06-10 00:17:04,1,1,2762,627580,37,568
2026-06-10 00:17:04,1,2,2622,4043911576,35,2674558
2026-06-10 00:17:04,1,3,1327007012,1020,877824,14
2026-06-10 00:17:07,1,1,2762,627580,37,568
2026-06-10 00:17:07,1,2,2622,4043911576,35,2674558
2026-06-10 00:17:07,1,3,1327007012,1020,877824,14
2026-06-10 00:17:10,1,1,2762,627580,37,568
2026-06-10 00:17:10,1,2,2622,4043911576,35,2674558
2026-06-10 00:17:10,1,3,1327007012,1020,877824,14
2026-06-10 00:17:13,1,1,2762,627580,37,568
2026-06-10 00:17:13,1,2,2622,4043911576,35,2674558
2026-06-10 00:17:13,1,3,1327007012,1020,877824,14
2026-06-10 00:17:16,1,1,2762,627580,37,568
2026-06-10 00:17:16,1,2,2622,4043911576,35,2674558
2026-06-10 00:17:16,1,3,1327007012,1020,877824,14
2026-06-10 00:17:19,1,1,2762,627580,37,568
2026-06-10 00:17:19,1,2,2622,4043911576,35,2674558
2026-06-10 00:17:19,1,3,1327007012,1020,877824,14
2026-06-10 00:17:22,1,1,2762,627580,37,568
2026-06-10 00:17:22,1,2,2622,4043911576,35,2674558
2026-06-10 00:17:22,1,3,1327007012,1020,877824,14
2026-06-10 00:17:25,1,1,2762,627580,37,568
2026-06-10 00:17:25,1,2,2622,4043911576,35,2674558
2026-06-10 00:17:25,1,3,1327007012,1020,877824,14
2026-06-10 00:17:28,1,1,2762,627580,37,568
2026-06-10 00:17:28,1,2,2622,4043911576,35,2674558
2026-06-10 00:17:28,1,3,1327007012,1020,877824,14
2026-06-10 00:17:31,1,1,2762,627580,37,568
2026-06-10 00:17:31,1,2,2622,4043911576,35,2674558
2026-06-10 00:17:31,1,3,1327007012,1020,877824,14
2026-06-10 00:17:34,1,1,2762,627580,37,568
2026-06-10 00:17:34,1,2,2622,4043911576,35,2674558
2026-06-10 00:17:34,1,3,1327007012,1020,877824,14
2026-06-10 00:17:37,1,1,2762,627580,37,568
2026-06-10 00:17:37,1,2,2622,4043911576,35,2674558
2026-06-10 00:17:37,1,3,1327007012,1020,877824,14
2026-06-10 00:17:40,1,1,2762,627580,37,568
2026-06-10 00:17:40,1,2,2622,4043911576,35,2674558
2026-06-10 00:17:40,1,3,1327007012,1020,877824,14
2026-06-10 00:17:43,1,1,2762,627580,37,568
2026-06-10 00:17:43,1,2,2622,4043911576,35,2674558
2026-06-10 00:17:43,1,3,1327007012,1020,877824,14
2026-06-10 00:17:46,1,1,2762,627580,37,568
2026-06-10 00:17:46,1,2,2622,4043911576,35,2674558
2026-06-10 00:17:46,1,3,1327007012,1020,877824,14
2026-06-10 00:17:49,1,1,2762,627650,37,569
2026-06-10 00:17:49,1,2,2762,4043911576,37,2674558
2026-06-10 00:17:49,1,3,1327007082,1020,877825,14
2026-06-10 00:17:52,1,1,2762,627650,37,569
2026-06-10 00:17:52,1,2,2762,4043911576,37,2674558
2026-06-10 00:17:52,1,3,1327007082,1020,877825,14
2026-06-10 00:17:55,1,1,2762,627650,37,569
2026-06-10 00:17:55,1,2,2762,4043911576,37,2674558
2026-06-10 00:17:55,1,3,1327007082,1020,877825,14
2026-06-10 00:17:58,1,1,2762,627650,37,569
2026-06-10 00:17:58,1,2,2762,4043911576,37,2674558
2026-06-10 00:17:58,1,3,1327007082,1020,877825,14
2026-06-10 00:18:01,1,1,2762,627650,37,569
2026-06-10 00:18:01,1,2,2762,4043911576,37,2674558
2026-06-10 00:18:01,1,3,1327007082,1020,877825,14
2026-06-10 00:18:04,1,1,2762,627650,37,569
2026-06-10 00:18:04,1,2,2762,4043911576,37,2674558
2026-06-10 00:18:04,1,3,1327007082,1020,877825,14
2026-06-10 00:18:07,1,1,2762,627650,37,569
2026-06-10 00:18:07,1,2,2762,4043911576,37,2674558
2026-06-10 00:18:07,1,3,1327007082,1020,877825,14
2026-06-10 00:18:10,1,1,2762,627650,37,569
2026-06-10 00:18:10,1,2,2762,4043911576,37,2674558
2026-06-10 00:18:10,1,3,1327007082,1020,877825,14
2026-06-10 00:18:13,1,1,2762,627650,37,569
2026-06-10 00:18:13,1,2,2762,4043911576,37,2674558
2026-06-10 00:18:13,1,3,1327007082,1020,877825,14
2026-06-10 00:18:16,1,1,2762,627650,37,569
2026-06-10 00:18:16,1,2,2762,4043911576,37,2674558
2026-06-10 00:18:16,1,3,1327007082,1020,877825,14
2026-06-10 00:18:19,1,1,2762,627650,37,569
2026-06-10 00:18:19,1,2,2762,4043911576,37,2674558
2026-06-10 00:18:19,1,3,1327007082,1020,877825,14
2026-06-10 00:18:22,1,1,2762,627650,37,569
2026-06-10 00:18:22,1,2,2762,4043911576,37,2674558
2026-06-10 00:18:22,1,3,1327007082,1020,877825,14
2026-06-10 00:18:25,1,1,2762,627650,37,569
2026-06-10 00:18:25,1,2,2762,4043911576,37,2674558
2026-06-10 00:18:25,1,3,1327007082,1020,877825,14
2026-06-10 00:18:28,1,1,2762,627650,37,569
2026-06-10 00:18:28,1,2,2762,4043911576,37,2674558
2026-06-10 00:18:28,1,3,1327007082,1020,877825,14
2026-06-10 00:18:31,1,1,2762,627650,37,569
2026-06-10 00:18:31,1,2,2762,4043911576,37,2674558
2026-06-10 00:18:31,1,3,1327007082,1020,877825,14
2026-06-10 00:18:34,1,1,2762,627650,37,569
2026-06-10 00:18:34,1,2,2762,4043911576,37,2674558
2026-06-10 00:18:34,1,3,1327007082,1020,877825,14
2026-06-10 00:18:37,1,1,2762,627650,37,569
2026-06-10 00:18:37,1,2,2762,4043911576,37,2674558
2026-06-10 00:18:37,1,3,1327007082,1020,877825,14
2026-06-10 00:18:40,1,1,2762,627650,37,569
2026-06-10 00:18:40,1,2,2762,4043911576,37,2674558
2026-06-10 00:18:40,1,3,1327007082,1020,877825,14
2026-06-10 00:18:43,1,1,2762,627650,37,569
2026-06-10 00:18:43,1,2,2762,4043911576,37,2674558
2026-06-10 00:18:43,1,3,1327007082,1020,877825,14
2026-06-10 00:18:46,1,1,2762,627650,37,569
2026-06-10 00:18:46,1,2,2762,4043911576,37,2674558
2026-06-10 00:18:46,1,3,1327007082,1020,877825,14
2026-06-10 00:18:49,1,1,2762,627650,37,569
2026-06-10 00:18:49,1,2,2762,4043911576,37,2674558
2026-06-10 00:18:49,1,3,1327007082,1020,877825,14
2026-06-10 00:18:52,1,1,2762,627650,37,569
2026-06-10 00:18:52,1,2,2762,4043911576,37,2674558
2026-06-10 00:18:52,1,3,1327007082,1020,877825,14
2026-06-10 00:18:55,1,1,2832,627650,38,569
2026-06-10 00:18:55,1,2,2832,4043911576,38,2674558
2026-06-10 00:18:55,1,3,1327007152,1090,877826,15
2026-06-10 00:18:58,1,1,2832,627650,38,569
2026-06-10 00:18:58,1,2,2832,4043911576,38,2674558
2026-06-10 00:18:58,1,3,1327007152,1090,877826,15
2026-06-10 00:19:01,1,1,2832,627650,38,569
2026-06-10 00:19:01,1,2,2832,4043911576,38,2674558
2026-06-10 00:19:01,1,3,1327007152,1090,877826,15
2026-06-10 00:19:04,1,1,2832,627650,38,569
2026-06-10 00:19:04,1,2,2832,4043911576,38,2674558
2026-06-10 00:19:04,1,3,1327007152,1090,877826,15
2026-06-10 00:19:07,1,1,2832,627650,38,569
2026-06-10 00:19:07,1,2,2832,4043911576,38,2674558
2026-06-10 00:19:07,1,3,1327007152,1090,877826,15
2026-06-10 00:19:10,1,1,2832,627650,38,569
2026-06-10 00:19:10,1,2,2832,4043911576,38,2674558
2026-06-10 00:19:10,1,3,1327007152,1090,877826,15
2026-06-10 00:19:13,1,1,2832,627650,38,569
2026-06-10 00:19:13,1,2,2832,4043911576,38,2674558
2026-06-10 00:19:13,1,3,1327007152,1090,877826,15
2026-06-10 00:19:16,1,1,2832,627650,38,569
2026-06-10 00:19:16,1,2,2832,4043911576,38,2674558
2026-06-10 00:19:16,1,3,1327007152,1090,877826,15
2026-06-10 00:19:19,1,1,2832,627650,38,569
2026-06-10 00:19:19,1,2,2832,4043911576,38,2674558
2026-06-10 00:19:19,1,3,1327007152,1090,877826,15
2026-06-10 00:19:22,1,1,2832,627650,38,569
2026-06-10 00:19:22,1,2,2832,4043911576,38,2674558
2026-06-10 00:19:22,1,3,1327007152,1090,877826,15
2026-06-10 00:19:25,1,1,2832,627650,38,569
2026-06-10 00:19:25,1,2,2832,4043911576,38,2674558
2026-06-10 00:19:25,1,3,1327007152,1090,877826,15
2026-06-10 00:19:28,1,1,2832,627650,38,569
2026-06-10 00:19:28,1,2,2832,4043911576,38,2674558
2026-06-10 00:19:28,1,3,1327007152,1090,877826,15
2026-06-10 00:19:31,1,1,2832,627650,38,569
2026-06-10 00:19:31,1,2,2832,4043911576,38,2674558
2026-06-10 00:19:31,1,3,1327007152,1090,877826,15
2026-06-10 00:19:34,1,1,2832,627650,38,569
2026-06-10 00:19:34,1,2,2832,4043911576,38,2674558
2026-06-10 00:19:34,1,3,1327007152,1090,877826,15
2026-06-10 00:19:37,1,1,2832,627650,38,569
2026-06-10 00:19:37,1,2,2832,4043911576,38,2674558
2026-06-10 00:19:37,1,3,1327007152,1090,877826,15
2026-06-10 00:19:40,1,1,2832,627650,38,569
2026-06-10 00:19:40,1,2,2832,4043911576,38,2674558
2026-06-10 00:19:40,1,3,1327007152,1090,877826,15
2026-06-10 00:19:43,1,1,2832,627650,38,569
2026-06-10 00:19:43,1,2,2832,4043911576,38,2674558
2026-06-10 00:19:43,1,3,1327007152,1090,877826,15
2026-06-10 00:19:46,1,1,2832,627650,38,569
2026-06-10 00:19:46,1,2,2832,4043911576,38,2674558
2026-06-10 00:19:46,1,3,1327007152,1090,877826,15
2026-06-10 00:19:49,1,1,2832,627650,38,569
2026-06-10 00:19:49,1,2,2832,4043911576,38,2674558
2026-06-10 00:19:49,1,3,1327007152,1090,877826,15
2026-06-10 00:19:52,1,1,2832,627650,38,569
2026-06-10 00:19:52,1,2,2832,4043911576,38,2674558
2026-06-10 00:19:52,1,3,1327007152,1090,877826,15
2026-06-10 00:19:55,1,1,2832,627650,38,569
2026-06-10 00:19:55,1,2,2832,4043911576,38,2674558
2026-06-10 00:19:55,1,3,1327007152,1090,877826,15
2026-06-10 00:19:58,1,1,2832,627650,38,569
2026-06-10 00:19:58,1,2,2832,4043911576,38,2674558
2026-06-10 00:19:58,1,3,1327007152,1090,877826,15
2026-06-10 00:20:01,1,1,2832,627650,38,569
2026-06-10 00:20:01,1,2,2832,4043911576,38,2674558
2026-06-10 00:20:01,1,3,1327007152,1090,877826,15
2026-06-10 00:20:04,1,1,2832,627650,38,569
2026-06-10 00:20:04,1,2,2832,4043911576,38,2674558
2026-06-10 00:20:04,1,3,1327007152,1090,877826,15
2026-06-10 00:20:07,1,1,2832,627650,38,569
2026-06-10 00:20:07,1,2,2832,4043911576,38,2674558
2026-06-10 00:20:07,1,3,1327007152,1090,877826,15
2026-06-10 00:20:10,1,1,2832,627650,38,569
2026-06-10 00:20:10,1,2,2832,4043911576,38,2674558
2026-06-10 00:20:10,1,3,1327007152,1090,877826,15
2026-06-10 00:20:13,1,1,2832,627650,38,569
2026-06-10 00:20:13,1,2,2832,4043911576,38,2674558
2026-06-10 00:20:13,1,3,1327007152,1090,877826,15
2026-06-10 00:20:16,1,1,2832,627650,38,569
2026-06-10 00:20:16,1,2,2832,4043911576,38,2674558
2026-06-10 00:20:16,1,3,1327007152,1090,877826,15
2026-06-10 00:20:19,1,1,2832,627650,38,569
2026-06-10 00:20:19,1,2,2832,4043911576,38,2674558
2026-06-10 00:20:19,1,3,1327007152,1090,877826,15
2026-06-10 00:20:22,1,1,2832,627650,38,569
2026-06-10 00:20:22,1,2,2832,4043911576,38,2674558
2026-06-10 00:20:22,1,3,1327007152,1090,877826,15
2026-06-10 00:20:25,1,1,2832,627650,38,569
2026-06-10 00:20:25,1,2,2832,4043911576,38,2674558
2026-06-10 00:20:25,1,3,1327007152,1090,877826,15
2026-06-10 00:20:28,1,1,2832,627650,38,569
2026-06-10 00:20:28,1,2,2832,4043911576,38,2674558
2026-06-10 00:20:28,1,3,1327007152,1090,877826,15
2026-06-10 00:20:31,1,1,2832,627650,38,569
2026-06-10 00:20:31,1,2,2832,4043911576,38,2674558
2026-06-10 00:20:31,1,3,1327007152,1090,877826,15
2026-06-10 00:20:34,1,1,2832,627650,38,569
2026-06-10 00:20:34,1,2,2832,4043911576,38,2674558
2026-06-10 00:20:34,1,3,1327007152,1090,877826,15
2026-06-10 00:20:37,1,1,2832,627650,38,569
2026-06-10 00:20:37,1,2,2832,4043911576,38,2674558
2026-06-10 00:20:37,1,3,1327007152,1090,877826,15
2026-06-10 00:20:40,1,1,2832,627650,38,569
2026-06-10 00:20:40,1,2,2832,4043911576,38,2674558
2026-06-10 00:20:40,1,3,1327007152,1090,877826,15
2026-06-10 00:20:43,1,1,2832,627650,38,569
2026-06-10 00:20:43,1,2,2832,4043911576,38,2674558
2026-06-10 00:20:43,1,3,1327007152,1090,877826,15
2026-06-10 00:20:46,1,1,2832,627650,38,569
2026-06-10 00:20:46,1,2,2832,4043911576,38,2674558
2026-06-10 00:20:46,1,3,1327007152,1090,877826,15
2026-06-10 00:20:49,1,1,2832,627650,38,569
2026-06-10 00:20:49,1,2,2832,4043911576,38,2674558
2026-06-10 00:20:49,1,3,1327007152,1090,877826,15
2026-06-10 00:20:52,1,1,2832,627650,38,569
2026-06-10 00:20:52,1,2,2832,4043911576,38,2674558
2026-06-10 00:20:52,1,3,1327007152,1090,877826,15
2026-06-10 00:20:55,1,1,2832,627650,38,569
2026-06-10 00:20:55,1,2,2832,4043911576,38,2674558
2026-06-10 00:20:55,1,3,1327007152,1090,877826,15
2026-06-10 00:20:58,1,1,2832,627650,38,569
2026-06-10 00:20:58,1,2,2832,4043911576,38,2674558
2026-06-10 00:20:58,1,3,1327007152,1090,877826,15
2026-06-10 00:21:01,1,1,2832,627650,38,569
2026-06-10 00:21:01,1,2,2832,4043911576,38,2674558
2026-06-10 00:21:01,1,3,1327007152,1090,877826,15
2026-06-10 00:21:04,1,1,2832,627650,38,569
2026-06-10 00:21:04,1,2,2832,4043911576,38,2674558
2026-06-10 00:21:04,1,3,1327007152,1090,877826,15
2026-06-10 00:21:07,1,1,2832,627650,38,569
2026-06-10 00:21:07,1,2,2832,4043911576,38,2674558
2026-06-10 00:21:07,1,3,1327007152,1090,877826,15
2026-06-10 00:21:10,1,1,2832,627650,38,569
2026-06-10 00:21:10,1,2,2832,4043911576,38,2674558
2026-06-10 00:21:10,1,3,1327007152,1090,877826,15
2026-06-10 00:21:13,1,1,2832,627650,38,569
2026-06-10 00:21:13,1,2,2832,4043911576,38,2674558
2026-06-10 00:21:13,1,3,1327007152,1090,877826,15
2026-06-10 00:21:16,1,1,2832,627650,38,569
2026-06-10 00:21:16,1,2,2832,4043911576,38,2674558
2026-06-10 00:21:16,1,3,1327007152,1090,877826,15
2026-06-10 00:21:19,1,1,2832,627650,38,569
2026-06-10 00:21:19,1,2,2832,4043911576,38,2674558
2026-06-10 00:21:19,1,3,1327007152,1090,877826,15
2026-06-10 00:21:22,1,1,2832,627650,38,569
2026-06-10 00:21:22,1,2,2832,4043911576,38,2674558
2026-06-10 00:21:22,1,3,1327007152,1090,877826,15
2026-06-10 00:21:25,1,1,2832,627650,38,569
2026-06-10 00:21:25,1,2,2832,4043911576,38,2674558
2026-06-10 00:21:25,1,3,1327007152,1090,877826,15
2026-06-10 00:21:28,1,1,2832,627650,38,569
2026-06-10 00:21:28,1,2,2832,4043911576,38,2674558
2026-06-10 00:21:28,1,3,1327007152,1090,877826,15
2026-06-10 00:21:31,1,1,2832,627650,38,569
2026-06-10 00:21:31,1,2,2832,4043911576,38,2674558
2026-06-10 00:21:31,1,3,1327007152,1090,877826,15
2026-06-10 00:21:34,1,1,2832,627650,38,569
2026-06-10 00:21:34,1,2,2832,4043911576,38,2674558
2026-06-10 00:21:34,1,3,1327007152,1090,877826,15
2026-06-10 00:21:37,1,1,2832,627650,38,569
2026-06-10 00:21:37,1,2,2832,4043911576,38,2674558
2026-06-10 00:21:37,1,3,1327007152,1090,877826,15
2026-06-10 00:21:40,1,1,2832,627650,38,569
2026-06-10 00:21:40,1,2,2832,4043911576,38,2674558
2026-06-10 00:21:40,1,3,1327007152,1090,877826,15
2026-06-10 00:21:43,1,1,2832,627650,38,569
2026-06-10 00:21:43,1,2,2832,4043911576,38,2674558
2026-06-10 00:21:43,1,3,1327007152,1090,877826,15
2026-06-10 00:21:46,1,1,2832,627650,38,569
2026-06-10 00:21:46,1,2,2832,4043911576,38,2674558
2026-06-10 00:21:46,1,3,1327007152,1090,877826,15
2026-06-10 00:21:49,1,1,2832,627650,38,569
2026-06-10 00:21:49,1,2,2832,4043911576,38,2674558
2026-06-10 00:21:49,1,3,1327007152,1090,877826,15
2026-06-10 00:21:52,1,1,2832,627650,38,569
2026-06-10 00:21:52,1,2,2832,4043911576,38,2674558
2026-06-10 00:21:52,1,3,1327007152,1090,877826,15
2026-06-10 00:21:55,1,1,2832,627650,38,569
2026-06-10 00:21:55,1,2,2832,4043911576,38,2674558
2026-06-10 00:21:55,1,3,1327007152,1090,877826,15
2026-06-10 00:21:58,1,1,2832,627650,38,569
2026-06-10 00:21:58,1,2,2832,4043911576,38,2674558
2026-06-10 00:21:58,1,3,1327007152,1090,877826,15
2026-06-10 00:22:01,1,1,2832,627650,38,569
2026-06-10 00:22:01,1,2,2832,4043911576,38,2674558
2026-06-10 00:22:01,1,3,1327007152,1090,877826,15
2026-06-10 00:22:04,1,1,2832,627650,38,569
2026-06-10 00:22:04,1,2,2832,4043911576,38,2674558
2026-06-10 00:22:04,1,3,1327007152,1090,877826,15
2026-06-10 00:22:07,1,1,2832,627650,38,569
2026-06-10 00:22:07,1,2,2832,4043911576,38,2674558
2026-06-10 00:22:07,1,3,1327007152,1090,877826,15
2026-06-10 00:22:10,1,1,2832,627650,38,569
2026-06-10 00:22:10,1,2,2832,4043911576,38,2674558
2026-06-10 00:22:10,1,3,1327007152,1090,877826,15
2026-06-10 00:22:13,1,1,2832,627650,38,569
2026-06-10 00:22:13,1,2,2832,4043911576,38,2674558
2026-06-10 00:22:13,1,3,1327007152,1090,877826,15
2026-06-10 00:22:16,1,1,2832,627650,38,569
2026-06-10 00:22:16,1,2,2832,4043911576,38,2674558
2026-06-10 00:22:16,1,3,1327007152,1090,877826,15
2026-06-10 00:22:19,1,1,2832,627650,38,569
2026-06-10 00:22:19,1,2,2832,4043911576,38,2674558
2026-06-10 00:22:19,1,3,1327007152,1090,877826,15
2026-06-10 00:22:22,1,1,2832,627650,38,569
2026-06-10 00:22:22,1,2,2832,4043911576,38,2674558
2026-06-10 00:22:22,1,3,1327007152,1090,877826,15
2026-06-10 00:22:25,1,1,2832,627650,38,569
2026-06-10 00:22:25,1,2,2832,4043911576,38,2674558
2026-06-10 00:22:25,1,3,1327007152,1090,877826,15
2026-06-10 00:22:28,1,1,2832,627650,38,569
2026-06-10 00:22:28,1,2,2832,4043911576,38,2674558
2026-06-10 00:22:28,1,3,1327007152,1090,877826,15
2026-06-10 00:22:31,1,1,2832,627650,38,569
2026-06-10 00:22:31,1,2,2832,4043911576,38,2674558
2026-06-10 00:22:31,1,3,1327007152,1090,877826,15
2026-06-10 00:22:34,1,1,2832,627650,38,569
2026-06-10 00:22:34,1,2,2832,4043911576,38,2674558
2026-06-10 00:22:34,1,3,1327007152,1090,877826,15
2026-06-10 00:22:37,1,1,2832,627650,38,569
2026-06-10 00:22:37,1,2,2832,4043911576,38,2674558
2026-06-10 00:22:37,1,3,1327007152,1090,877826,15
2026-06-10 00:22:40,1,1,2832,627650,38,569
2026-06-10 00:22:40,1,2,2832,4043911576,38,2674558
2026-06-10 00:22:40,1,3,1327007152,1090,877826,15
2026-06-10 00:22:43,1,1,2832,627650,38,569
2026-06-10 00:22:43,1,2,2832,4043911576,38,2674558
2026-06-10 00:22:43,1,3,1327007152,1090,877826,15
2026-06-10 00:22:46,1,1,2832,627650,38,569
2026-06-10 00:22:46,1,2,2832,4043911576,38,2674558
2026-06-10 00:22:46,1,3,1327007152,1090,877826,15
2026-06-10 00:22:49,1,1,2832,627650,38,569
2026-06-10 00:22:49,1,2,2832,4043911576,38,2674558
2026-06-10 00:22:49,1,3,1327007152,1090,877826,15
2026-06-10 00:22:52,1,1,2832,627650,38,569
2026-06-10 00:22:52,1,2,2832,4043911576,38,2674558
2026-06-10 00:22:52,1,3,1327007152,1090,877826,15
2026-06-10 00:22:55,1,1,2832,627650,38,569
2026-06-10 00:22:55,1,2,2832,4043911576,38,2674558
2026-06-10 00:22:55,1,3,1327007152,1090,877826,15
2026-06-10 00:22:58,1,1,2832,627650,38,569
2026-06-10 00:22:58,1,2,2832,4043911576,38,2674558
2026-06-10 00:22:58,1,3,1327007152,1090,877826,15
2026-06-10 00:23:01,1,1,2832,627650,38,569
2026-06-10 00:23:01,1,2,2832,4043911576,38,2674558
2026-06-10 00:23:01,1,3,1327007152,1090,877826,15
2026-06-10 00:23:04,1,1,2832,627650,38,569
2026-06-10 00:23:04,1,2,2832,4043911576,38,2674558
2026-06-10 00:23:04,1,3,1327007152,1090,877826,15
2026-06-10 00:23:07,1,1,2832,627650,38,569
2026-06-10 00:23:07,1,2,2832,4043911576,38,2674558
2026-06-10 00:23:07,1,3,1327007152,1090,877826,15
2026-06-10 00:23:10,1,1,2832,627650,38,569
2026-06-10 00:23:10,1,2,2832,4043911576,38,2674558
2026-06-10 00:23:10,1,3,1327007152,1090,877826,15
2026-06-10 00:23:13,1,1,2832,627650,38,569
2026-06-10 00:23:13,1,2,2832,4043911576,38,2674558
2026-06-10 00:23:13,1,3,1327007152,1090,877826,15
2026-06-10 00:23:16,1,1,2902,627650,39,569
2026-06-10 00:23:16,1,2,2832,4043911576,38,2674558
2026-06-10 00:23:16,1,3,1327007152,1090,877826,15
2026-06-10 00:23:19,1,1,2902,627650,39,569
2026-06-10 00:23:19,1,2,2832,4043911576,38,2674558
2026-06-10 00:23:19,1,3,1327007152,1090,877826,15
2026-06-10 00:23:22,1,1,2902,627650,39,569
2026-06-10 00:23:22,1,2,2832,4043911576,38,2674558
2026-06-10 00:23:22,1,3,1327007152,1090,877826,15
2026-06-10 00:23:25,1,1,2902,627650,39,569
2026-06-10 00:23:25,1,2,2832,4043911576,38,2674558
2026-06-10 00:23:25,1,3,1327007152,1090,877826,15
2026-06-10 00:23:28,1,1,2902,627650,39,569
2026-06-10 00:23:28,1,2,2832,4043911576,38,2674558
2026-06-10 00:23:28,1,3,1327007152,1090,877826,15
2026-06-10 00:23:31,1,1,2902,627650,39,569
2026-06-10 00:23:31,1,2,2832,4043911576,38,2674558
2026-06-10 00:23:31,1,3,1327007152,1090,877826,15
2026-06-10 00:23:34,1,1,2902,627650,39,569
2026-06-10 00:23:34,1,2,2832,4043911576,38,2674558
2026-06-10 00:23:34,1,3,1327007152,1090,877826,15
2026-06-10 00:23:37,1,1,2902,627650,39,569
2026-06-10 00:23:37,1,2,2832,4043911576,38,2674558
2026-06-10 00:23:37,1,3,1327007152,1090,877826,15
2026-06-10 00:23:40,1,1,2902,627650,39,569
2026-06-10 00:23:40,1,2,2832,4043911576,38,2674558
2026-06-10 00:23:40,1,3,1327007152,1090,877826,15
2026-06-10 00:23:43,1,1,2902,627650,39,569
2026-06-10 00:23:43,1,2,2832,4043911576,38,2674558
2026-06-10 00:23:43,1,3,1327007152,1090,877826,15
2026-06-10 00:23:46,1,1,2902,627650,39,569
2026-06-10 00:23:46,1,2,2832,4043911576,38,2674558
2026-06-10 00:23:46,1,3,1327007152,1090,877826,15
2026-06-10 00:23:49,1,1,2902,627650,39,569
2026-06-10 00:23:49,1,2,2832,4043911576,38,2674558
2026-06-10 00:23:49,1,3,1327007152,1090,877826,15
2026-06-10 00:23:52,1,1,2902,627650,39,569
2026-06-10 00:23:52,1,2,2832,4043911576,38,2674558
2026-06-10 00:23:52,1,3,1327007152,1090,877826,15
2026-06-10 00:23:55,1,1,2902,627650,39,569
2026-06-10 00:23:55,1,2,2832,4043911576,38,2674558
2026-06-10 00:23:55,1,3,1327007152,1090,877826,15
2026-06-10 00:23:58,1,1,2902,627650,39,569
2026-06-10 00:23:58,1,2,2832,4043911576,38,2674558
2026-06-10 00:23:58,1,3,1327007152,1090,877826,15
2026-06-10 00:24:01,1,1,2902,627650,39,569
2026-06-10 00:24:01,1,2,2832,4043911576,38,2674558
2026-06-10 00:24:01,1,3,1327007152,1090,877826,15
2026-06-10 00:24:04,1,1,2902,627650,39,569
2026-06-10 00:24:04,1,2,2832,4043911576,38,2674558
2026-06-10 00:24:04,1,3,1327007152,1090,877826,15
2026-06-10 00:24:07,1,1,2902,627650,39,569
2026-06-10 00:24:07,1,2,2832,4043911576,38,2674558
2026-06-10 00:24:07,1,3,1327007152,1090,877826,15
2026-06-10 00:24:10,1,1,2902,627650,39,569
2026-06-10 00:24:10,1,2,2832,4043911576,38,2674558
2026-06-10 00:24:10,1,3,1327007152,1090,877826,15
2026-06-10 00:24:13,1,1,2902,627650,39,569
2026-06-10 00:24:13,1,2,2832,4043911576,38,2674558
2026-06-10 00:24:13,1,3,1327007152,1090,877826,15
2026-06-10 00:24:16,1,1,2902,627650,39,569
2026-06-10 00:24:16,1,2,2832,4043911576,38,2674558
2026-06-10 00:24:16,1,3,1327007152,1090,877826,15
2026-06-10 00:24:19,1,1,2902,627650,39,569
2026-06-10 00:24:19,1,2,2832,4043911576,38,2674558
2026-06-10 00:24:19,1,3,1327007152,1090,877826,15
2026-06-10 00:24:22,1,1,2972,627650,40,569
2026-06-10 00:24:22,1,2,2832,4043911646,38,2674559
2026-06-10 00:24:22,1,3,1327007222,1090,877827,15
2026-06-10 00:24:25,1,1,2972,627650,40,569
2026-06-10 00:24:25,1,2,2832,4043911646,38,2674559
2026-06-10 00:24:25,1,3,1327007222,1090,877827,15
2026-06-10 00:24:28,1,1,2972,627650,40,569
2026-06-10 00:24:28,1,2,2832,4043911646,38,2674559
2026-06-10 00:24:28,1,3,1327007222,1090,877827,15
2026-06-10 00:24:31,1,1,2972,627650,40,569
2026-06-10 00:24:31,1,2,2832,4043911646,38,2674559
2026-06-10 00:24:31,1,3,1327007222,1090,877827,15
2026-06-10 00:24:34,1,1,2972,627650,40,569
2026-06-10 00:24:34,1,2,2832,4043911646,38,2674559
2026-06-10 00:24:34,1,3,1327007222,1090,877827,15
2026-06-10 00:24:37,1,1,2972,627650,40,569
2026-06-10 00:24:37,1,2,2832,4043911646,38,2674559
2026-06-10 00:24:37,1,3,1327007222,1090,877827,15
2026-06-10 00:24:40,1,1,2972,627650,40,569
2026-06-10 00:24:40,1,2,2832,4043911646,38,2674559
2026-06-10 00:24:40,1,3,1327007222,1090,877827,15
2026-06-10 00:24:43,1,1,2972,627650,40,569
2026-06-10 00:24:43,1,2,2832,4043911646,38,2674559
2026-06-10 00:24:43,1,3,1327007222,1090,877827,15
2026-06-10 00:24:46,1,1,2972,627650,40,569
2026-06-10 00:24:46,1,2,2832,4043911646,38,2674559
2026-06-10 00:24:46,1,3,1327007222,1090,877827,15
2026-06-10 00:24:49,1,1,2972,627650,40,569
2026-06-10 00:24:49,1,2,2832,4043911646,38,2674559
2026-06-10 00:24:49,1,3,1327007222,1090,877827,15
2026-06-10 00:24:52,1,1,2972,627650,40,569
2026-06-10 00:24:52,1,2,2832,4043911646,38,2674559
2026-06-10 00:24:52,1,3,1327007222,1090,877827,15
2026-06-10 00:24:55,1,1,2972,627650,40,569
2026-06-10 00:24:55,1,2,2832,4043911646,38,2674559
2026-06-10 00:24:55,1,3,1327007222,1090,877827,15
2026-06-10 00:24:58,1,1,2972,627650,40,569
2026-06-10 00:24:58,1,2,2832,4043911646,38,2674559
2026-06-10 00:24:58,1,3,1327007222,1090,877827,15
2026-06-10 00:25:01,1,1,2972,627650,40,569
2026-06-10 00:25:01,1,2,2832,4043911646,38,2674559
2026-06-10 00:25:01,1,3,1327007222,1090,877827,15
2026-06-10 00:25:04,1,1,2972,627650,40,569
2026-06-10 00:25:04,1,2,2832,4043911646,38,2674559
2026-06-10 00:25:04,1,3,1327007222,1090,877827,15
2026-06-10 00:25:07,1,1,2972,627650,40,569
2026-06-10 00:25:07,1,2,2832,4043911646,38,2674559
2026-06-10 00:25:07,1,3,1327007222,1090,877827,15
2026-06-10 00:25:10,1,1,2972,627650,40,569
2026-06-10 00:25:10,1,2,2832,4043911646,38,2674559
2026-06-10 00:25:10,1,3,1327007222,1090,877827,15
2026-06-10 00:25:13,1,1,2972,627650,40,569
2026-06-10 00:25:13,1,2,2832,4043911646,38,2674559
2026-06-10 00:25:13,1,3,1327007222,1090,877827,15
2026-06-10 00:25:16,1,1,2972,627650,40,569
2026-06-10 00:25:16,1,2,2832,4043911646,38,2674559
2026-06-10 00:25:16,1,3,1327007222,1090,877827,15
2026-06-10 00:25:19,1,1,2972,627650,40,569
2026-06-10 00:25:19,1,2,2832,4043911646,38,2674559
2026-06-10 00:25:19,1,3,1327007222,1090,877827,15
2026-06-10 00:25:22,1,1,2972,627650,40,569
2026-06-10 00:25:22,1,2,2832,4043911646,38,2674559
2026-06-10 00:25:22,1,3,1327007222,1090,877827,15
2026-06-10 00:25:25,1,1,2972,627650,40,569
2026-06-10 00:25:25,1,2,2832,4043911646,38,2674559
2026-06-10 00:25:25,1,3,1327007222,1090,877827,15
2026-06-10 00:25:28,1,1,2972,627650,40,569
2026-06-10 00:25:28,1,2,2832,4043911646,38,2674559
2026-06-10 00:25:28,1,3,1327007222,1090,877827,15
2026-06-10 00:25:31,1,1,2972,627650,40,569
2026-06-10 00:25:31,1,2,2832,4043911646,38,2674559
2026-06-10 00:25:31,1,3,1327007222,1090,877827,15
2026-06-10 00:25:34,1,1,2972,627650,40,569
2026-06-10 00:25:34,1,2,2832,4043911646,38,2674559
2026-06-10 00:25:34,1,3,1327007222,1090,877827,15
2026-06-10 00:25:37,1,1,2972,627650,40,569
2026-06-10 00:25:37,1,2,2832,4043911646,38,2674559
2026-06-10 00:25:37,1,3,1327007222,1090,877827,15
2026-06-10 00:25:40,1,1,2972,627650,40,569
2026-06-10 00:25:40,1,2,2832,4043911646,38,2674559
2026-06-10 00:25:40,1,3,1327007222,1090,877827,15
2026-06-10 00:25:43,1,1,2972,627650,40,569
2026-06-10 00:25:43,1,2,2832,4043911646,38,2674559
2026-06-10 00:25:43,1,3,1327007222,1090,877827,15
2026-06-10 00:25:46,1,1,2972,627650,40,569
2026-06-10 00:25:46,1,2,2832,4043911646,38,2674559
2026-06-10 00:25:46,1,3,1327007222,1090,877827,15
2026-06-10 00:25:49,1,1,2972,627650,40,569
2026-06-10 00:25:49,1,2,2832,4043911646,38,2674559
2026-06-10 00:25:49,1,3,1327007222,1090,877827,15
2026-06-10 00:25:52,1,1,2972,627650,40,569
2026-06-10 00:25:52,1,2,2832,4043911646,38,2674559
2026-06-10 00:25:52,1,3,1327007222,1090,877827,15
2026-06-10 00:25:55,1,1,2972,627650,40,569
2026-06-10 00:25:55,1,2,2832,4043911646,38,2674559
2026-06-10 00:25:55,1,3,1327007222,1090,877827,15
2026-06-10 00:25:58,1,1,2972,627650,40,569
2026-06-10 00:25:58,1,2,2832,4043911646,38,2674559
2026-06-10 00:25:58,1,3,1327007222,1090,877827,15
2026-06-10 00:26:01,1,1,2972,627650,40,569
2026-06-10 00:26:01,1,2,2832,4043911646,38,2674559
2026-06-10 00:26:01,1,3,1327007222,1090,877827,15
2026-06-10 00:26:04,1,1,2972,627650,40,569
2026-06-10 00:26:04,1,2,2832,4043911646,38,2674559
2026-06-10 00:26:04,1,3,1327007222,1090,877827,15
2026-06-10 00:26:07,1,1,2972,627650,40,569
2026-06-10 00:26:07,1,2,2832,4043911646,38,2674559
2026-06-10 00:26:07,1,3,1327007222,1090,877827,15
2026-06-10 00:26:11,1,1,2972,627650,40,569
2026-06-10 00:26:11,1,2,2832,4043911646,38,2674559
2026-06-10 00:26:11,1,3,1327007222,1090,877827,15
2026-06-10 00:26:14,1,1,2972,627650,40,569
2026-06-10 00:26:14,1,2,2832,4043911646,38,2674559
2026-06-10 00:26:14,1,3,1327007222,1090,877827,15
2026-06-10 00:26:17,1,1,2972,627650,40,569
2026-06-10 00:26:17,1,2,2832,4043911646,38,2674559
2026-06-10 00:26:17,1,3,1327007222,1090,877827,15
2026-06-10 00:26:20,1,1,2972,627650,40,569
2026-06-10 00:26:20,1,2,2832,4043911646,38,2674559
2026-06-10 00:26:20,1,3,1327007222,1090,877827,15
2026-06-10 00:26:23,1,1,2972,627650,40,569
2026-06-10 00:26:23,1,2,2832,4043911646,38,2674559
2026-06-10 00:26:23,1,3,1327007222,1090,877827,15
2026-06-10 00:26:26,1,1,2972,627650,40,569
2026-06-10 00:26:26,1,2,2832,4043911646,38,2674559
2026-06-10 00:26:26,1,3,1327007222,1090,877827,15
2026-06-10 00:26:29,1,1,2972,627650,40,569
2026-06-10 00:26:29,1,2,2832,4043911646,38,2674559
2026-06-10 00:26:29,1,3,1327007222,1090,877827,15
2026-06-10 00:26:32,1,1,2972,627650,40,569
2026-06-10 00:26:32,1,2,2832,4043911646,38,2674559
2026-06-10 00:26:32,1,3,1327007222,1090,877827,15
2026-06-10 00:26:35,1,1,2972,627650,40,569
2026-06-10 00:26:35,1,2,2832,4043911646,38,2674559
2026-06-10 00:26:35,1,3,1327007222,1090,877827,15
2026-06-10 00:26:38,1,1,2972,627650,40,569
2026-06-10 00:26:38,1,2,2832,4043911646,38,2674559
2026-06-10 00:26:38,1,3,1327007222,1090,877827,15
2026-06-10 00:26:41,1,1,2972,627650,40,569
2026-06-10 00:26:41,1,2,2832,4043911646,38,2674559
2026-06-10 00:26:41,1,3,1327007222,1090,877827,15
2026-06-10 00:26:44,1,1,2972,627650,40,569
2026-06-10 00:26:44,1,2,2832,4043911646,38,2674559
2026-06-10 00:26:44,1,3,1327007222,1090,877827,15
2026-06-10 00:26:47,1,1,2972,627650,40,569
2026-06-10 00:26:47,1,2,2832,4043911646,38,2674559
2026-06-10 00:26:47,1,3,1327007222,1090,877827,15
2026-06-10 00:26:50,1,1,2972,627650,40,569
2026-06-10 00:26:50,1,2,2832,4043911646,38,2674559
2026-06-10 00:26:50,1,3,1327007222,1090,877827,15
2026-06-10 00:26:53,1,1,2972,627650,40,569
2026-06-10 00:26:53,1,2,2832,4043911646,38,2674559
2026-06-10 00:26:53,1,3,1327007222,1090,877827,15
2026-06-10 00:26:56,1,1,2972,627650,40,569
2026-06-10 00:26:56,1,2,2832,4043911646,38,2674559
2026-06-10 00:26:56,1,3,1327007222,1090,877827,15
2026-06-10 00:26:59,1,1,2972,627650,40,569
2026-06-10 00:26:59,1,2,2832,4043911646,38,2674559
2026-06-10 00:26:59,1,3,1327007222,1090,877827,15
2026-06-10 00:27:02,1,1,2972,627650,40,569
2026-06-10 00:27:02,1,2,2832,4043911646,38,2674559
2026-06-10 00:27:02,1,3,1327007222,1090,877827,15
2026-06-10 00:27:05,1,1,2972,627650,40,569
2026-06-10 00:27:05,1,2,2832,4043911646,38,2674559
2026-06-10 00:27:05,1,3,1327007222,1090,877827,15
2026-06-10 00:27:08,1,1,2972,627650,40,569
2026-06-10 00:27:08,1,2,2902,4043911646,39,2674559
2026-06-10 00:27:08,1,3,1327007222,1090,877827,15
2026-06-10 00:27:11,1,1,2972,627650,40,569
2026-06-10 00:27:11,1,2,2902,4043911646,39,2674559
2026-06-10 00:27:11,1,3,1327007222,1090,877827,15
2026-06-10 00:27:14,1,1,2972,627650,40,569
2026-06-10 00:27:14,1,2,2902,4043911646,39,2674559
2026-06-10 00:27:14,1,3,1327007222,1090,877827,15
2026-06-10 00:27:17,1,1,2972,627650,40,569
2026-06-10 00:27:17,1,2,2902,4043911646,39,2674559
2026-06-10 00:27:17,1,3,1327007222,1090,877827,15
2026-06-10 00:27:20,1,1,2972,627650,40,569
2026-06-10 00:27:20,1,2,2902,4043911646,39,2674559
2026-06-10 00:27:20,1,3,1327007222,1090,877827,15
2026-06-10 00:27:23,1,1,2972,627650,40,569
2026-06-10 00:27:23,1,2,2902,4043911646,39,2674559
2026-06-10 00:27:23,1,3,1327007222,1090,877827,15
2026-06-10 00:27:26,1,1,2972,627650,40,569
2026-06-10 00:27:26,1,2,2902,4043911646,39,2674559
2026-06-10 00:27:26,1,3,1327007222,1090,877827,15
2026-06-10 00:27:29,1,1,2972,627650,40,569
2026-06-10 00:27:29,1,2,2902,4043911646,39,2674559
2026-06-10 00:27:29,1,3,1327007222,1090,877827,15
2026-06-10 00:27:32,1,1,2972,627650,40,569
2026-06-10 00:27:32,1,2,2902,4043911646,39,2674559
2026-06-10 00:27:32,1,3,1327007222,1090,877827,15
2026-06-10 00:27:35,1,1,2972,627650,40,569
2026-06-10 00:27:35,1,2,2902,4043911646,39,2674559
2026-06-10 00:27:35,1,3,1327007222,1090,877827,15
2026-06-10 00:27:38,1,1,2972,627650,40,569
2026-06-10 00:27:38,1,2,2902,4043911646,39,2674559
2026-06-10 00:27:38,1,3,1327007222,1090,877827,15
2026-06-10 00:27:41,1,1,2972,627720,40,570
2026-06-10 00:27:41,1,2,2972,4043911646,40,2674559
2026-06-10 00:27:41,1,3,1327007292,1090,877828,15
2026-06-10 00:27:44,1,1,2972,627720,40,570
2026-06-10 00:27:44,1,2,2972,4043911646,40,2674559
2026-06-10 00:27:44,1,3,1327007292,1090,877828,15
2026-06-10 00:27:47,1,1,2972,627720,40,570
2026-06-10 00:27:47,1,2,2972,4043911646,40,2674559
2026-06-10 00:27:47,1,3,1327007292,1090,877828,15
2026-06-10 00:27:50,1,1,2972,627720,40,570
2026-06-10 00:27:50,1,2,2972,4043911646,40,2674559
2026-06-10 00:27:50,1,3,1327007292,1090,877828,15
2026-06-10 00:27:53,1,1,2972,627720,40,570
2026-06-10 00:27:53,1,2,2972,4043911646,40,2674559
2026-06-10 00:27:53,1,3,1327007292,1090,877828,15
2026-06-10 00:27:56,1,1,2972,627720,40,570
2026-06-10 00:27:56,1,2,2972,4043911646,40,2674559
2026-06-10 00:27:56,1,3,1327007292,1090,877828,15
2026-06-10 00:27:59,1,1,2972,627720,40,570
2026-06-10 00:27:59,1,2,2972,4043911646,40,2674559
2026-06-10 00:27:59,1,3,1327007292,1090,877828,15
2026-06-10 00:28:02,1,1,2972,627720,40,570
2026-06-10 00:28:02,1,2,2972,4043911646,40,2674559
2026-06-10 00:28:02,1,3,1327007292,1090,877828,15
2026-06-10 00:28:05,1,1,2972,627720,40,570
2026-06-10 00:28:05,1,2,2972,4043911646,40,2674559
2026-06-10 00:28:05,1,3,1327007292,1090,877828,15
2026-06-10 00:28:08,1,1,2972,627720,40,570
2026-06-10 00:28:08,1,2,2972,4043911646,40,2674559
2026-06-10 00:28:08,1,3,1327007292,1090,877828,15
2026-06-10 00:28:11,1,1,2972,627720,40,570
2026-06-10 00:28:11,1,2,2972,4043911646,40,2674559
2026-06-10 00:28:11,1,3,1327007292,1090,877828,15
2026-06-10 00:28:14,1,1,2972,627720,40,570
2026-06-10 00:28:14,1,2,2972,4043911646,40,2674559
2026-06-10 00:28:14,1,3,1327007292,1090,877828,15
2026-06-10 00:28:17,1,1,2972,627720,40,570
2026-06-10 00:28:17,1,2,2972,4043911646,40,2674559
2026-06-10 00:28:17,1,3,1327007292,1090,877828,15
2026-06-10 00:28:20,1,1,2972,627720,40,570
2026-06-10 00:28:20,1,2,2972,4043911646,40,2674559
2026-06-10 00:28:20,1,3,1327007292,1090,877828,15
2026-06-10 00:28:23,1,1,2972,627720,40,570
2026-06-10 00:28:23,1,2,2972,4043911646,40,2674559
2026-06-10 00:28:23,1,3,1327007292,1090,877828,15
2026-06-10 00:28:26,1,1,2972,627720,40,570
2026-06-10 00:28:26,1,2,2972,4043911646,40,2674559
2026-06-10 00:28:26,1,3,1327007292,1090,877828,15
2026-06-10 00:28:29,1,1,2972,627720,40,570
2026-06-10 00:28:29,1,2,2972,4043911646,40,2674559
2026-06-10 00:28:29,1,3,1327007292,1090,877828,15
2026-06-10 00:28:32,1,1,2972,627720,40,570
2026-06-10 00:28:32,1,2,2972,4043911646,40,2674559
2026-06-10 00:28:32,1,3,1327007292,1090,877828,15
2026-06-10 00:28:35,1,1,2972,627720,40,570
2026-06-10 00:28:35,1,2,2972,4043911646,40,2674559
2026-06-10 00:28:35,1,3,1327007292,1090,877828,15
2026-06-10 00:28:38,1,1,2972,627720,40,570
2026-06-10 00:28:38,1,2,2972,4043911646,40,2674559
2026-06-10 00:28:38,1,3,1327007292,1090,877828,15
2026-06-10 00:28:41,1,1,2972,627720,40,570
2026-06-10 00:28:41,1,2,2972,4043911646,40,2674559
2026-06-10 00:28:41,1,3,1327007292,1090,877828,15
2026-06-10 00:28:44,1,1,2972,627720,40,570
2026-06-10 00:28:44,1,2,2972,4043911646,40,2674559
2026-06-10 00:28:44,1,3,1327007292,1090,877828,15
2026-06-10 00:28:47,1,1,2972,627720,40,570
2026-06-10 00:28:47,1,2,2972,4043911646,40,2674559
2026-06-10 00:28:47,1,3,1327007292,1090,877828,15
2026-06-10 00:28:50,1,1,2972,627720,40,570
2026-06-10 00:28:50,1,2,2972,4043911646,40,2674559
2026-06-10 00:28:50,1,3,1327007292,1090,877828,15
2026-06-10 00:28:53,1,1,2972,627720,40,570
2026-06-10 00:28:53,1,2,2972,4043911646,40,2674559
2026-06-10 00:28:53,1,3,1327007292,1090,877828,15
2026-06-10 00:28:56,1,1,2972,627720,40,570
2026-06-10 00:28:56,1,2,2972,4043911646,40,2674559
2026-06-10 00:28:56,1,3,1327007292,1090,877828,15
2026-06-10 00:28:59,1,1,2972,627720,40,570
2026-06-10 00:28:59,1,2,2972,4043911646,40,2674559
2026-06-10 00:28:59,1,3,1327007292,1090,877828,15
2026-06-10 00:29:02,1,1,2972,627720,40,570
2026-06-10 00:29:02,1,2,2972,4043911646,40,2674559
2026-06-10 00:29:02,1,3,1327007292,1090,877828,15
2026-06-10 00:29:05,1,1,2972,627720,40,570
2026-06-10 00:29:05,1,2,2972,4043911646,40,2674559
2026-06-10 00:29:05,1,3,1327007292,1090,877828,15
2026-06-10 00:29:08,1,1,2972,627720,40,570
2026-06-10 00:29:08,1,2,2972,4043911646,40,2674559
2026-06-10 00:29:08,1,3,1327007292,1090,877828,15
2026-06-10 00:29:11,1,1,2972,627720,40,570
2026-06-10 00:29:11,1,2,2972,4043911646,40,2674559
2026-06-10 00:29:11,1,3,1327007292,1090,877828,15
2026-06-10 00:29:14,1,1,2972,627720,40,570
2026-06-10 00:29:14,1,2,2972,4043911646,40,2674559
2026-06-10 00:29:14,1,3,1327007292,1090,877828,15
2026-06-10 00:29:17,1,1,2972,627720,40,570
2026-06-10 00:29:17,1,2,2972,4043911646,40,2674559
2026-06-10 00:29:17,1,3,1327007292,1090,877828,15
2026-06-10 00:29:20,1,1,3042,627720,41,570
2026-06-10 00:29:20,1,2,3042,4043911646,41,2674559
2026-06-10 00:29:20,1,3,1327007362,1160,877829,16
2026-06-10 00:29:23,1,1,3042,627720,41,570
2026-06-10 00:29:23,1,2,3042,4043911646,41,2674559
2026-06-10 00:29:23,1,3,1327007362,1160,877829,16
2026-06-10 00:29:26,1,1,3042,627720,41,570
2026-06-10 00:29:26,1,2,3042,4043911646,41,2674559
2026-06-10 00:29:26,1,3,1327007362,1160,877829,16
2026-06-10 00:29:29,1,1,3042,627720,41,570
2026-06-10 00:29:29,1,2,3042,4043911646,41,2674559
2026-06-10 00:29:29,1,3,1327007362,1160,877829,16
2026-06-10 00:29:32,1,1,3042,627720,41,570
2026-06-10 00:29:32,1,2,3042,4043911646,41,2674559
2026-06-10 00:29:32,1,3,1327007362,1160,877829,16
2026-06-10 00:29:35,1,1,3042,627720,41,570
2026-06-10 00:29:35,1,2,3042,4043911646,41,2674559
2026-06-10 00:29:35,1,3,1327007362,1160,877829,16
2026-06-10 00:29:38,1,1,3042,627720,41,570
2026-06-10 00:29:38,1,2,3042,4043911646,41,2674559
2026-06-10 00:29:38,1,3,1327007362,1160,877829,16
2026-06-10 00:29:41,1,1,3042,627720,41,570
2026-06-10 00:29:41,1,2,3042,4043911646,41,2674559
2026-06-10 00:29:41,1,3,1327007362,1160,877829,16
2026-06-10 00:29:44,1,1,3042,627720,41,570
2026-06-10 00:29:44,1,2,3042,4043911646,41,2674559
2026-06-10 00:29:44,1,3,1327007362,1160,877829,16
2026-06-10 00:29:47,1,1,3042,627720,41,570
2026-06-10 00:29:47,1,2,3042,4043911646,41,2674559
2026-06-10 00:29:47,1,3,1327007362,1160,877829,16
2026-06-10 00:29:50,1,1,3042,627720,41,570
2026-06-10 00:29:50,1,2,3042,4043911646,41,2674559
2026-06-10 00:29:50,1,3,1327007362,1160,877829,16
2026-06-10 00:29:53,1,1,3042,627720,41,570
2026-06-10 00:29:53,1,2,3042,4043911646,41,2674559
2026-06-10 00:29:53,1,3,1327007362,1160,877829,16
2026-06-10 00:29:56,1,1,3042,627720,41,570
2026-06-10 00:29:56,1,2,3042,4043911646,41,2674559
2026-06-10 00:29:56,1,3,1327007362,1160,877829,16
2026-06-10 00:29:59,1,1,3042,627720,41,570
2026-06-10 00:29:59,1,2,3042,4043911646,41,2674559
2026-06-10 00:29:59,1,3,1327007362,1160,877829,16
2026-06-10 00:30:02,1,1,3042,627720,41,570
2026-06-10 00:30:02,1,2,3042,4043911646,41,2674559
2026-06-10 00:30:02,1,3,1327007362,1160,877829,16
2026-06-10 00:30:05,1,1,3042,627720,41,570
2026-06-10 00:30:05,1,2,3042,4043911646,41,2674559
2026-06-10 00:30:05,1,3,1327007362,1160,877829,16
2026-06-10 00:30:08,1,1,3042,627720,41,570
2026-06-10 00:30:08,1,2,3042,4043911646,41,2674559
2026-06-10 00:30:08,1,3,1327007362,1160,877829,16
2026-06-10 00:30:11,1,1,3042,627720,41,570
2026-06-10 00:30:11,1,2,3042,4043911646,41,2674559
2026-06-10 00:30:11,1,3,1327007362,1160,877829,16
2026-06-10 00:30:14,1,1,3042,627720,41,570
2026-06-10 00:30:14,1,2,3042,4043911646,41,2674559
2026-06-10 00:30:14,1,3,1327007362,1160,877829,16
2026-06-10 00:30:17,1,1,3042,627720,41,570
2026-06-10 00:30:17,1,2,3042,4043911646,41,2674559
2026-06-10 00:30:17,1,3,1327007362,1160,877829,16
2026-06-10 00:30:20,1,1,3042,627720,41,570
2026-06-10 00:30:20,1,2,3042,4043911646,41,2674559
2026-06-10 00:30:20,1,3,1327007362,1160,877829,16
2026-06-10 00:30:23,1,1,3042,627720,41,570
2026-06-10 00:30:23,1,2,3042,4043911646,41,2674559
2026-06-10 00:30:23,1,3,1327007362,1160,877829,16
2026-06-10 00:30:26,1,1,3042,627720,41,570
2026-06-10 00:30:26,1,2,3042,4043911646,41,2674559
2026-06-10 00:30:26,1,3,1327007362,1160,877829,16
2026-06-10 00:30:29,1,1,3042,627720,41,570
2026-06-10 00:30:29,1,2,3042,4043911646,41,2674559
2026-06-10 00:30:29,1,3,1327007362,1160,877829,16
2026-06-10 00:30:32,1,1,3042,627720,41,570
2026-06-10 00:30:32,1,2,3042,4043911646,41,2674559
2026-06-10 00:30:32,1,3,1327007362,1160,877829,16
2026-06-10 00:30:35,1,1,3042,627720,41,570
2026-06-10 00:30:35,1,2,3042,4043911646,41,2674559
2026-06-10 00:30:35,1,3,1327007362,1160,877829,16
2026-06-10 00:30:38,1,1,3042,627720,41,570
2026-06-10 00:30:38,1,2,3042,4043911646,41,2674559
2026-06-10 00:30:38,1,3,1327007362,1160,877829,16
2026-06-10 00:30:41,1,1,3042,627720,41,570
2026-06-10 00:30:41,1,2,3042,4043911646,41,2674559
2026-06-10 00:30:41,1,3,1327007362,1160,877829,16
2026-06-10 00:30:44,1,1,3042,627720,41,570
2026-06-10 00:30:44,1,2,3042,4043911646,41,2674559
2026-06-10 00:30:44,1,3,1327007362,1160,877829,16
2026-06-10 00:30:47,1,1,3042,627720,41,570
2026-06-10 00:30:47,1,2,3042,4043911646,41,2674559
2026-06-10 00:30:47,1,3,1327007362,1160,877829,16
2026-06-10 00:30:50,1,1,3042,627720,41,570
2026-06-10 00:30:50,1,2,3042,4043911646,41,2674559
2026-06-10 00:30:50,1,3,1327007362,1160,877829,16
2026-06-10 00:30:53,1,1,3042,627720,41,570
2026-06-10 00:30:53,1,2,3042,4043911646,41,2674559
2026-06-10 00:30:53,1,3,1327007362,1160,877829,16
2026-06-10 00:30:56,1,1,3042,627720,41,570
2026-06-10 00:30:56,1,2,3042,4043911646,41,2674559
2026-06-10 00:30:56,1,3,1327007362,1160,877829,16
2026-06-10 00:30:59,1,1,3042,627720,41,570
2026-06-10 00:30:59,1,2,3042,4043911646,41,2674559
2026-06-10 00:30:59,1,3,1327007362,1160,877829,16
2026-06-10 00:31:02,1,1,3042,627720,41,570
2026-06-10 00:31:02,1,2,3042,4043911646,41,2674559
2026-06-10 00:31:02,1,3,1327007362,1160,877829,16
2026-06-10 00:31:05,1,1,3042,627720,41,570
2026-06-10 00:31:05,1,2,3042,4043911646,41,2674559
2026-06-10 00:31:05,1,3,1327007362,1160,877829,16
2026-06-10 00:31:08,1,1,3042,627720,41,570
2026-06-10 00:31:08,1,2,3042,4043911646,41,2674559
2026-06-10 00:31:08,1,3,1327007362,1160,877829,16
2026-06-10 00:31:11,1,1,3042,627720,41,570
2026-06-10 00:31:11,1,2,3042,4043911646,41,2674559
2026-06-10 00:31:11,1,3,1327007362,1160,877829,16
2026-06-10 00:31:14,1,1,3042,627720,41,570
2026-06-10 00:31:14,1,2,3042,4043911646,41,2674559
2026-06-10 00:31:14,1,3,1327007362,1160,877829,16
2026-06-10 00:31:17,1,1,3042,627720,41,570
2026-06-10 00:31:17,1,2,3042,4043911646,41,2674559
2026-06-10 00:31:17,1,3,1327007362,1160,877829,16
2026-06-10 00:31:20,1,1,3042,627720,41,570
2026-06-10 00:31:20,1,2,3042,4043911646,41,2674559
2026-06-10 00:31:20,1,3,1327007362,1160,877829,16
2026-06-10 00:31:23,1,1,3042,627720,41,570
2026-06-10 00:31:23,1,2,3042,4043911646,41,2674559
2026-06-10 00:31:23,1,3,1327007362,1160,877829,16
2026-06-10 00:31:26,1,1,3042,627720,41,570
2026-06-10 00:31:26,1,2,3042,4043911646,41,2674559
2026-06-10 00:31:26,1,3,1327007362,1160,877829,16
2026-06-10 00:31:29,1,1,3042,627720,41,570
2026-06-10 00:31:29,1,2,3042,4043911646,41,2674559
2026-06-10 00:31:29,1,3,1327007362,1160,877829,16
2026-06-10 00:31:32,1,1,3042,627720,41,570
2026-06-10 00:31:32,1,2,3042,4043911646,41,2674559
2026-06-10 00:31:32,1,3,1327007362,1160,877829,16
2026-06-10 00:31:35,1,1,3042,627720,41,570
2026-06-10 00:31:35,1,2,3042,4043911646,41,2674559
2026-06-10 00:31:35,1,3,1327007362,1160,877829,16
2026-06-10 00:31:38,1,1,3042,627720,41,570
2026-06-10 00:31:38,1,2,3042,4043911646,41,2674559
2026-06-10 00:31:38,1,3,1327007362,1160,877829,16
2026-06-10 00:31:41,1,1,3042,627720,41,570
2026-06-10 00:31:41,1,2,3042,4043911646,41,2674559
2026-06-10 00:31:41,1,3,1327007362,1160,877829,16
2026-06-10 00:31:44,1,1,3042,627720,41,570
2026-06-10 00:31:44,1,2,3042,4043911646,41,2674559
2026-06-10 00:31:44,1,3,1327007362,1160,877829,16
2026-06-10 00:31:47,1,1,3042,627720,41,570
2026-06-10 00:31:47,1,2,3042,4043911646,41,2674559
2026-06-10 00:31:47,1,3,1327007362,1160,877829,16
2026-06-10 00:31:50,1,1,3042,627720,41,570
2026-06-10 00:31:50,1,2,3042,4043911646,41,2674559
2026-06-10 00:31:50,1,3,1327007362,1160,877829,16
2026-06-10 00:31:53,1,1,3042,627720,41,570
2026-06-10 00:31:53,1,2,3042,4043911646,41,2674559
2026-06-10 00:31:53,1,3,1327007362,1160,877829,16
2026-06-10 00:31:56,1,1,3042,627720,41,570
2026-06-10 00:31:56,1,2,3042,4043911646,41,2674559
2026-06-10 00:31:56,1,3,1327007362,1160,877829,16
2026-06-10 00:31:59,1,1,3042,627720,41,570
2026-06-10 00:31:59,1,2,3042,4043911646,41,2674559
2026-06-10 00:31:59,1,3,1327007362,1160,877829,16
2026-06-10 00:32:02,1,1,3042,627720,41,570
2026-06-10 00:32:02,1,2,3042,4043911646,41,2674559
2026-06-10 00:32:02,1,3,1327007362,1160,877829,16
2026-06-10 00:32:05,1,1,3042,627720,41,570
2026-06-10 00:32:05,1,2,3042,4043911646,41,2674559
2026-06-10 00:32:05,1,3,1327007362,1160,877829,16
2026-06-10 00:32:08,1,1,3042,627720,41,570
2026-06-10 00:32:08,1,2,3042,4043911646,41,2674559
2026-06-10 00:32:08,1,3,1327007362,1160,877829,16
2026-06-10 00:32:11,1,1,3042,627720,41,570
2026-06-10 00:32:11,1,2,3042,4043911646,41,2674559
2026-06-10 00:32:11,1,3,1327007362,1160,877829,16
2026-06-10 00:32:14,1,1,3042,627720,41,570
2026-06-10 00:32:14,1,2,3042,4043911646,41,2674559
2026-06-10 00:32:14,1,3,1327007362,1160,877829,16
2026-06-10 00:32:17,1,1,3042,627720,41,570
2026-06-10 00:32:17,1,2,3042,4043911646,41,2674559
2026-06-10 00:32:17,1,3,1327007362,1160,877829,16
2026-06-10 00:32:20,1,1,3042,627720,41,570
2026-06-10 00:32:20,1,2,3042,4043911646,41,2674559
2026-06-10 00:32:20,1,3,1327007362,1160,877829,16
2026-06-10 00:32:23,1,1,3042,627720,41,570
2026-06-10 00:32:23,1,2,3042,4043911646,41,2674559
2026-06-10 00:32:23,1,3,1327007362,1160,877829,16
2026-06-10 00:32:26,1,1,3042,627720,41,570
2026-06-10 00:32:26,1,2,3042,4043911646,41,2674559
2026-06-10 00:32:26,1,3,1327007362,1160,877829,16
2026-06-10 00:32:29,1,1,3042,627720,41,570
2026-06-10 00:32:29,1,2,3042,4043911646,41,2674559
2026-06-10 00:32:29,1,3,1327007362,1160,877829,16
2026-06-10 00:32:32,1,1,3042,627720,41,570
2026-06-10 00:32:32,1,2,3042,4043911646,41,2674559
2026-06-10 00:32:32,1,3,1327007362,1160,877829,16
2026-06-10 00:32:35,1,1,3042,627720,41,570
2026-06-10 00:32:35,1,2,3042,4043911646,41,2674559
2026-06-10 00:32:35,1,3,1327007362,1160,877829,16
2026-06-10 00:32:38,1,1,3042,627720,41,570
2026-06-10 00:32:38,1,2,3042,4043911646,41,2674559
2026-06-10 00:32:38,1,3,1327007362,1160,877829,16
2026-06-10 00:32:41,1,1,3042,627720,41,570
2026-06-10 00:32:41,1,2,3042,4043911646,41,2674559
2026-06-10 00:32:41,1,3,1327007362,1160,877829,16
2026-06-10 00:32:44,1,1,3042,627720,41,570
2026-06-10 00:32:44,1,2,3042,4043911646,41,2674559
2026-06-10 00:32:44,1,3,1327007362,1160,877829,16
2026-06-10 00:32:47,1,1,3042,627720,41,570
2026-06-10 00:32:47,1,2,3042,4043911646,41,2674559
2026-06-10 00:32:47,1,3,1327007362,1160,877829,16
2026-06-10 00:32:50,1,1,3042,627720,41,570
2026-06-10 00:32:50,1,2,3042,4043911646,41,2674559
2026-06-10 00:32:50,1,3,1327007362,1160,877829,16
2026-06-10 00:32:53,1,1,3042,627720,41,570
2026-06-10 00:32:53,1,2,3042,4043911646,41,2674559
2026-06-10 00:32:53,1,3,1327007362,1160,877829,16
2026-06-10 00:32:56,1,1,3042,627720,41,570
2026-06-10 00:32:56,1,2,3042,4043911646,41,2674559
2026-06-10 00:32:56,1,3,1327007362,1160,877829,16
2026-06-10 00:32:59,1,1,3042,627720,41,570
2026-06-10 00:32:59,1,2,3042,4043911646,41,2674559
2026-06-10 00:32:59,1,3,1327007362,1160,877829,16
2026-06-10 00:33:02,1,1,3042,627720,41,570
2026-06-10 00:33:02,1,2,3042,4043911646,41,2674559
2026-06-10 00:33:02,1,3,1327007362,1160,877829,16
2026-06-10 00:33:05,1,1,3042,627720,41,570
2026-06-10 00:33:05,1,2,3042,4043911646,41,2674559
2026-06-10 00:33:05,1,3,1327007362,1160,877829,16
2026-06-10 00:33:08,1,1,3042,627720,41,570
2026-06-10 00:33:08,1,2,3042,4043911646,41,2674559
2026-06-10 00:33:08,1,3,1327007362,1160,877829,16
2026-06-10 00:33:11,1,1,3042,627720,41,570
2026-06-10 00:33:11,1,2,3042,4043911646,41,2674559
2026-06-10 00:33:11,1,3,1327007362,1160,877829,16
2026-06-10 00:33:14,1,1,3042,627720,41,570
2026-06-10 00:33:14,1,2,3042,4043911646,41,2674559
2026-06-10 00:33:14,1,3,1327007362,1160,877829,16
2026-06-10 00:33:17,1,1,3042,627720,41,570
2026-06-10 00:33:17,1,2,3042,4043911646,41,2674559
2026-06-10 00:33:17,1,3,1327007362,1160,877829,16
2026-06-10 00:33:20,1,1,3042,627720,41,570
2026-06-10 00:33:20,1,2,3042,4043911646,41,2674559
2026-06-10 00:33:20,1,3,1327007362,1160,877829,16
2026-06-10 00:33:23,1,1,3042,627720,41,570
2026-06-10 00:33:23,1,2,3042,4043911646,41,2674559
2026-06-10 00:33:23,1,3,1327007362,1160,877829,16
2026-06-10 00:33:26,1,1,3042,627720,41,570
2026-06-10 00:33:26,1,2,3042,4043911646,41,2674559
2026-06-10 00:33:26,1,3,1327007362,1160,877829,16
2026-06-10 00:33:29,1,1,3042,627720,41,570
2026-06-10 00:33:29,1,2,3042,4043911646,41,2674559
2026-06-10 00:33:29,1,3,1327007362,1160,877829,16
2026-06-10 00:33:32,1,1,3042,627720,41,570
2026-06-10 00:33:32,1,2,3042,4043911646,41,2674559
2026-06-10 00:33:32,1,3,1327007362,1160,877829,16
2026-06-10 00:33:35,1,1,3042,627720,41,570
2026-06-10 00:33:35,1,2,3042,4043911646,41,2674559
2026-06-10 00:33:35,1,3,1327007362,1160,877829,16
2026-06-10 00:33:38,1,1,3042,627720,41,570
2026-06-10 00:33:38,1,2,3042,4043911646,41,2674559
2026-06-10 00:33:38,1,3,1327007362,1160,877829,16
2026-06-10 00:33:41,1,1,3042,627720,41,570
2026-06-10 00:33:41,1,2,3042,4043911646,41,2674559
2026-06-10 00:33:41,1,3,1327007362,1160,877829,16
2026-06-10 00:33:44,1,1,3042,627720,41,570
2026-06-10 00:33:44,1,2,3042,4043911646,41,2674559
2026-06-10 00:33:44,1,3,1327007362,1160,877829,16
2026-06-10 00:33:47,1,1,3042,627720,41,570
2026-06-10 00:33:47,1,2,3042,4043911646,41,2674559
2026-06-10 00:33:47,1,3,1327007362,1160,877829,16
2026-06-10 00:33:50,1,1,3042,627720,41,570
2026-06-10 00:33:50,1,2,3042,4043911646,41,2674559
2026-06-10 00:33:50,1,3,1327007362,1160,877829,16
2026-06-10 00:33:53,1,1,3042,627720,41,570
2026-06-10 00:33:53,1,2,3042,4043911646,41,2674559
2026-06-10 00:33:53,1,3,1327007362,1160,877829,16
2026-06-10 00:33:56,1,1,3042,627720,41,570
2026-06-10 00:33:56,1,2,3042,4043911646,41,2674559
2026-06-10 00:33:56,1,3,1327007362,1160,877829,16
2026-06-10 00:33:59,1,1,3042,627720,41,570
2026-06-10 00:33:59,1,2,3042,4043911646,41,2674559
2026-06-10 00:33:59,1,3,1327007362,1160,877829,16
2026-06-10 00:34:02,1,1,3042,627720,41,570
2026-06-10 00:34:02,1,2,3042,4043911646,41,2674559
2026-06-10 00:34:02,1,3,1327007362,1160,877829,16
2026-06-10 00:34:05,1,1,3042,627720,41,570
2026-06-10 00:34:05,1,2,3042,4043911646,41,2674559
2026-06-10 00:34:05,1,3,1327007362,1160,877829,16
2026-06-10 00:34:08,1,1,3042,627720,41,570
2026-06-10 00:34:08,1,2,3042,4043911646,41,2674559
2026-06-10 00:34:08,1,3,1327007362,1160,877829,16
2026-06-10 00:34:11,1,1,3042,627720,41,570
2026-06-10 00:34:11,1,2,3042,4043911646,41,2674559
2026-06-10 00:34:11,1,3,1327007362,1160,877829,16
2026-06-10 00:34:14,1,1,3042,627720,41,570
2026-06-10 00:34:14,1,2,3042,4043911646,41,2674559
2026-06-10 00:34:14,1,3,1327007362,1160,877829,16
2026-06-10 00:34:17,1,1,3042,627720,41,570
2026-06-10 00:34:17,1,2,3042,4043911646,41,2674559
2026-06-10 00:34:17,1,3,1327007362,1160,877829,16
2026-06-10 00:34:20,1,1,3042,627720,41,570
2026-06-10 00:34:20,1,2,3042,4043911646,41,2674559
2026-06-10 00:34:20,1,3,1327007362,1160,877829,16
2026-06-10 00:34:23,1,1,3042,627720,41,570
2026-06-10 00:34:23,1,2,3042,4043911646,41,2674559
2026-06-10 00:34:23,1,3,1327007362,1160,877829,16
2026-06-10 00:34:26,1,1,3042,627720,41,570
2026-06-10 00:34:26,1,2,3042,4043911646,41,2674559
2026-06-10 00:34:26,1,3,1327007362,1160,877829,16
2026-06-10 00:34:29,1,1,3042,627720,41,570
2026-06-10 00:34:29,1,2,3042,4043911646,41,2674559
2026-06-10 00:34:29,1,3,1327007362,1160,877829,16
2026-06-10 00:34:32,1,1,3042,627720,41,570
2026-06-10 00:34:32,1,2,3042,4043911646,41,2674559
2026-06-10 00:34:32,1,3,1327007362,1160,877829,16
2026-06-10 00:34:35,1,1,3042,627720,41,570
2026-06-10 00:34:35,1,2,3042,4043911646,41,2674559
2026-06-10 00:34:35,1,3,1327007362,1160,877829,16
2026-06-10 00:34:38,1,1,3042,627720,41,570
2026-06-10 00:34:38,1,2,3042,4043911646,41,2674559
2026-06-10 00:34:38,1,3,1327007362,1160,877829,16
2026-06-10 00:34:41,1,1,3042,627720,41,570
2026-06-10 00:34:41,1,2,3042,4043911646,41,2674559
2026-06-10 00:34:41,1,3,1327007362,1160,877829,16
2026-06-10 00:34:44,1,1,3042,627720,41,570
2026-06-10 00:34:44,1,2,3042,4043911646,41,2674559
2026-06-10 00:34:44,1,3,1327007362,1160,877829,16
2026-06-10 00:34:47,1,1,3042,627720,41,570
2026-06-10 00:34:47,1,2,3042,4043911646,41,2674559
2026-06-10 00:34:47,1,3,1327007362,1160,877829,16
2026-06-10 00:34:50,1,1,3042,627720,41,570
2026-06-10 00:34:50,1,2,3042,4043911646,41,2674559
2026-06-10 00:34:50,1,3,1327007362,1160,877829,16
2026-06-10 00:34:53,1,1,3042,627720,41,570
2026-06-10 00:34:53,1,2,3042,4043911646,41,2674559
2026-06-10 00:34:53,1,3,1327007362,1160,877829,16
2026-06-10 00:34:56,1,1,3042,627720,41,570
2026-06-10 00:34:56,1,2,3042,4043911646,41,2674559
2026-06-10 00:34:56,1,3,1327007362,1160,877829,16
2026-06-10 00:34:59,1,1,3042,627720,41,570
2026-06-10 00:34:59,1,2,3042,4043911646,41,2674559
2026-06-10 00:34:59,1,3,1327007362,1160,877829,16
2026-06-10 00:35:02,1,1,3042,627720,41,570
2026-06-10 00:35:02,1,2,3042,4043911646,41,2674559
2026-06-10 00:35:02,1,3,1327007362,1160,877829,16
2026-06-10 00:35:05,1,1,3042,627720,41,570
2026-06-10 00:35:05,1,2,3042,4043911646,41,2674559
2026-06-10 00:35:05,1,3,1327007362,1160,877829,16
2026-06-10 00:35:08,1,1,3042,627720,41,570
2026-06-10 00:35:08,1,2,3042,4043911646,41,2674559
2026-06-10 00:35:08,1,3,1327007362,1160,877829,16
2026-06-10 00:35:11,1,1,3042,627720,41,570
2026-06-10 00:35:11,1,2,3042,4043911646,41,2674559
2026-06-10 00:35:11,1,3,1327007362,1160,877829,16
2026-06-10 00:35:14,1,1,3042,627720,41,570
2026-06-10 00:35:14,1,2,3042,4043911646,41,2674559
2026-06-10 00:35:14,1,3,1327007362,1160,877829,16
2026-06-10 00:35:17,1,1,3042,627720,41,570
2026-06-10 00:35:17,1,2,3042,4043911646,41,2674559
2026-06-10 00:35:17,1,3,1327007362,1160,877829,16
2026-06-10 00:35:20,1,1,3042,627720,41,570
2026-06-10 00:35:20,1,2,3042,4043911646,41,2674559
2026-06-10 00:35:20,1,3,1327007362,1160,877829,16
2026-06-10 00:35:23,1,1,3042,627720,41,570
2026-06-10 00:35:23,1,2,3042,4043911646,41,2674559
2026-06-10 00:35:23,1,3,1327007362,1160,877829,16
2026-06-10 00:35:26,1,1,3042,627720,41,570
2026-06-10 00:35:26,1,2,3042,4043911646,41,2674559
2026-06-10 00:35:26,1,3,1327007362,1160,877829,16
2026-06-10 00:35:29,1,1,3042,627720,41,570
2026-06-10 00:35:29,1,2,3042,4043911646,41,2674559
2026-06-10 00:35:29,1,3,1327007362,1160,877829,16
2026-06-10 00:35:32,1,1,3042,627720,41,570
2026-06-10 00:35:32,1,2,3042,4043911646,41,2674559
2026-06-10 00:35:32,1,3,1327007362,1160,877829,16
2026-06-10 00:35:35,1,1,3042,627720,41,570
2026-06-10 00:35:35,1,2,3042,4043911646,41,2674559
2026-06-10 00:35:35,1,3,1327007362,1160,877829,16
2026-06-10 00:35:38,1,1,3042,627720,41,570
2026-06-10 00:35:38,1,2,3042,4043911646,41,2674559
2026-06-10 00:35:38,1,3,1327007362,1160,877829,16
2026-06-10 00:35:41,1,1,3042,627720,41,570
2026-06-10 00:35:41,1,2,3042,4043911646,41,2674559
2026-06-10 00:35:41,1,3,1327007362,1160,877829,16
2026-06-10 00:35:44,1,1,3042,627720,41,570
2026-06-10 00:35:44,1,2,3042,4043911646,41,2674559
2026-06-10 00:35:44,1,3,1327007362,1160,877829,16
2026-06-10 00:35:47,1,1,3042,627720,41,570
2026-06-10 00:35:47,1,2,3042,4043911646,41,2674559
2026-06-10 00:35:47,1,3,1327007362,1160,877829,16
2026-06-10 00:35:50,1,1,3042,627720,41,570
2026-06-10 00:35:50,1,2,3042,4043911646,41,2674559
2026-06-10 00:35:50,1,3,1327007362,1160,877829,16
2026-06-10 00:35:53,1,1,3042,627720,41,570
2026-06-10 00:35:53,1,2,3042,4043911646,41,2674559
2026-06-10 00:35:53,1,3,1327007362,1160,877829,16
2026-06-10 00:35:56,1,1,3042,627720,41,570
2026-06-10 00:35:56,1,2,3042,4043911646,41,2674559
2026-06-10 00:35:56,1,3,1327007362,1160,877829,16
2026-06-10 00:35:59,1,1,3042,627720,41,570
2026-06-10 00:35:59,1,2,3042,4043911646,41,2674559
2026-06-10 00:35:59,1,3,1327007362,1160,877829,16
2026-06-10 00:36:02,1,1,3042,627720,41,570
2026-06-10 00:36:02,1,2,3042,4043911646,41,2674559
2026-06-10 00:36:02,1,3,1327007362,1160,877829,16
2026-06-10 00:36:05,1,1,3042,627720,41,570
2026-06-10 00:36:05,1,2,3042,4043911646,41,2674559
2026-06-10 00:36:05,1,3,1327007362,1160,877829,16
2026-06-10 00:36:08,1,1,3042,627720,41,570
2026-06-10 00:36:08,1,2,3042,4043911646,41,2674559
2026-06-10 00:36:08,1,3,1327007362,1160,877829,16
2026-06-10 00:36:11,1,1,3042,627720,41,570
2026-06-10 00:36:11,1,2,3042,4043911646,41,2674559
2026-06-10 00:36:11,1,3,1327007362,1160,877829,16
2026-06-10 00:36:14,1,1,3042,627720,41,570
2026-06-10 00:36:14,1,2,3042,4043911646,41,2674559
2026-06-10 00:36:14,1,3,1327007362,1160,877829,16
2026-06-10 00:36:17,1,1,3042,627720,41,570
2026-06-10 00:36:17,1,2,3042,4043911646,41,2674559
2026-06-10 00:36:17,1,3,1327007362,1160,877829,16
2026-06-10 00:36:20,1,1,3042,627720,41,570
2026-06-10 00:36:20,1,2,3042,4043911646,41,2674559
2026-06-10 00:36:20,1,3,1327007362,1160,877829,16
2026-06-10 00:36:23,1,1,3042,627720,41,570
2026-06-10 00:36:23,1,2,3042,4043911646,41,2674559
2026-06-10 00:36:23,1,3,1327007362,1160,877829,16
2026-06-10 00:36:26,1,1,3042,627720,41,570
2026-06-10 00:36:26,1,2,3042,4043911646,41,2674559
2026-06-10 00:36:26,1,3,1327007362,1160,877829,16
2026-06-10 00:36:29,1,1,3042,627720,41,570
2026-06-10 00:36:29,1,2,3042,4043911646,41,2674559
2026-06-10 00:36:29,1,3,1327007362,1160,877829,16
2026-06-10 00:36:32,1,1,3042,627720,41,570
2026-06-10 00:36:32,1,2,3042,4043911646,41,2674559
2026-06-10 00:36:32,1,3,1327007362,1160,877829,16
2026-06-10 00:36:35,1,1,3042,627720,41,570
2026-06-10 00:36:35,1,2,3042,4043911646,41,2674559
2026-06-10 00:36:35,1,3,1327007362,1160,877829,16
2026-06-10 00:36:38,1,1,3042,627720,41,570
2026-06-10 00:36:38,1,2,3042,4043911646,41,2674559
2026-06-10 00:36:38,1,3,1327007362,1160,877829,16
2026-06-10 00:36:41,1,1,3042,627720,41,570
2026-06-10 00:36:41,1,2,3042,4043911646,41,2674559
2026-06-10 00:36:41,1,3,1327007362,1160,877829,16
2026-06-10 00:36:44,1,1,3042,627720,41,570
2026-06-10 00:36:44,1,2,3042,4043911646,41,2674559
2026-06-10 00:36:44,1,3,1327007362,1160,877829,16
2026-06-10 00:36:47,1,1,3042,627720,41,570
2026-06-10 00:36:47,1,2,3042,4043911646,41,2674559
2026-06-10 00:36:47,1,3,1327007362,1160,877829,16
2026-06-10 00:36:50,1,1,3042,627720,41,570
2026-06-10 00:36:50,1,2,3042,4043911646,41,2674559
2026-06-10 00:36:50,1,3,1327007362,1160,877829,16
2026-06-10 00:36:53,1,1,3042,627720,41,570
2026-06-10 00:36:53,1,2,3042,4043911646,41,2674559
2026-06-10 00:36:53,1,3,1327007362,1160,877829,16
2026-06-10 00:36:56,1,1,3042,627720,41,570
2026-06-10 00:36:56,1,2,3042,4043911646,41,2674559
2026-06-10 00:36:56,1,3,1327007362,1160,877829,16
2026-06-10 00:36:59,1,1,3042,627720,41,570
2026-06-10 00:36:59,1,2,3042,4043911646,41,2674559
2026-06-10 00:36:59,1,3,1327007362,1160,877829,16
2026-06-10 00:37:02,1,1,3042,627720,41,570
2026-06-10 00:37:02,1,2,3042,4043911646,41,2674559
2026-06-10 00:37:02,1,3,1327007362,1160,877829,16
2026-06-10 00:37:05,1,1,3042,627720,41,570
2026-06-10 00:37:05,1,2,3042,4043911646,41,2674559
2026-06-10 00:37:05,1,3,1327007362,1160,877829,16
2026-06-10 00:37:08,1,1,3042,627720,41,570
2026-06-10 00:37:08,1,2,3042,4043911646,41,2674559
2026-06-10 00:37:08,1,3,1327007362,1160,877829,16
2026-06-10 00:37:11,1,1,3042,627720,41,570
2026-06-10 00:37:11,1,2,3042,4043911646,41,2674559
2026-06-10 00:37:11,1,3,1327007362,1160,877829,16
2026-06-10 00:37:14,1,1,3042,627720,41,570
2026-06-10 00:37:14,1,2,3042,4043911646,41,2674559
2026-06-10 00:37:14,1,3,1327007362,1160,877829,16
2026-06-10 00:37:17,1,1,3042,627720,41,570
2026-06-10 00:37:17,1,2,3042,4043911646,41,2674559
2026-06-10 00:37:17,1,3,1327007362,1160,877829,16
2026-06-10 00:37:20,1,1,3042,627720,41,570
2026-06-10 00:37:20,1,2,3042,4043911646,41,2674559
2026-06-10 00:37:20,1,3,1327007362,1160,877829,16
2026-06-10 00:37:23,1,1,3042,627720,41,570
2026-06-10 00:37:23,1,2,3042,4043911646,41,2674559
2026-06-10 00:37:23,1,3,1327007362,1160,877829,16
2026-06-10 00:37:26,1,1,3042,627720,41,570
2026-06-10 00:37:26,1,2,3042,4043911646,41,2674559
2026-06-10 00:37:26,1,3,1327007362,1160,877829,16
2026-06-10 00:37:29,1,1,3112,627720,42,570
2026-06-10 00:37:29,1,2,3042,4043911646,41,2674559
2026-06-10 00:37:29,1,3,1327007362,1160,877829,16
2026-06-10 00:37:32,1,1,3112,627720,42,570
2026-06-10 00:37:32,1,2,3042,4043911646,41,2674559
2026-06-10 00:37:32,1,3,1327007362,1160,877829,16
2026-06-10 00:37:35,1,1,3112,627720,42,570
2026-06-10 00:37:35,1,2,3042,4043911646,41,2674559
2026-06-10 00:37:35,1,3,1327007362,1160,877829,16
2026-06-10 00:37:38,1,1,3112,627720,42,570
2026-06-10 00:37:38,1,2,3042,4043911646,41,2674559
2026-06-10 00:37:38,1,3,1327007362,1160,877829,16
2026-06-10 00:37:41,1,1,3112,627720,42,570
2026-06-10 00:37:41,1,2,3042,4043911646,41,2674559
2026-06-10 00:37:41,1,3,1327007362,1160,877829,16
2026-06-10 00:37:44,1,1,3112,627720,42,570
2026-06-10 00:37:44,1,2,3042,4043911646,41,2674559
2026-06-10 00:37:44,1,3,1327007362,1160,877829,16
2026-06-10 00:37:47,1,1,3112,627720,42,570
2026-06-10 00:37:47,1,2,3042,4043911646,41,2674559
2026-06-10 00:37:47,1,3,1327007362,1160,877829,16
2026-06-10 00:37:50,1,1,3112,627720,42,570
2026-06-10 00:37:50,1,2,3042,4043911646,41,2674559
2026-06-10 00:37:50,1,3,1327007362,1160,877829,16
2026-06-10 00:37:53,1,1,3112,627720,42,570
2026-06-10 00:37:53,1,2,3042,4043911646,41,2674559
2026-06-10 00:37:53,1,3,1327007362,1160,877829,16
2026-06-10 00:37:56,1,1,3112,627720,42,570
2026-06-10 00:37:56,1,2,3042,4043911646,41,2674559
2026-06-10 00:37:56,1,3,1327007362,1160,877829,16
2026-06-10 00:37:59,1,1,3112,627720,42,570
2026-06-10 00:37:59,1,2,3042,4043911646,41,2674559
2026-06-10 00:37:59,1,3,1327007362,1160,877829,16
2026-06-10 00:38:02,1,1,3112,627720,42,570
2026-06-10 00:38:02,1,2,3042,4043911646,41,2674559
2026-06-10 00:38:02,1,3,1327007362,1160,877829,16
2026-06-10 00:38:05,1,1,3112,627720,42,570
2026-06-10 00:38:05,1,2,3042,4043911646,41,2674559
2026-06-10 00:38:05,1,3,1327007362,1160,877829,16
2026-06-10 00:38:08,1,1,3112,627720,42,570
2026-06-10 00:38:08,1,2,3042,4043911646,41,2674559
2026-06-10 00:38:08,1,3,1327007362,1160,877829,16
2026-06-10 00:38:11,1,1,3112,627720,42,570
2026-06-10 00:38:11,1,2,3042,4043911646,41,2674559
2026-06-10 00:38:11,1,3,1327007362,1160,877829,16
2026-06-10 00:38:14,1,1,3112,627720,42,570
2026-06-10 00:38:14,1,2,3042,4043911646,41,2674559
2026-06-10 00:38:14,1,3,1327007362,1160,877829,16
2026-06-10 00:38:17,1,1,3112,627720,42,570
2026-06-10 00:38:17,1,2,3042,4043911646,41,2674559
2026-06-10 00:38:17,1,3,1327007362,1160,877829,16
2026-06-10 00:38:20,1,1,3112,627720,42,570
2026-06-10 00:38:20,1,2,3042,4043911646,41,2674559
2026-06-10 00:38:20,1,3,1327007362,1160,877829,16
2026-06-10 00:38:23,1,1,3112,627720,42,570
2026-06-10 00:38:23,1,2,3042,4043911646,41,2674559
2026-06-10 00:38:23,1,3,1327007362,1160,877829,16
2026-06-10 00:38:26,1,1,3112,627720,42,570
2026-06-10 00:38:26,1,2,3042,4043911646,41,2674559
2026-06-10 00:38:26,1,3,1327007362,1160,877829,16
2026-06-10 00:38:29,1,1,3112,627720,42,570
2026-06-10 00:38:29,1,2,3042,4043911646,41,2674559
2026-06-10 00:38:29,1,3,1327007362,1160,877829,16
2026-06-10 00:38:32,1,1,3112,627720,42,570
2026-06-10 00:38:32,1,2,3042,4043911646,41,2674559
2026-06-10 00:38:32,1,3,1327007362,1160,877829,16
2026-06-10 00:38:35,1,1,3112,627720,42,570
2026-06-10 00:38:35,1,2,3042,4043911646,41,2674559
2026-06-10 00:38:35,1,3,1327007362,1160,877829,16
2026-06-10 00:38:38,1,1,3112,627720,42,570
2026-06-10 00:38:38,1,2,3042,4043911646,41,2674559
2026-06-10 00:38:38,1,3,1327007362,1160,877829,16
2026-06-10 00:38:41,1,1,3112,627720,42,570
2026-06-10 00:38:41,1,2,3042,4043911646,41,2674559
2026-06-10 00:38:41,1,3,1327007362,1160,877829,16
2026-06-10 00:38:44,1,1,3112,627720,42,570
2026-06-10 00:38:44,1,2,3042,4043911646,41,2674559
2026-06-10 00:38:44,1,3,1327007362,1160,877829,16
2026-06-10 00:38:47,1,1,3112,627720,42,570
2026-06-10 00:38:47,1,2,3042,4043911646,41,2674559
2026-06-10 00:38:47,1,3,1327007362,1160,877829,16
2026-06-10 00:38:50,1,1,3112,627720,42,570
2026-06-10 00:38:50,1,2,3042,4043911646,41,2674559
2026-06-10 00:38:50,1,3,1327007362,1160,877829,16
2026-06-10 00:38:53,1,1,3112,627720,42,570
2026-06-10 00:38:53,1,2,3042,4043911646,41,2674559
2026-06-10 00:38:53,1,3,1327007362,1160,877829,16
2026-06-10 00:38:56,1,1,3112,627720,42,570
2026-06-10 00:38:56,1,2,3042,4043911646,41,2674559
2026-06-10 00:38:56,1,3,1327007362,1160,877829,16
2026-06-10 00:38:59,1,1,3112,627720,42,570
2026-06-10 00:38:59,1,2,3042,4043911646,41,2674559
2026-06-10 00:38:59,1,3,1327007362,1160,877829,16
2026-06-10 00:39:02,1,1,3112,627720,42,570
2026-06-10 00:39:02,1,2,3042,4043911646,41,2674559
2026-06-10 00:39:02,1,3,1327007362,1160,877829,16
2026-06-10 00:39:05,1,1,3112,627720,42,570
2026-06-10 00:39:05,1,2,3042,4043911646,41,2674559
2026-06-10 00:39:05,1,3,1327007362,1160,877829,16
2026-06-10 00:39:08,1,1,3112,627720,42,570
2026-06-10 00:39:08,1,2,3042,4043911646,41,2674559
2026-06-10 00:39:08,1,3,1327007362,1160,877829,16
2026-06-10 00:39:11,1,1,3112,627720,42,570
2026-06-10 00:39:11,1,2,3042,4043911646,41,2674559
2026-06-10 00:39:11,1,3,1327007362,1160,877829,16
2026-06-10 00:39:14,1,1,3112,627720,42,570
2026-06-10 00:39:14,1,2,3042,4043911646,41,2674559
2026-06-10 00:39:14,1,3,1327007362,1160,877829,16
2026-06-10 00:39:17,1,1,3112,627720,42,570
2026-06-10 00:39:17,1,2,3042,4043911646,41,2674559
2026-06-10 00:39:17,1,3,1327007362,1160,877829,16
2026-06-10 00:39:20,1,1,3112,627720,42,570
2026-06-10 00:39:20,1,2,3042,4043911646,41,2674559
2026-06-10 00:39:20,1,3,1327007362,1160,877829,16
2026-06-10 00:39:23,1,1,3112,627720,42,570
2026-06-10 00:39:23,1,2,3042,4043911646,41,2674559
2026-06-10 00:39:23,1,3,1327007362,1160,877829,16
2026-06-10 00:39:26,1,1,3112,627720,42,570
2026-06-10 00:39:26,1,2,3042,4043911646,41,2674559
2026-06-10 00:39:26,1,3,1327007362,1160,877829,16
2026-06-10 00:39:29,1,1,3112,627720,42,570
2026-06-10 00:39:29,1,2,3042,4043911646,41,2674559
2026-06-10 00:39:29,1,3,1327007362,1160,877829,16
2026-06-10 00:39:32,1,1,3112,627720,42,570
2026-06-10 00:39:32,1,2,3042,4043911646,41,2674559
2026-06-10 00:39:32,1,3,1327007362,1160,877829,16
2026-06-10 00:39:35,1,1,3112,627720,42,570
2026-06-10 00:39:35,1,2,3042,4043911646,41,2674559
2026-06-10 00:39:35,1,3,1327007362,1160,877829,16
2026-06-10 00:39:38,1,1,3112,627720,42,570
2026-06-10 00:39:38,1,2,3042,4043911646,41,2674559
2026-06-10 00:39:38,1,3,1327007362,1160,877829,16
2026-06-10 00:39:41,1,1,3112,627720,42,570
2026-06-10 00:39:41,1,2,3042,4043911646,41,2674559
2026-06-10 00:39:41,1,3,1327007362,1160,877829,16
2026-06-10 00:39:44,1,1,3112,627720,42,570
2026-06-10 00:39:44,1,2,3042,4043911646,41,2674559
2026-06-10 00:39:44,1,3,1327007362,1160,877829,16
2026-06-10 00:39:47,1,1,3112,627720,42,570
2026-06-10 00:39:47,1,2,3042,4043911646,41,2674559
2026-06-10 00:39:47,1,3,1327007362,1160,877829,16
2026-06-10 00:39:50,1,1,3112,627720,42,570
2026-06-10 00:39:50,1,2,3042,4043911646,41,2674559
2026-06-10 00:39:50,1,3,1327007362,1160,877829,16
2026-06-10 00:39:53,1,1,3112,627720,42,570
2026-06-10 00:39:53,1,2,3042,4043911646,41,2674559
2026-06-10 00:39:53,1,3,1327007362,1160,877829,16
2026-06-10 00:39:56,1,1,3112,627720,42,570
2026-06-10 00:39:56,1,2,3042,4043911646,41,2674559
2026-06-10 00:39:56,1,3,1327007362,1160,877829,16
2026-06-10 00:39:59,1,1,3112,627720,42,570
2026-06-10 00:39:59,1,2,3042,4043911646,41,2674559
2026-06-10 00:39:59,1,3,1327007362,1160,877829,16
2026-06-10 00:40:02,1,1,3112,627720,42,570
2026-06-10 00:40:02,1,2,3042,4043911646,41,2674559
2026-06-10 00:40:02,1,3,1327007362,1160,877829,16
2026-06-10 00:40:05,1,1,3112,627720,42,570
2026-06-10 00:40:05,1,2,3042,4043911646,41,2674559
2026-06-10 00:40:05,1,3,1327007362,1160,877829,16
2026-06-10 00:40:08,1,1,3112,627720,42,570
2026-06-10 00:40:08,1,2,3042,4043911646,41,2674559
2026-06-10 00:40:08,1,3,1327007362,1160,877829,16
2026-06-10 00:40:11,1,1,3112,627720,42,570
2026-06-10 00:40:11,1,2,3042,4043911646,41,2674559
2026-06-10 00:40:11,1,3,1327007362,1160,877829,16
2026-06-10 00:40:14,1,1,3182,627720,43,570
2026-06-10 00:40:14,1,2,3042,4043911716,41,2674560
2026-06-10 00:40:14,1,3,1327007432,1160,877830,16
2026-06-10 00:40:17,1,1,3182,627720,43,570
2026-06-10 00:40:17,1,2,3042,4043911716,41,2674560
2026-06-10 00:40:17,1,3,1327007432,1160,877830,16
2026-06-10 00:40:20,1,1,3182,627720,43,570
2026-06-10 00:40:20,1,2,3042,4043911716,41,2674560
2026-06-10 00:40:20,1,3,1327007432,1160,877830,16
2026-06-10 00:40:23,1,1,3182,627720,43,570
2026-06-10 00:40:23,1,2,3042,4043911716,41,2674560
2026-06-10 00:40:23,1,3,1327007432,1160,877830,16
2026-06-10 00:40:26,1,1,3182,627720,43,570
2026-06-10 00:40:26,1,2,3042,4043911716,41,2674560
2026-06-10 00:40:26,1,3,1327007432,1160,877830,16
2026-06-10 00:40:29,1,1,3182,627720,43,570
2026-06-10 00:40:29,1,2,3042,4043911716,41,2674560
2026-06-10 00:40:29,1,3,1327007432,1160,877830,16
2026-06-10 00:40:32,1,1,3182,627720,43,570
2026-06-10 00:40:32,1,2,3042,4043911716,41,2674560
2026-06-10 00:40:32,1,3,1327007432,1160,877830,16
2026-06-10 00:40:35,1,1,3182,627720,43,570
2026-06-10 00:40:35,1,2,3042,4043911716,41,2674560
2026-06-10 00:40:35,1,3,1327007432,1160,877830,16
2026-06-10 00:40:38,1,1,3182,627720,43,570
2026-06-10 00:40:38,1,2,3042,4043911716,41,2674560
2026-06-10 00:40:38,1,3,1327007432,1160,877830,16
2026-06-10 00:40:41,1,1,3182,627720,43,570
2026-06-10 00:40:41,1,2,3042,4043911716,41,2674560
2026-06-10 00:40:41,1,3,1327007432,1160,877830,16
2026-06-10 00:40:44,1,1,3182,627720,43,570
2026-06-10 00:40:44,1,2,3042,4043911716,41,2674560
2026-06-10 00:40:44,1,3,1327007432,1160,877830,16
2026-06-10 00:40:47,1,1,3182,627720,43,570
2026-06-10 00:40:47,1,2,3042,4043911716,41,2674560
2026-06-10 00:40:47,1,3,1327007432,1160,877830,16
2026-06-10 00:40:50,1,1,3182,627720,43,570
2026-06-10 00:40:50,1,2,3042,4043911716,41,2674560
2026-06-10 00:40:50,1,3,1327007432,1160,877830,16
2026-06-10 00:40:53,1,1,3182,627720,43,570
2026-06-10 00:40:53,1,2,3042,4043911716,41,2674560
2026-06-10 00:40:53,1,3,1327007432,1160,877830,16
2026-06-10 00:40:56,1,1,3182,627720,43,570
2026-06-10 00:40:56,1,2,3042,4043911716,41,2674560
2026-06-10 00:40:56,1,3,1327007432,1160,877830,16
2026-06-10 00:40:59,1,1,3182,627720,43,570
2026-06-10 00:40:59,1,2,3042,4043911716,41,2674560
2026-06-10 00:40:59,1,3,1327007432,1160,877830,16
2026-06-10 00:41:02,1,1,3182,627720,43,570
2026-06-10 00:41:02,1,2,3042,4043911716,41,2674560
2026-06-10 00:41:02,1,3,1327007432,1160,877830,16
2026-06-10 00:41:05,1,1,3182,627720,43,570
2026-06-10 00:41:05,1,2,3042,4043911716,41,2674560
2026-06-10 00:41:05,1,3,1327007432,1160,877830,16
2026-06-10 00:41:08,1,1,3182,627720,43,570
2026-06-10 00:41:08,1,2,3042,4043911716,41,2674560
2026-06-10 00:41:08,1,3,1327007432,1160,877830,16
2026-06-10 00:41:11,1,1,3182,627720,43,570
2026-06-10 00:41:11,1,2,3042,4043911716,41,2674560
2026-06-10 00:41:11,1,3,1327007432,1160,877830,16
2026-06-10 00:41:14,1,1,3182,627720,43,570
2026-06-10 00:41:14,1,2,3042,4043911716,41,2674560
2026-06-10 00:41:14,1,3,1327007432,1160,877830,16
2026-06-10 00:41:17,1,1,3182,627720,43,570
2026-06-10 00:41:17,1,2,3042,4043911716,41,2674560
2026-06-10 00:41:17,1,3,1327007432,1160,877830,16
2026-06-10 00:41:20,1,1,3182,627720,43,570
2026-06-10 00:41:20,1,2,3042,4043911716,41,2674560
2026-06-10 00:41:20,1,3,1327007432,1160,877830,16
2026-06-10 00:41:23,1,1,3182,627720,43,570
2026-06-10 00:41:23,1,2,3042,4043911716,41,2674560
2026-06-10 00:41:23,1,3,1327007432,1160,877830,16
2026-06-10 00:41:26,1,1,3182,627720,43,570
2026-06-10 00:41:26,1,2,3042,4043911716,41,2674560
2026-06-10 00:41:26,1,3,1327007432,1160,877830,16
2026-06-10 00:41:29,1,1,3182,627720,43,570
2026-06-10 00:41:29,1,2,3042,4043911716,41,2674560
2026-06-10 00:41:29,1,3,1327007432,1160,877830,16
2026-06-10 00:41:32,1,1,3182,627720,43,570
2026-06-10 00:41:32,1,2,3042,4043911716,41,2674560
2026-06-10 00:41:32,1,3,1327007432,1160,877830,16
2026-06-10 00:41:35,1,1,3182,627720,43,570
2026-06-10 00:41:35,1,2,3042,4043911716,41,2674560
2026-06-10 00:41:35,1,3,1327007432,1160,877830,16
2026-06-10 00:41:38,1,1,3182,627720,43,570
2026-06-10 00:41:38,1,2,3042,4043911716,41,2674560
2026-06-10 00:41:38,1,3,1327007432,1160,877830,16
2026-06-10 00:41:41,1,1,3182,627720,43,570
2026-06-10 00:41:41,1,2,3042,4043911716,41,2674560
2026-06-10 00:41:41,1,3,1327007432,1160,877830,16
2026-06-10 00:41:44,1,1,3182,627720,43,570
2026-06-10 00:41:44,1,2,3042,4043911716,41,2674560
2026-06-10 00:41:44,1,3,1327007432,1160,877830,16
2026-06-10 00:41:47,1,1,3182,627720,43,570
2026-06-10 00:41:47,1,2,3042,4043911716,41,2674560
2026-06-10 00:41:47,1,3,1327007432,1160,877830,16
2026-06-10 00:41:50,1,1,3182,627720,43,570
2026-06-10 00:41:50,1,2,3042,4043911716,41,2674560
2026-06-10 00:41:50,1,3,1327007432,1160,877830,16
2026-06-10 00:41:53,1,1,3182,627720,43,570
2026-06-10 00:41:53,1,2,3042,4043911716,41,2674560
2026-06-10 00:41:53,1,3,1327007432,1160,877830,16
2026-06-10 00:41:56,1,1,3182,627720,43,570
2026-06-10 00:41:56,1,2,3042,4043911716,41,2674560
2026-06-10 00:41:56,1,3,1327007432,1160,877830,16
2026-06-10 00:41:59,1,1,3182,627720,43,570
2026-06-10 00:41:59,1,2,3042,4043911716,41,2674560
2026-06-10 00:41:59,1,3,1327007432,1160,877830,16
2026-06-10 00:42:02,1,1,3182,627720,43,570
2026-06-10 00:42:02,1,2,3042,4043911716,41,2674560
2026-06-10 00:42:02,1,3,1327007432,1160,877830,16
2026-06-10 00:42:05,1,1,3182,627720,43,570
2026-06-10 00:42:05,1,2,3042,4043911716,41,2674560
2026-06-10 00:42:05,1,3,1327007432,1160,877830,16
2026-06-10 00:42:08,1,1,3182,627720,43,570
2026-06-10 00:42:08,1,2,3042,4043911716,41,2674560
2026-06-10 00:42:08,1,3,1327007432,1160,877830,16
2026-06-10 00:42:11,1,1,3182,627720,43,570
2026-06-10 00:42:11,1,2,3042,4043911716,41,2674560
2026-06-10 00:42:11,1,3,1327007432,1160,877830,16
2026-06-10 00:42:14,1,1,3182,627720,43,570
2026-06-10 00:42:14,1,2,3042,4043911716,41,2674560
2026-06-10 00:42:14,1,3,1327007432,1160,877830,16
2026-06-10 00:42:17,1,1,3182,627720,43,570
2026-06-10 00:42:17,1,2,3042,4043911716,41,2674560
2026-06-10 00:42:17,1,3,1327007432,1160,877830,16
2026-06-10 00:42:20,1,1,3182,627720,43,570
2026-06-10 00:42:20,1,2,3042,4043911716,41,2674560
2026-06-10 00:42:20,1,3,1327007432,1160,877830,16
2026-06-10 00:42:23,1,1,3182,627720,43,570
2026-06-10 00:42:23,1,2,3042,4043911716,41,2674560
2026-06-10 00:42:23,1,3,1327007432,1160,877830,16
2026-06-10 00:42:26,1,1,3182,627720,43,570
2026-06-10 00:42:26,1,2,3042,4043911716,41,2674560
2026-06-10 00:42:26,1,3,1327007432,1160,877830,16
2026-06-10 00:42:29,1,1,3182,627720,43,570
2026-06-10 00:42:29,1,2,3042,4043911716,41,2674560
2026-06-10 00:42:29,1,3,1327007432,1160,877830,16
2026-06-10 00:42:32,1,1,3182,627720,43,570
2026-06-10 00:42:32,1,2,3042,4043911716,41,2674560
2026-06-10 00:42:32,1,3,1327007432,1160,877830,16
2026-06-10 00:42:35,1,1,3182,627720,43,570
2026-06-10 00:42:35,1,2,3042,4043911716,41,2674560
2026-06-10 00:42:35,1,3,1327007432,1160,877830,16
2026-06-10 00:42:38,1,1,3182,627720,43,570
2026-06-10 00:42:38,1,2,3042,4043911716,41,2674560
2026-06-10 00:42:38,1,3,1327007432,1160,877830,16
2026-06-10 00:42:41,1,1,3182,627720,43,570
2026-06-10 00:42:41,1,2,3042,4043911716,41,2674560
2026-06-10 00:42:41,1,3,1327007432,1160,877830,16
2026-06-10 00:42:44,1,1,3182,627720,43,570
2026-06-10 00:42:44,1,2,3042,4043911716,41,2674560
2026-06-10 00:42:44,1,3,1327007432,1160,877830,16
2026-06-10 00:42:47,1,1,3182,627720,43,570
2026-06-10 00:42:47,1,2,3042,4043911716,41,2674560
2026-06-10 00:42:47,1,3,1327007432,1160,877830,16
2026-06-10 00:42:50,1,1,3182,627720,43,570
2026-06-10 00:42:50,1,2,3042,4043911716,41,2674560
2026-06-10 00:42:50,1,3,1327007432,1160,877830,16
2026-06-10 00:42:53,1,1,3182,627720,43,570
2026-06-10 00:42:53,1,2,3042,4043911716,41,2674560
2026-06-10 00:42:53,1,3,1327007432,1160,877830,16
2026-06-10 00:42:56,1,1,3182,627720,43,570
2026-06-10 00:42:56,1,2,3042,4043911716,41,2674560
2026-06-10 00:42:56,1,3,1327007432,1160,877830,16
2026-06-10 00:42:59,1,1,3182,627720,43,570
2026-06-10 00:42:59,1,2,3042,4043911716,41,2674560
2026-06-10 00:42:59,1,3,1327007432,1160,877830,16
2026-06-10 00:43:02,1,1,3182,627720,43,570
2026-06-10 00:43:02,1,2,3042,4043911716,41,2674560
2026-06-10 00:43:02,1,3,1327007432,1160,877830,16
2026-06-10 00:43:05,1,1,3182,627720,43,570
2026-06-10 00:43:05,1,2,3042,4043911716,41,2674560
2026-06-10 00:43:05,1,3,1327007432,1160,877830,16
2026-06-10 00:43:08,1,1,3182,627720,43,570
2026-06-10 00:43:08,1,2,3042,4043911716,41,2674560
2026-06-10 00:43:08,1,3,1327007432,1160,877830,16
2026-06-10 00:43:11,1,1,3182,627720,43,570
2026-06-10 00:43:11,1,2,3042,4043911716,41,2674560
2026-06-10 00:43:11,1,3,1327007432,1160,877830,16
2026-06-10 00:43:14,1,1,3182,627720,43,570
2026-06-10 00:43:14,1,2,3042,4043911716,41,2674560
2026-06-10 00:43:14,1,3,1327007432,1160,877830,16
2026-06-10 00:43:17,1,1,3182,627720,43,570
2026-06-10 00:43:17,1,2,3042,4043911716,41,2674560
2026-06-10 00:43:17,1,3,1327007432,1160,877830,16
2026-06-10 00:43:20,1,1,3182,627720,43,570
2026-06-10 00:43:20,1,2,3042,4043911716,41,2674560
2026-06-10 00:43:20,1,3,1327007432,1160,877830,16
2026-06-10 00:43:23,1,1,3182,627720,43,570
2026-06-10 00:43:23,1,2,3042,4043911716,41,2674560
2026-06-10 00:43:23,1,3,1327007432,1160,877830,16
2026-06-10 00:43:26,1,1,3182,627720,43,570
2026-06-10 00:43:26,1,2,3042,4043911716,41,2674560
2026-06-10 00:43:26,1,3,1327007432,1160,877830,16
2026-06-10 00:43:29,1,1,3182,627720,43,570
2026-06-10 00:43:29,1,2,3042,4043911716,41,2674560
2026-06-10 00:43:29,1,3,1327007432,1160,877830,16
2026-06-10 00:43:32,1,1,3182,627720,43,570
2026-06-10 00:43:32,1,2,3042,4043911716,41,2674560
2026-06-10 00:43:32,1,3,1327007432,1160,877830,16
2026-06-10 00:43:35,1,1,3182,627720,43,570
2026-06-10 00:43:35,1,2,3042,4043911716,41,2674560
2026-06-10 00:43:35,1,3,1327007432,1160,877830,16
2026-06-10 00:43:38,1,1,3182,627720,43,570
2026-06-10 00:43:38,1,2,3042,4043911716,41,2674560
2026-06-10 00:43:38,1,3,1327007432,1160,877830,16
2026-06-10 00:43:41,1,1,3182,627720,43,570
2026-06-10 00:43:41,1,2,3042,4043911716,41,2674560
2026-06-10 00:43:41,1,3,1327007432,1160,877830,16
2026-06-10 00:43:44,1,1,3182,627720,43,570
2026-06-10 00:43:44,1,2,3042,4043911716,41,2674560
2026-06-10 00:43:44,1,3,1327007432,1160,877830,16
2026-06-10 00:43:47,1,1,3182,627720,43,570
2026-06-10 00:43:47,1,2,3042,4043911716,41,2674560
2026-06-10 00:43:47,1,3,1327007432,1160,877830,16
2026-06-10 00:43:50,1,1,3182,627720,43,570
2026-06-10 00:43:50,1,2,3042,4043911716,41,2674560
2026-06-10 00:43:50,1,3,1327007432,1160,877830,16
2026-06-10 00:43:53,1,1,3182,627720,43,570
2026-06-10 00:43:53,1,2,3042,4043911716,41,2674560
2026-06-10 00:43:53,1,3,1327007432,1160,877830,16
2026-06-10 00:43:56,1,1,3182,627720,43,570
2026-06-10 00:43:56,1,2,3042,4043911716,41,2674560
2026-06-10 00:43:56,1,3,1327007432,1160,877830,16
2026-06-10 00:43:59,1,1,3182,627720,43,570
2026-06-10 00:43:59,1,2,3042,4043911716,41,2674560
2026-06-10 00:43:59,1,3,1327007432,1160,877830,16
2026-06-10 00:44:02,1,1,3182,627720,43,570
2026-06-10 00:44:02,1,2,3042,4043911716,41,2674560
2026-06-10 00:44:02,1,3,1327007432,1160,877830,16
2026-06-10 00:44:05,1,1,3182,627720,43,570
2026-06-10 00:44:05,1,2,3042,4043911716,41,2674560
2026-06-10 00:44:05,1,3,1327007432,1160,877830,16
2026-06-10 00:44:08,1,1,3182,627720,43,570
2026-06-10 00:44:08,1,2,3042,4043911716,41,2674560
2026-06-10 00:44:08,1,3,1327007432,1160,877830,16
2026-06-10 00:44:11,1,1,3182,627720,43,570
2026-06-10 00:44:11,1,2,3042,4043911716,41,2674560
2026-06-10 00:44:11,1,3,1327007432,1160,877830,16
2026-06-10 00:44:14,1,1,3182,627720,43,570
2026-06-10 00:44:14,1,2,3042,4043911716,41,2674560
2026-06-10 00:44:14,1,3,1327007432,1160,877830,16
2026-06-10 00:44:17,1,1,3182,627720,43,570
2026-06-10 00:44:17,1,2,3042,4043911716,41,2674560
2026-06-10 00:44:17,1,3,1327007432,1160,877830,16
2026-06-10 00:44:20,1,1,3182,627720,43,570
2026-06-10 00:44:20,1,2,3042,4043911716,41,2674560
2026-06-10 00:44:20,1,3,1327007432,1160,877830,16
2026-06-10 00:44:23,1,1,3182,627720,43,570
2026-06-10 00:44:23,1,2,3042,4043911716,41,2674560
2026-06-10 00:44:23,1,3,1327007432,1160,877830,16
2026-06-10 00:44:26,1,1,3182,627720,43,570
2026-06-10 00:44:26,1,2,3042,4043911716,41,2674560
2026-06-10 00:44:26,1,3,1327007432,1160,877830,16
2026-06-10 00:44:29,1,1,3182,627720,43,570
2026-06-10 00:44:29,1,2,3042,4043911716,41,2674560
2026-06-10 00:44:29,1,3,1327007432,1160,877830,16
2026-06-10 00:44:32,1,1,3182,627720,43,570
2026-06-10 00:44:32,1,2,3042,4043911716,41,2674560
2026-06-10 00:44:32,1,3,1327007432,1160,877830,16
2026-06-10 00:44:35,1,1,3182,627720,43,570
2026-06-10 00:44:35,1,2,3112,4043911716,42,2674560
2026-06-10 00:44:35,1,3,1327007432,1160,877830,16
2026-06-10 00:44:38,1,1,3182,627720,43,570
2026-06-10 00:44:38,1,2,3112,4043911716,42,2674560
2026-06-10 00:44:38,1,3,1327007432,1160,877830,16
2026-06-10 00:44:41,1,1,3182,627720,43,570
2026-06-10 00:44:41,1,2,3112,4043911716,42,2674560
2026-06-10 00:44:41,1,3,1327007432,1160,877830,16
2026-06-10 00:44:44,1,1,3182,627720,43,570
2026-06-10 00:44:44,1,2,3112,4043911716,42,2674560
2026-06-10 00:44:44,1,3,1327007432,1160,877830,16
2026-06-10 00:44:47,1,1,3182,627720,43,570
2026-06-10 00:44:47,1,2,3112,4043911716,42,2674560
2026-06-10 00:44:47,1,3,1327007432,1160,877830,16
2026-06-10 00:44:50,1,1,3182,627720,43,570
2026-06-10 00:44:50,1,2,3112,4043911716,42,2674560
2026-06-10 00:44:50,1,3,1327007432,1160,877830,16
2026-06-10 00:44:53,1,1,3182,627720,43,570
2026-06-10 00:44:53,1,2,3112,4043911716,42,2674560
2026-06-10 00:44:53,1,3,1327007432,1160,877830,16
2026-06-10 00:44:56,1,1,3182,627720,43,570
2026-06-10 00:44:56,1,2,3112,4043911716,42,2674560
2026-06-10 00:44:56,1,3,1327007432,1160,877830,16
2026-06-10 00:44:59,1,1,3182,627720,43,570
2026-06-10 00:44:59,1,2,3112,4043911716,42,2674560
2026-06-10 00:44:59,1,3,1327007432,1160,877830,16
2026-06-10 00:45:02,1,1,3182,627720,43,570
2026-06-10 00:45:02,1,2,3112,4043911716,42,2674560
2026-06-10 00:45:02,1,3,1327007432,1160,877830,16
2026-06-10 00:45:05,1,1,3182,627720,43,570
2026-06-10 00:45:05,1,2,3112,4043911716,42,2674560
2026-06-10 00:45:05,1,3,1327007432,1160,877830,16
2026-06-10 00:45:08,1,1,3182,627720,43,570
2026-06-10 00:45:08,1,2,3112,4043911716,42,2674560
2026-06-10 00:45:08,1,3,1327007432,1160,877830,16
2026-06-10 00:45:11,1,1,3182,627720,43,570
2026-06-10 00:45:11,1,2,3112,4043911716,42,2674560
2026-06-10 00:45:11,1,3,1327007432,1160,877830,16
2026-06-10 00:45:14,1,1,3182,627720,43,570
2026-06-10 00:45:14,1,2,3112,4043911716,42,2674560
2026-06-10 00:45:14,1,3,1327007432,1160,877830,16
2026-06-10 00:45:17,1,1,3182,627720,43,570
2026-06-10 00:45:17,1,2,3112,4043911716,42,2674560
2026-06-10 00:45:17,1,3,1327007432,1160,877830,16
2026-06-10 00:45:20,1,1,3182,627720,43,570
2026-06-10 00:45:20,1,2,3112,4043911716,42,2674560
2026-06-10 00:45:20,1,3,1327007432,1160,877830,16
2026-06-10 00:45:23,1,1,3182,627720,43,570
2026-06-10 00:45:23,1,2,3112,4043911716,42,2674560
2026-06-10 00:45:23,1,3,1327007432,1160,877830,16
2026-06-10 00:45:26,1,1,3182,627720,43,570
2026-06-10 00:45:26,1,2,3112,4043911716,42,2674560
2026-06-10 00:45:26,1,3,1327007432,1160,877830,16
2026-06-10 00:45:29,1,1,3182,627720,43,570
2026-06-10 00:45:29,1,2,3112,4043911716,42,2674560
2026-06-10 00:45:29,1,3,1327007432,1160,877830,16
2026-06-10 00:45:32,1,1,3182,627720,43,570
2026-06-10 00:45:32,1,2,3112,4043911716,42,2674560
2026-06-10 00:45:32,1,3,1327007432,1160,877830,16
2026-06-10 00:45:35,1,1,3182,627720,43,570
2026-06-10 00:45:35,1,2,3112,4043911716,42,2674560
2026-06-10 00:45:35,1,3,1327007432,1160,877830,16
2026-06-10 00:45:38,1,1,3182,627720,43,570
2026-06-10 00:45:38,1,2,3112,4043911716,42,2674560
2026-06-10 00:45:38,1,3,1327007432,1160,877830,16
2026-06-10 00:45:41,1,1,3182,627720,43,570
2026-06-10 00:45:41,1,2,3112,4043911716,42,2674560
2026-06-10 00:45:41,1,3,1327007432,1160,877830,16
2026-06-10 00:45:44,1,1,3182,627720,43,570
2026-06-10 00:45:44,1,2,3112,4043911716,42,2674560
2026-06-10 00:45:44,1,3,1327007432,1160,877830,16
2026-06-10 00:45:47,1,1,3182,627720,43,570
2026-06-10 00:45:47,1,2,3112,4043911716,42,2674560
2026-06-10 00:45:47,1,3,1327007432,1160,877830,16
2026-06-10 00:45:50,1,1,3182,627720,43,570
2026-06-10 00:45:50,1,2,3112,4043911716,42,2674560
2026-06-10 00:45:50,1,3,1327007432,1160,877830,16
2026-06-10 00:45:53,1,1,3182,627720,43,570
2026-06-10 00:45:53,1,2,3112,4043911716,42,2674560
2026-06-10 00:45:53,1,3,1327007432,1160,877830,16
2026-06-10 00:45:56,1,1,3182,627720,43,570
2026-06-10 00:45:56,1,2,3112,4043911716,42,2674560
2026-06-10 00:45:56,1,3,1327007432,1160,877830,16
2026-06-10 00:45:59,1,1,3182,627720,43,570
2026-06-10 00:45:59,1,2,3112,4043911716,42,2674560
2026-06-10 00:45:59,1,3,1327007432,1160,877830,16
2026-06-10 00:46:02,1,1,3182,627720,43,570
2026-06-10 00:46:02,1,2,3112,4043911716,42,2674560
2026-06-10 00:46:02,1,3,1327007432,1160,877830,16
2026-06-10 00:46:05,1,1,3182,627720,43,570
2026-06-10 00:46:05,1,2,3112,4043911716,42,2674560
2026-06-10 00:46:05,1,3,1327007432,1160,877830,16
2026-06-10 00:46:08,1,1,3182,627720,43,570
2026-06-10 00:46:08,1,2,3112,4043911716,42,2674560
2026-06-10 00:46:08,1,3,1327007432,1160,877830,16
2026-06-10 00:46:11,1,1,3182,627720,43,570
2026-06-10 00:46:11,1,2,3112,4043911716,42,2674560
2026-06-10 00:46:11,1,3,1327007432,1160,877830,16
2026-06-10 00:46:14,1,1,3182,627720,43,570
2026-06-10 00:46:14,1,2,3112,4043911716,42,2674560
2026-06-10 00:46:14,1,3,1327007432,1160,877830,16
2026-06-10 00:46:17,1,1,3182,627720,43,570
2026-06-10 00:46:17,1,2,3112,4043911716,42,2674560
2026-06-10 00:46:17,1,3,1327007432,1160,877830,16
2026-06-10 00:46:20,1,1,3182,627720,43,570
2026-06-10 00:46:20,1,2,3112,4043911716,42,2674560
2026-06-10 00:46:20,1,3,1327007432,1160,877830,16
2026-06-10 00:46:23,1,1,3182,627720,43,570
2026-06-10 00:46:23,1,2,3112,4043911716,42,2674560
2026-06-10 00:46:23,1,3,1327007432,1160,877830,16
2026-06-10 00:46:26,1,1,3182,627720,43,570
2026-06-10 00:46:26,1,2,3112,4043911716,42,2674560
2026-06-10 00:46:26,1,3,1327007432,1160,877830,16
2026-06-10 00:46:29,1,1,3182,627720,43,570
2026-06-10 00:46:29,1,2,3112,4043911716,42,2674560
2026-06-10 00:46:29,1,3,1327007432,1160,877830,16
2026-06-10 00:46:32,1,1,3182,627720,43,570
2026-06-10 00:46:32,1,2,3112,4043911716,42,2674560
2026-06-10 00:46:32,1,3,1327007432,1160,877830,16
2026-06-10 00:46:35,1,1,3182,627720,43,570
2026-06-10 00:46:35,1,2,3112,4043911716,42,2674560
2026-06-10 00:46:35,1,3,1327007432,1160,877830,16
2026-06-10 00:46:38,1,1,3182,627720,43,570
2026-06-10 00:46:38,1,2,3112,4043911716,42,2674560
2026-06-10 00:46:38,1,3,1327007432,1160,877830,16
2026-06-10 00:46:41,1,1,3182,627720,43,570
2026-06-10 00:46:41,1,2,3112,4043911716,42,2674560
2026-06-10 00:46:41,1,3,1327007432,1160,877830,16
2026-06-10 00:46:44,1,1,3182,627720,43,570
2026-06-10 00:46:44,1,2,3112,4043911716,42,2674560
2026-06-10 00:46:44,1,3,1327007432,1160,877830,16
2026-06-10 00:46:47,1,1,3182,627790,43,571
2026-06-10 00:46:47,1,2,3182,4043911716,43,2674560
2026-06-10 00:46:47,1,3,1327007502,1160,877831,16
2026-06-10 00:46:50,1,1,3182,627790,43,571
2026-06-10 00:46:50,1,2,3182,4043911716,43,2674560
2026-06-10 00:46:50,1,3,1327007502,1160,877831,16
2026-06-10 00:46:53,1,1,3182,627790,43,571
2026-06-10 00:46:53,1,2,3182,4043911716,43,2674560
2026-06-10 00:46:53,1,3,1327007502,1160,877831,16
2026-06-10 00:46:56,1,1,3182,627790,43,571
2026-06-10 00:46:56,1,2,3182,4043911716,43,2674560
2026-06-10 00:46:56,1,3,1327007502,1160,877831,16
2026-06-10 00:46:59,1,1,3182,627790,43,571
2026-06-10 00:46:59,1,2,3182,4043911716,43,2674560
2026-06-10 00:46:59,1,3,1327007502,1160,877831,16
2026-06-10 00:47:02,1,1,3182,627790,43,571
2026-06-10 00:47:02,1,2,3182,4043911716,43,2674560
2026-06-10 00:47:02,1,3,1327007502,1160,877831,16
2026-06-10 00:47:05,1,1,3182,627790,43,571
2026-06-10 00:47:05,1,2,3182,4043911716,43,2674560
2026-06-10 00:47:05,1,3,1327007502,1160,877831,16
2026-06-10 00:47:08,1,1,3182,627790,43,571
2026-06-10 00:47:08,1,2,3182,4043911716,43,2674560
2026-06-10 00:47:08,1,3,1327007502,1160,877831,16
2026-06-10 00:47:11,1,1,3182,627790,43,571
2026-06-10 00:47:11,1,2,3182,4043911716,43,2674560
2026-06-10 00:47:11,1,3,1327007502,1160,877831,16
2026-06-10 00:47:14,1,1,3182,627790,43,571
2026-06-10 00:47:14,1,2,3182,4043911716,43,2674560
2026-06-10 00:47:14,1,3,1327007502,1160,877831,16
2026-06-10 00:47:17,1,1,3182,627790,43,571
2026-06-10 00:47:17,1,2,3182,4043911716,43,2674560
2026-06-10 00:47:17,1,3,1327007502,1160,877831,16
2026-06-10 00:47:20,1,1,3182,627790,43,571
2026-06-10 00:47:20,1,2,3182,4043911716,43,2674560
2026-06-10 00:47:20,1,3,1327007502,1160,877831,16
2026-06-10 00:47:23,1,1,3182,627790,43,571
2026-06-10 00:47:23,1,2,3182,4043911716,43,2674560
2026-06-10 00:47:23,1,3,1327007502,1160,877831,16
2026-06-10 00:47:26,1,1,3182,627790,43,571
2026-06-10 00:47:26,1,2,3182,4043911716,43,2674560
2026-06-10 00:47:26,1,3,1327007502,1160,877831,16
2026-06-10 00:47:29,1,1,3182,627790,43,571
2026-06-10 00:47:29,1,2,3182,4043911716,43,2674560
2026-06-10 00:47:29,1,3,1327007502,1160,877831,16
2026-06-10 00:47:32,1,1,3182,627790,43,571
2026-06-10 00:47:32,1,2,3182,4043911716,43,2674560
2026-06-10 00:47:32,1,3,1327007502,1160,877831,16
2026-06-10 00:47:35,1,1,3182,627790,43,571
2026-06-10 00:47:35,1,2,3182,4043911716,43,2674560
2026-06-10 00:47:35,1,3,1327007502,1160,877831,16
2026-06-10 00:47:38,1,1,3182,627790,43,571
2026-06-10 00:47:38,1,2,3182,4043911716,43,2674560
2026-06-10 00:47:38,1,3,1327007502,1160,877831,16
2026-06-10 00:47:41,1,1,3182,627790,43,571
2026-06-10 00:47:41,1,2,3182,4043911716,43,2674560
2026-06-10 00:47:41,1,3,1327007502,1160,877831,16
2026-06-10 00:47:44,1,1,3182,627790,43,571
2026-06-10 00:47:44,1,2,3182,4043911716,43,2674560
2026-06-10 00:47:44,1,3,1327007502,1160,877831,16
2026-06-10 00:47:47,1,1,3182,627790,43,571
2026-06-10 00:47:47,1,2,3182,4043911716,43,2674560
2026-06-10 00:47:47,1,3,1327007502,1160,877831,16
2026-06-10 00:47:50,1,1,3182,627790,43,571
2026-06-10 00:47:50,1,2,3182,4043911716,43,2674560
2026-06-10 00:47:50,1,3,1327007502,1160,877831,16
2026-06-10 00:47:53,1,1,3182,627790,43,571
2026-06-10 00:47:53,1,2,3182,4043911716,43,2674560
2026-06-10 00:47:53,1,3,1327007502,1160,877831,16
2026-06-10 00:47:56,1,1,3182,627790,43,571
2026-06-10 00:47:56,1,2,3182,4043911716,43,2674560
2026-06-10 00:47:56,1,3,1327007502,1160,877831,16
2026-06-10 00:47:59,1,1,3182,627790,43,571
2026-06-10 00:47:59,1,2,3182,4043911716,43,2674560
2026-06-10 00:47:59,1,3,1327007502,1160,877831,16
2026-06-10 00:48:02,1,1,3182,627790,43,571
2026-06-10 00:48:02,1,2,3182,4043911716,43,2674560
2026-06-10 00:48:02,1,3,1327007502,1160,877831,16
2026-06-10 00:48:05,1,1,3182,627790,43,571
2026-06-10 00:48:05,1,2,3182,4043911716,43,2674560
2026-06-10 00:48:05,1,3,1327007502,1160,877831,16
2026-06-10 00:48:08,1,1,3182,627790,43,571
2026-06-10 00:48:08,1,2,3182,4043911716,43,2674560
2026-06-10 00:48:08,1,3,1327007502,1160,877831,16
2026-06-10 00:48:11,1,1,3182,627790,43,571
2026-06-10 00:48:11,1,2,3182,4043911716,43,2674560
2026-06-10 00:48:11,1,3,1327007502,1160,877831,16
2026-06-10 00:48:14,1,1,3182,627790,43,571
2026-06-10 00:48:14,1,2,3182,4043911716,43,2674560
2026-06-10 00:48:14,1,3,1327007502,1160,877831,16
2026-06-10 00:48:17,1,1,3182,627790,43,571
2026-06-10 00:48:17,1,2,3182,4043911716,43,2674560
2026-06-10 00:48:17,1,3,1327007502,1160,877831,16
2026-06-10 00:48:20,1,1,3182,627790,43,571
2026-06-10 00:48:20,1,2,3182,4043911716,43,2674560
2026-06-10 00:48:20,1,3,1327007502,1160,877831,16
2026-06-10 00:48:23,1,1,3182,627790,43,571
2026-06-10 00:48:23,1,2,3182,4043911716,43,2674560
2026-06-10 00:48:23,1,3,1327007502,1160,877831,16
2026-06-10 00:48:26,1,1,3182,627790,43,571
2026-06-10 00:48:26,1,2,3182,4043911716,43,2674560
2026-06-10 00:48:26,1,3,1327007502,1160,877831,16
2026-06-10 00:48:29,1,1,3182,627790,43,571
2026-06-10 00:48:29,1,2,3182,4043911716,43,2674560
2026-06-10 00:48:29,1,3,1327007502,1160,877831,16
2026-06-10 00:48:33,1,1,3182,627790,43,571
2026-06-10 00:48:33,1,2,3182,4043911716,43,2674560
2026-06-10 00:48:33,1,3,1327007502,1160,877831,16
2026-06-10 00:48:36,1,1,3182,627790,43,571
2026-06-10 00:48:36,1,2,3182,4043911716,43,2674560
2026-06-10 00:48:36,1,3,1327007502,1160,877831,16
2026-06-10 00:48:39,1,1,3182,627790,43,571
2026-06-10 00:48:39,1,2,3182,4043911716,43,2674560
2026-06-10 00:48:39,1,3,1327007502,1160,877831,16
2026-06-10 00:48:42,1,1,3182,627790,43,571
2026-06-10 00:48:42,1,2,3182,4043911716,43,2674560
2026-06-10 00:48:42,1,3,1327007502,1160,877831,16
2026-06-10 00:48:45,1,1,3182,627790,43,571
2026-06-10 00:48:45,1,2,3182,4043911716,43,2674560
2026-06-10 00:48:45,1,3,1327007502,1160,877831,16
2026-06-10 00:48:48,1,1,3182,627790,43,571
2026-06-10 00:48:48,1,2,3182,4043911716,43,2674560
2026-06-10 00:48:48,1,3,1327007502,1160,877831,16
2026-06-10 00:48:51,1,1,3182,627790,43,571
2026-06-10 00:48:51,1,2,3182,4043911716,43,2674560
2026-06-10 00:48:51,1,3,1327007502,1160,877831,16
2026-06-10 00:48:54,1,1,3182,627790,43,571
2026-06-10 00:48:54,1,2,3182,4043911716,43,2674560
2026-06-10 00:48:54,1,3,1327007502,1160,877831,16
2026-06-10 00:48:57,1,1,3182,627790,43,571
2026-06-10 00:48:57,1,2,3182,4043911716,43,2674560
2026-06-10 00:48:57,1,3,1327007502,1160,877831,16
2026-06-10 00:49:00,1,1,3182,627790,43,571
2026-06-10 00:49:00,1,2,3182,4043911716,43,2674560
2026-06-10 00:49:00,1,3,1327007502,1160,877831,16
2026-06-10 00:49:03,1,1,3182,627790,43,571
2026-06-10 00:49:03,1,2,3182,4043911716,43,2674560
2026-06-10 00:49:03,1,3,1327007502,1160,877831,16
2026-06-10 00:49:06,1,1,3182,627790,43,571
2026-06-10 00:49:06,1,2,3182,4043911716,43,2674560
2026-06-10 00:49:06,1,3,1327007502,1160,877831,16
2026-06-10 00:49:09,1,1,3182,627790,43,571
2026-06-10 00:49:09,1,2,3182,4043911716,43,2674560
2026-06-10 00:49:09,1,3,1327007502,1160,877831,16
2026-06-10 00:49:12,1,1,3182,627790,43,571
2026-06-10 00:49:12,1,2,3182,4043911716,43,2674560
2026-06-10 00:49:12,1,3,1327007502,1160,877831,16
2026-06-10 00:49:15,1,1,3182,627790,43,571
2026-06-10 00:49:15,1,2,3182,4043911716,43,2674560
2026-06-10 00:49:15,1,3,1327007502,1160,877831,16
2026-06-10 00:49:18,1,1,3182,627790,43,571
2026-06-10 00:49:18,1,2,3182,4043911716,43,2674560
2026-06-10 00:49:18,1,3,1327007502,1160,877831,16
2026-06-10 00:49:21,1,1,3182,627790,43,571
2026-06-10 00:49:21,1,2,3182,4043911716,43,2674560
2026-06-10 00:49:21,1,3,1327007502,1160,877831,16
2026-06-10 00:49:24,1,1,3182,627790,43,571
2026-06-10 00:49:24,1,2,3182,4043911716,43,2674560
2026-06-10 00:49:24,1,3,1327007502,1160,877831,16
2026-06-10 00:49:27,1,1,3182,627790,43,571
2026-06-10 00:49:27,1,2,3182,4043911716,43,2674560
2026-06-10 00:49:27,1,3,1327007502,1160,877831,16
2026-06-10 00:49:30,1,1,3182,627790,43,571
2026-06-10 00:49:30,1,2,3182,4043911716,43,2674560
2026-06-10 00:49:30,1,3,1327007502,1160,877831,16
2026-06-10 00:49:33,1,1,3182,627790,43,571
2026-06-10 00:49:33,1,2,3182,4043911716,43,2674560
2026-06-10 00:49:33,1,3,1327007502,1160,877831,16
2026-06-10 00:49:36,1,1,3182,627790,43,571
2026-06-10 00:49:36,1,2,3182,4043911716,43,2674560
2026-06-10 00:49:36,1,3,1327007502,1160,877831,16
2026-06-10 00:49:39,1,1,3182,627790,43,571
2026-06-10 00:49:39,1,2,3182,4043911716,43,2674560
2026-06-10 00:49:39,1,3,1327007502,1160,877831,16
2026-06-10 00:49:42,1,1,3182,627790,43,571
2026-06-10 00:49:42,1,2,3182,4043911716,43,2674560
2026-06-10 00:49:42,1,3,1327007502,1160,877831,16
2026-06-10 00:49:45,1,1,3182,627790,43,571
2026-06-10 00:49:45,1,2,3182,4043911716,43,2674560
2026-06-10 00:49:45,1,3,1327007502,1160,877831,16
2026-06-10 00:49:48,1,1,3182,627790,43,571
2026-06-10 00:49:48,1,2,3182,4043911716,43,2674560
2026-06-10 00:49:48,1,3,1327007502,1160,877831,16
2026-06-10 00:49:51,1,1,3182,627790,43,571
2026-06-10 00:49:51,1,2,3182,4043911716,43,2674560
2026-06-10 00:49:51,1,3,1327007502,1160,877831,16
2026-06-10 00:49:54,1,1,3182,627790,43,571
2026-06-10 00:49:54,1,2,3182,4043911716,43,2674560
2026-06-10 00:49:54,1,3,1327007502,1160,877831,16
2026-06-10 00:49:57,1,1,3182,627790,43,571
2026-06-10 00:49:57,1,2,3182,4043911716,43,2674560
2026-06-10 00:49:57,1,3,1327007502,1160,877831,16
2026-06-10 00:50:00,1,1,3182,627790,43,571
2026-06-10 00:50:00,1,2,3182,4043911716,43,2674560
2026-06-10 00:50:00,1,3,1327007502,1160,877831,16
2026-06-10 00:50:03,1,1,3252,627790,44,571
2026-06-10 00:50:03,1,2,3252,4043911716,44,2674560
2026-06-10 00:50:03,1,3,1327007572,1230,877832,17
2026-06-10 00:50:06,1,1,3252,627790,44,571
2026-06-10 00:50:06,1,2,3252,4043911716,44,2674560
2026-06-10 00:50:06,1,3,1327007572,1230,877832,17
2026-06-10 00:50:09,1,1,3252,627790,44,571
2026-06-10 00:50:09,1,2,3252,4043911716,44,2674560
2026-06-10 00:50:09,1,3,1327007572,1230,877832,17
2026-06-10 00:50:12,1,1,3252,627790,44,571
2026-06-10 00:50:12,1,2,3252,4043911716,44,2674560
2026-06-10 00:50:12,1,3,1327007572,1230,877832,17
2026-06-10 00:50:15,1,1,3252,627790,44,571
2026-06-10 00:50:15,1,2,3252,4043911716,44,2674560
2026-06-10 00:50:15,1,3,1327007572,1230,877832,17
2026-06-10 00:50:18,1,1,3252,627790,44,571
2026-06-10 00:50:18,1,2,3252,4043911716,44,2674560
2026-06-10 00:50:18,1,3,1327007572,1230,877832,17
2026-06-10 00:50:21,1,1,3252,627790,44,571
2026-06-10 00:50:21,1,2,3252,4043911716,44,2674560
2026-06-10 00:50:21,1,3,1327007572,1230,877832,17
2026-06-10 00:50:24,1,1,3252,627790,44,571
2026-06-10 00:50:24,1,2,3252,4043911716,44,2674560
2026-06-10 00:50:24,1,3,1327007572,1230,877832,17
2026-06-10 00:50:27,1,1,3252,627790,44,571
2026-06-10 00:50:27,1,2,3252,4043911716,44,2674560
2026-06-10 00:50:27,1,3,1327007572,1230,877832,17
2026-06-10 00:50:30,1,1,3252,627790,44,571
2026-06-10 00:50:30,1,2,3252,4043911716,44,2674560
2026-06-10 00:50:30,1,3,1327007572,1230,877832,17
2026-06-10 00:50:33,1,1,3252,627790,44,571
2026-06-10 00:50:33,1,2,3252,4043911716,44,2674560
2026-06-10 00:50:33,1,3,1327007572,1230,877832,17
2026-06-10 00:50:36,1,1,3252,627790,44,571
2026-06-10 00:50:36,1,2,3252,4043911716,44,2674560
2026-06-10 00:50:36,1,3,1327007572,1230,877832,17
2026-06-10 00:50:39,1,1,3252,627790,44,571
2026-06-10 00:50:39,1,2,3252,4043911716,44,2674560
2026-06-10 00:50:39,1,3,1327007572,1230,877832,17
2026-06-10 00:50:42,1,1,3252,627790,44,571
2026-06-10 00:50:42,1,2,3252,4043911716,44,2674560
2026-06-10 00:50:42,1,3,1327007572,1230,877832,17
2026-06-10 00:50:45,1,1,3252,627790,44,571
2026-06-10 00:50:45,1,2,3252,4043911716,44,2674560
2026-06-10 00:50:45,1,3,1327007572,1230,877832,17
2026-06-10 00:50:48,1,1,3252,627790,44,571
2026-06-10 00:50:48,1,2,3252,4043911716,44,2674560
2026-06-10 00:50:48,1,3,1327007572,1230,877832,17
2026-06-10 00:50:51,1,1,3252,627790,44,571
2026-06-10 00:50:51,1,2,3252,4043911716,44,2674560
2026-06-10 00:50:51,1,3,1327007572,1230,877832,17
2026-06-10 00:50:54,1,1,3252,627790,44,571
2026-06-10 00:50:54,1,2,3252,4043911716,44,2674560
2026-06-10 00:50:54,1,3,1327007572,1230,877832,17
2026-06-10 00:50:57,1,1,3252,627790,44,571
2026-06-10 00:50:57,1,2,3252,4043911716,44,2674560
2026-06-10 00:50:57,1,3,1327007572,1230,877832,17
2026-06-10 00:51:00,1,1,3252,627790,44,571
2026-06-10 00:51:00,1,2,3252,4043911716,44,2674560
2026-06-10 00:51:00,1,3,1327007572,1230,877832,17
2026-06-10 00:51:03,1,1,3252,627790,44,571
2026-06-10 00:51:03,1,2,3252,4043911716,44,2674560
2026-06-10 00:51:03,1,3,1327007572,1230,877832,17
2026-06-10 00:51:06,1,1,3252,627790,44,571
2026-06-10 00:51:06,1,2,3252,4043911716,44,2674560
2026-06-10 00:51:06,1,3,1327007572,1230,877832,17
2026-06-10 00:51:09,1,1,3252,627790,44,571
2026-06-10 00:51:09,1,2,3252,4043911716,44,2674560
2026-06-10 00:51:09,1,3,1327007572,1230,877832,17
2026-06-10 00:51:12,1,1,3252,627790,44,571
2026-06-10 00:51:12,1,2,3252,4043911716,44,2674560
2026-06-10 00:51:12,1,3,1327007572,1230,877832,17
2026-06-10 00:51:15,1,1,3252,627790,44,571
2026-06-10 00:51:15,1,2,3252,4043911716,44,2674560
2026-06-10 00:51:15,1,3,1327007572,1230,877832,17
2026-06-10 00:51:18,1,1,3252,627790,44,571
2026-06-10 00:51:18,1,2,3252,4043911716,44,2674560
2026-06-10 00:51:18,1,3,1327007572,1230,877832,17
2026-06-10 00:51:21,1,1,3252,627790,44,571
2026-06-10 00:51:21,1,2,3252,4043911716,44,2674560
2026-06-10 00:51:21,1,3,1327007572,1230,877832,17
2026-06-10 00:51:24,1,1,3252,627790,44,571
2026-06-10 00:51:24,1,2,3252,4043911716,44,2674560
2026-06-10 00:51:24,1,3,1327007572,1230,877832,17
2026-06-10 00:51:27,1,1,3252,627790,44,571
2026-06-10 00:51:27,1,2,3252,4043911716,44,2674560
2026-06-10 00:51:27,1,3,1327007572,1230,877832,17
2026-06-10 00:51:30,1,1,3252,627790,44,571
2026-06-10 00:51:30,1,2,3252,4043911716,44,2674560
2026-06-10 00:51:30,1,3,1327007572,1230,877832,17
2026-06-10 00:51:33,1,1,3252,627790,44,571
2026-06-10 00:51:33,1,2,3252,4043911716,44,2674560
2026-06-10 00:51:33,1,3,1327007572,1230,877832,17
2026-06-10 00:51:36,1,1,3252,627790,44,571
2026-06-10 00:51:36,1,2,3252,4043911716,44,2674560
2026-06-10 00:51:36,1,3,1327007572,1230,877832,17
2026-06-10 00:51:39,1,1,3252,627790,44,571
2026-06-10 00:51:39,1,2,3252,4043911716,44,2674560
2026-06-10 00:51:39,1,3,1327007572,1230,877832,17
2026-06-10 00:51:42,1,1,3252,627790,44,571
2026-06-10 00:51:42,1,2,3252,4043911716,44,2674560
2026-06-10 00:51:42,1,3,1327007572,1230,877832,17
2026-06-10 00:51:45,1,1,3252,627790,44,571
2026-06-10 00:51:45,1,2,3252,4043911716,44,2674560
2026-06-10 00:51:45,1,3,1327007572,1230,877832,17
2026-06-10 00:51:48,1,1,3252,627790,44,571
2026-06-10 00:51:48,1,2,3252,4043911716,44,2674560
2026-06-10 00:51:48,1,3,1327007572,1230,877832,17
2026-06-10 00:51:51,1,1,3252,627790,44,571
2026-06-10 00:51:51,1,2,3252,4043911716,44,2674560
2026-06-10 00:51:51,1,3,1327007572,1230,877832,17
2026-06-10 00:51:54,1,1,3252,627790,44,571
2026-06-10 00:51:54,1,2,3252,4043911716,44,2674560
2026-06-10 00:51:54,1,3,1327007572,1230,877832,17
2026-06-10 00:51:57,1,1,3252,627790,44,571
2026-06-10 00:51:57,1,2,3252,4043911716,44,2674560
2026-06-10 00:51:57,1,3,1327007572,1230,877832,17
2026-06-10 00:52:00,1,1,3252,627790,44,571
2026-06-10 00:52:00,1,2,3252,4043911716,44,2674560
2026-06-10 00:52:00,1,3,1327007572,1230,877832,17
2026-06-10 00:52:03,1,1,3252,627790,44,571
2026-06-10 00:52:03,1,2,3252,4043911716,44,2674560
2026-06-10 00:52:03,1,3,1327007572,1230,877832,17
2026-06-10 00:52:06,1,1,3252,627790,44,571
2026-06-10 00:52:06,1,2,3252,4043911716,44,2674560
2026-06-10 00:52:06,1,3,1327007572,1230,877832,17
2026-06-10 00:52:09,1,1,3252,627790,44,571
2026-06-10 00:52:09,1,2,3252,4043911716,44,2674560
2026-06-10 00:52:09,1,3,1327007572,1230,877832,17
2026-06-10 00:52:12,1,1,3252,627790,44,571
2026-06-10 00:52:12,1,2,3252,4043911716,44,2674560
2026-06-10 00:52:12,1,3,1327007572,1230,877832,17
2026-06-10 00:52:15,1,1,3252,627790,44,571
2026-06-10 00:52:15,1,2,3252,4043911716,44,2674560
2026-06-10 00:52:15,1,3,1327007572,1230,877832,17
2026-06-10 00:52:18,1,1,3252,627790,44,571
2026-06-10 00:52:18,1,2,3252,4043911716,44,2674560
2026-06-10 00:52:18,1,3,1327007572,1230,877832,17
2026-06-10 00:52:21,1,1,3252,627790,44,571
2026-06-10 00:52:21,1,2,3252,4043911716,44,2674560
2026-06-10 00:52:21,1,3,1327007572,1230,877832,17
2026-06-10 00:52:24,1,1,3252,627790,44,571
2026-06-10 00:52:24,1,2,3252,4043911716,44,2674560
2026-06-10 00:52:24,1,3,1327007572,1230,877832,17
2026-06-10 00:52:27,1,1,3252,627790,44,571
2026-06-10 00:52:27,1,2,3252,4043911716,44,2674560
2026-06-10 00:52:27,1,3,1327007572,1230,877832,17
2026-06-10 00:52:30,1,1,3252,627790,44,571
2026-06-10 00:52:30,1,2,3252,4043911716,44,2674560
2026-06-10 00:52:30,1,3,1327007572,1230,877832,17
2026-06-10 00:52:33,1,1,3252,627790,44,571
2026-06-10 00:52:33,1,2,3252,4043911716,44,2674560
2026-06-10 00:52:33,1,3,1327007572,1230,877832,17
2026-06-10 00:52:36,1,1,3252,627790,44,571
2026-06-10 00:52:36,1,2,3252,4043911716,44,2674560
2026-06-10 00:52:36,1,3,1327007572,1230,877832,17
2026-06-10 00:52:39,1,1,3252,627790,44,571
2026-06-10 00:52:39,1,2,3252,4043911716,44,2674560
2026-06-10 00:52:39,1,3,1327007572,1230,877832,17
2026-06-10 00:52:42,1,1,3252,627790,44,571
2026-06-10 00:52:42,1,2,3252,4043911716,44,2674560
2026-06-10 00:52:42,1,3,1327007572,1230,877832,17
2026-06-10 00:52:45,1,1,3252,627790,44,571
2026-06-10 00:52:45,1,2,3252,4043911716,44,2674560
2026-06-10 00:52:45,1,3,1327007572,1230,877832,17
2026-06-10 00:52:48,1,1,3252,627790,44,571
2026-06-10 00:52:48,1,2,3252,4043911716,44,2674560
2026-06-10 00:52:48,1,3,1327007572,1230,877832,17
2026-06-10 00:52:51,1,1,3252,627790,44,571
2026-06-10 00:52:51,1,2,3252,4043911716,44,2674560
2026-06-10 00:52:51,1,3,1327007572,1230,877832,17
2026-06-10 00:52:54,1,1,3252,627790,44,571
2026-06-10 00:52:54,1,2,3252,4043911716,44,2674560
2026-06-10 00:52:54,1,3,1327007572,1230,877832,17
2026-06-10 00:52:57,1,1,3252,627790,44,571
2026-06-10 00:52:57,1,2,3252,4043911716,44,2674560
2026-06-10 00:52:57,1,3,1327007572,1230,877832,17
2026-06-10 00:53:00,1,1,3252,627790,44,571
2026-06-10 00:53:00,1,2,3252,4043911716,44,2674560
2026-06-10 00:53:00,1,3,1327007572,1230,877832,17
2026-06-10 00:53:03,1,1,3252,627790,44,571
2026-06-10 00:53:03,1,2,3252,4043911716,44,2674560
2026-06-10 00:53:03,1,3,1327007572,1230,877832,17
2026-06-10 00:53:06,1,1,3252,627790,44,571
2026-06-10 00:53:06,1,2,3252,4043911716,44,2674560
2026-06-10 00:53:06,1,3,1327007572,1230,877832,17
2026-06-10 00:53:09,1,1,3252,627790,44,571
2026-06-10 00:53:09,1,2,3252,4043911716,44,2674560
2026-06-10 00:53:09,1,3,1327007572,1230,877832,17
2026-06-10 00:53:12,1,1,3252,627790,44,571
2026-06-10 00:53:12,1,2,3252,4043911716,44,2674560
2026-06-10 00:53:12,1,3,1327007572,1230,877832,17
2026-06-10 00:53:15,1,1,3252,627790,44,571
2026-06-10 00:53:15,1,2,3252,4043911716,44,2674560
2026-06-10 00:53:15,1,3,1327007572,1230,877832,17
2026-06-10 00:53:18,1,1,3252,627790,44,571
2026-06-10 00:53:18,1,2,3252,4043911716,44,2674560
2026-06-10 00:53:18,1,3,1327007572,1230,877832,17
2026-06-10 00:53:21,1,1,3252,627790,44,571
2026-06-10 00:53:21,1,2,3252,4043911716,44,2674560
2026-06-10 00:53:21,1,3,1327007572,1230,877832,17
2026-06-10 00:53:24,1,1,3252,627790,44,571
2026-06-10 00:53:24,1,2,3252,4043911716,44,2674560
2026-06-10 00:53:24,1,3,1327007572,1230,877832,17
2026-06-10 00:53:27,1,1,3252,627790,44,571
2026-06-10 00:53:27,1,2,3252,4043911716,44,2674560
2026-06-10 00:53:27,1,3,1327007572,1230,877832,17
2026-06-10 00:53:30,1,1,3252,627790,44,571
2026-06-10 00:53:30,1,2,3252,4043911716,44,2674560
2026-06-10 00:53:30,1,3,1327007572,1230,877832,17
2026-06-10 00:53:33,1,1,3252,627790,44,571
2026-06-10 00:53:33,1,2,3252,4043911716,44,2674560
2026-06-10 00:53:33,1,3,1327007572,1230,877832,17
2026-06-10 00:53:36,1,1,3252,627790,44,571
2026-06-10 00:53:36,1,2,3252,4043911716,44,2674560
2026-06-10 00:53:36,1,3,1327007572,1230,877832,17
2026-06-10 00:53:39,1,1,3252,627790,44,571
2026-06-10 00:53:39,1,2,3252,4043911716,44,2674560
2026-06-10 00:53:39,1,3,1327007572,1230,877832,17
2026-06-10 00:53:42,1,1,3252,627790,44,571
2026-06-10 00:53:42,1,2,3252,4043911716,44,2674560
2026-06-10 00:53:42,1,3,1327007572,1230,877832,17
2026-06-10 00:53:45,1,1,3252,627790,44,571
2026-06-10 00:53:45,1,2,3252,4043911716,44,2674560
2026-06-10 00:53:45,1,3,1327007572,1230,877832,17
2026-06-10 00:53:48,1,1,3252,627790,44,571
2026-06-10 00:53:48,1,2,3252,4043911716,44,2674560
2026-06-10 00:53:48,1,3,1327007572,1230,877832,17
2026-06-10 00:53:51,1,1,3252,627790,44,571
2026-06-10 00:53:51,1,2,3252,4043911716,44,2674560
2026-06-10 00:53:51,1,3,1327007572,1230,877832,17
2026-06-10 00:53:54,1,1,3252,627790,44,571
2026-06-10 00:53:54,1,2,3252,4043911716,44,2674560
2026-06-10 00:53:54,1,3,1327007572,1230,877832,17
2026-06-10 00:53:57,1,1,3252,627790,44,571
2026-06-10 00:53:57,1,2,3252,4043911716,44,2674560
2026-06-10 00:53:57,1,3,1327007572,1230,877832,17
2026-06-10 00:54:00,1,1,3252,627790,44,571
2026-06-10 00:54:00,1,2,3252,4043911716,44,2674560
2026-06-10 00:54:00,1,3,1327007572,1230,877832,17
2026-06-10 00:54:03,1,1,3252,627790,44,571
2026-06-10 00:54:03,1,2,3252,4043911716,44,2674560
2026-06-10 00:54:03,1,3,1327007572,1230,877832,17
2026-06-10 00:54:06,1,1,3252,627790,44,571
2026-06-10 00:54:06,1,2,3252,4043911716,44,2674560
2026-06-10 00:54:06,1,3,1327007572,1230,877832,17
2026-06-10 00:54:09,1,1,3252,627790,44,571
2026-06-10 00:54:09,1,2,3252,4043911716,44,2674560
2026-06-10 00:54:09,1,3,1327007572,1230,877832,17
2026-06-10 00:54:12,1,1,3252,627790,44,571
2026-06-10 00:54:12,1,2,3252,4043911716,44,2674560
2026-06-10 00:54:12,1,3,1327007572,1230,877832,17
2026-06-10 00:54:15,1,1,3252,627790,44,571
2026-06-10 00:54:15,1,2,3252,4043911716,44,2674560
2026-06-10 00:54:15,1,3,1327007572,1230,877832,17
2026-06-10 00:54:18,1,1,3252,627790,44,571
2026-06-10 00:54:18,1,2,3252,4043911716,44,2674560
2026-06-10 00:54:18,1,3,1327007572,1230,877832,17
2026-06-10 00:54:21,1,1,3252,627790,44,571
2026-06-10 00:54:21,1,2,3252,4043911716,44,2674560
2026-06-10 00:54:21,1,3,1327007572,1230,877832,17
2026-06-10 00:54:24,1,1,3252,627790,44,571
2026-06-10 00:54:24,1,2,3252,4043911716,44,2674560
2026-06-10 00:54:24,1,3,1327007572,1230,877832,17
2026-06-10 00:54:27,1,1,3252,627790,44,571
2026-06-10 00:54:27,1,2,3252,4043911716,44,2674560
2026-06-10 00:54:27,1,3,1327007572,1230,877832,17
2026-06-10 00:54:30,1,1,3252,627790,44,571
2026-06-10 00:54:30,1,2,3252,4043911716,44,2674560
2026-06-10 00:54:30,1,3,1327007572,1230,877832,17
2026-06-10 00:54:33,1,1,3252,627790,44,571
2026-06-10 00:54:33,1,2,3252,4043911716,44,2674560
2026-06-10 00:54:33,1,3,1327007572,1230,877832,17
2026-06-10 00:54:36,1,1,3252,627790,44,571
2026-06-10 00:54:36,1,2,3252,4043911716,44,2674560
2026-06-10 00:54:36,1,3,1327007572,1230,877832,17
2026-06-10 00:54:39,1,1,3252,627790,44,571
2026-06-10 00:54:39,1,2,3252,4043911716,44,2674560
2026-06-10 00:54:39,1,3,1327007572,1230,877832,17
2026-06-10 00:54:42,1,1,3252,627790,44,571
2026-06-10 00:54:42,1,2,3252,4043911716,44,2674560
2026-06-10 00:54:42,1,3,1327007572,1230,877832,17
2026-06-10 00:54:45,1,1,3252,627790,44,571
2026-06-10 00:54:45,1,2,3252,4043911716,44,2674560
2026-06-10 00:54:45,1,3,1327007572,1230,877832,17
2026-06-10 00:54:48,1,1,3252,627790,44,571
2026-06-10 00:54:48,1,2,3252,4043911716,44,2674560
2026-06-10 00:54:48,1,3,1327007572,1230,877832,17
2026-06-10 00:54:51,1,1,3252,627790,44,571
2026-06-10 00:54:51,1,2,3252,4043911716,44,2674560
2026-06-10 00:54:51,1,3,1327007572,1230,877832,17
2026-06-10 00:54:54,1,1,3252,627790,44,571
2026-06-10 00:54:54,1,2,3252,4043911716,44,2674560
2026-06-10 00:54:54,1,3,1327007572,1230,877832,17
2026-06-10 00:54:57,1,1,3252,627790,44,571
2026-06-10 00:54:57,1,2,3252,4043911716,44,2674560
2026-06-10 00:54:57,1,3,1327007572,1230,877832,17
2026-06-10 00:55:00,1,1,3252,627790,44,571
2026-06-10 00:55:00,1,2,3252,4043911716,44,2674560
2026-06-10 00:55:00,1,3,1327007572,1230,877832,17
2026-06-10 00:55:03,1,1,3252,627790,44,571
2026-06-10 00:55:03,1,2,3252,4043911716,44,2674560
2026-06-10 00:55:03,1,3,1327007572,1230,877832,17
2026-06-10 00:55:06,1,1,3252,627790,44,571
2026-06-10 00:55:06,1,2,3252,4043911716,44,2674560
2026-06-10 00:55:06,1,3,1327007572,1230,877832,17
2026-06-10 00:55:09,1,1,3252,627790,44,571
2026-06-10 00:55:09,1,2,3252,4043911716,44,2674560
2026-06-10 00:55:09,1,3,1327007572,1230,877832,17
2026-06-10 00:55:12,1,1,3252,627790,44,571
2026-06-10 00:55:12,1,2,3252,4043911716,44,2674560
2026-06-10 00:55:12,1,3,1327007572,1230,877832,17
2026-06-10 00:55:15,1,1,3252,627790,44,571
2026-06-10 00:55:15,1,2,3252,4043911716,44,2674560
2026-06-10 00:55:15,1,3,1327007572,1230,877832,17
2026-06-10 00:55:18,1,1,3252,627790,44,571
2026-06-10 00:55:18,1,2,3252,4043911716,44,2674560
2026-06-10 00:55:18,1,3,1327007572,1230,877832,17
2026-06-10 00:55:21,1,1,3252,627790,44,571
2026-06-10 00:55:21,1,2,3252,4043911716,44,2674560
2026-06-10 00:55:21,1,3,1327007572,1230,877832,17
2026-06-10 00:55:24,1,1,3252,627790,44,571
2026-06-10 00:55:24,1,2,3252,4043911716,44,2674560
2026-06-10 00:55:24,1,3,1327007572,1230,877832,17
2026-06-10 00:55:27,1,1,3252,627790,44,571
2026-06-10 00:55:27,1,2,3252,4043911716,44,2674560
2026-06-10 00:55:27,1,3,1327007572,1230,877832,17
2026-06-10 00:55:30,1,1,3252,627790,44,571
2026-06-10 00:55:30,1,2,3252,4043911716,44,2674560
2026-06-10 00:55:30,1,3,1327007572,1230,877832,17
2026-06-10 00:55:33,1,1,3252,627790,44,571
2026-06-10 00:55:33,1,2,3252,4043911716,44,2674560
2026-06-10 00:55:33,1,3,1327007572,1230,877832,17
2026-06-10 00:55:36,1,1,3252,627790,44,571
2026-06-10 00:55:36,1,2,3252,4043911716,44,2674560
2026-06-10 00:55:36,1,3,1327007572,1230,877832,17
2026-06-10 00:55:39,1,1,3252,627790,44,571
2026-06-10 00:55:39,1,2,3252,4043911716,44,2674560
2026-06-10 00:55:39,1,3,1327007572,1230,877832,17
2026-06-10 00:55:42,1,1,3252,627790,44,571
2026-06-10 00:55:42,1,2,3252,4043911716,44,2674560
2026-06-10 00:55:42,1,3,1327007572,1230,877832,17
2026-06-10 00:55:45,1,1,3252,627790,44,571
2026-06-10 00:55:45,1,2,3252,4043911716,44,2674560
2026-06-10 00:55:45,1,3,1327007572,1230,877832,17
2026-06-10 00:55:48,1,1,3252,627790,44,571
2026-06-10 00:55:48,1,2,3252,4043911716,44,2674560
2026-06-10 00:55:48,1,3,1327007572,1230,877832,17
2026-06-10 00:55:51,1,1,3252,627790,44,571
2026-06-10 00:55:51,1,2,3252,4043911716,44,2674560
2026-06-10 00:55:51,1,3,1327007572,1230,877832,17
2026-06-10 00:55:54,1,1,3252,627790,44,571
2026-06-10 00:55:54,1,2,3252,4043911716,44,2674560
2026-06-10 00:55:54,1,3,1327007572,1230,877832,17
2026-06-10 00:55:57,1,1,3252,627790,44,571
2026-06-10 00:55:57,1,2,3252,4043911716,44,2674560
2026-06-10 00:55:57,1,3,1327007572,1230,877832,17
2026-06-10 00:56:00,1,1,3252,627790,44,571
2026-06-10 00:56:00,1,2,3252,4043911716,44,2674560
2026-06-10 00:56:00,1,3,1327007572,1230,877832,17
2026-06-10 00:56:03,1,1,3252,627790,44,571
2026-06-10 00:56:03,1,2,3252,4043911716,44,2674560
2026-06-10 00:56:03,1,3,1327007572,1230,877832,17
2026-06-10 00:56:06,1,1,3252,627790,44,571
2026-06-10 00:56:06,1,2,3252,4043911716,44,2674560
2026-06-10 00:56:06,1,3,1327007572,1230,877832,17
2026-06-10 00:56:09,1,1,3252,627790,44,571
2026-06-10 00:56:09,1,2,3252,4043911716,44,2674560
2026-06-10 00:56:09,1,3,1327007572,1230,877832,17
2026-06-10 00:56:12,1,1,3252,627790,44,571
2026-06-10 00:56:12,1,2,3252,4043911716,44,2674560
2026-06-10 00:56:12,1,3,1327007572,1230,877832,17
2026-06-10 00:56:15,1,1,3252,627790,44,571
2026-06-10 00:56:15,1,2,3252,4043911716,44,2674560
2026-06-10 00:56:15,1,3,1327007572,1230,877832,17
2026-06-10 00:56:18,1,1,3252,627790,44,571
2026-06-10 00:56:18,1,2,3252,4043911716,44,2674560
2026-06-10 00:56:18,1,3,1327007572,1230,877832,17
2026-06-10 00:56:21,1,1,3252,627790,44,571
2026-06-10 00:56:21,1,2,3252,4043911716,44,2674560
2026-06-10 00:56:21,1,3,1327007572,1230,877832,17
2026-06-10 00:56:24,1,1,3252,627790,44,571
2026-06-10 00:56:24,1,2,3252,4043911716,44,2674560
2026-06-10 00:56:24,1,3,1327007572,1230,877832,17
2026-06-10 00:56:27,1,1,3252,627790,44,571
2026-06-10 00:56:27,1,2,3252,4043911716,44,2674560
2026-06-10 00:56:27,1,3,1327007572,1230,877832,17
2026-06-10 00:56:30,1,1,3252,627790,44,571
2026-06-10 00:56:30,1,2,3252,4043911716,44,2674560
2026-06-10 00:56:30,1,3,1327007572,1230,877832,17
2026-06-10 00:56:33,1,1,3252,627790,44,571
2026-06-10 00:56:33,1,2,3252,4043911716,44,2674560
2026-06-10 00:56:33,1,3,1327007572,1230,877832,17
2026-06-10 00:56:36,1,1,3252,627790,44,571
2026-06-10 00:56:36,1,2,3252,4043911716,44,2674560
2026-06-10 00:56:36,1,3,1327007572,1230,877832,17
2026-06-10 00:56:39,1,1,3252,627790,44,571
2026-06-10 00:56:39,1,2,3252,4043911716,44,2674560
2026-06-10 00:56:39,1,3,1327007572,1230,877832,17
2026-06-10 00:56:42,1,1,3252,627790,44,571
2026-06-10 00:56:42,1,2,3252,4043911716,44,2674560
2026-06-10 00:56:42,1,3,1327007572,1230,877832,17
2026-06-10 00:56:45,1,1,3252,627790,44,571
2026-06-10 00:56:45,1,2,3252,4043911716,44,2674560
2026-06-10 00:56:45,1,3,1327007572,1230,877832,17
2026-06-10 00:56:48,1,1,3252,627790,44,571
2026-06-10 00:56:48,1,2,3252,4043911716,44,2674560
2026-06-10 00:56:48,1,3,1327007572,1230,877832,17
2026-06-10 00:56:51,1,1,3252,627790,44,571
2026-06-10 00:56:51,1,2,3252,4043911716,44,2674560
2026-06-10 00:56:51,1,3,1327007572,1230,877832,17
2026-06-10 00:56:54,1,1,3252,627790,44,571
2026-06-10 00:56:54,1,2,3252,4043911716,44,2674560
2026-06-10 00:56:54,1,3,1327007572,1230,877832,17
2026-06-10 00:56:57,1,1,3252,627790,44,571
2026-06-10 00:56:57,1,2,3252,4043911716,44,2674560
2026-06-10 00:56:57,1,3,1327007572,1230,877832,17
2026-06-10 00:57:00,1,1,3252,627790,44,571
2026-06-10 00:57:00,1,2,3252,4043911716,44,2674560
2026-06-10 00:57:00,1,3,1327007572,1230,877832,17
2026-06-10 00:57:03,1,1,3252,627790,44,571
2026-06-10 00:57:03,1,2,3252,4043911716,44,2674560
2026-06-10 00:57:03,1,3,1327007572,1230,877832,17
2026-06-10 00:57:06,1,1,3252,627790,44,571
2026-06-10 00:57:06,1,2,3252,4043911716,44,2674560
2026-06-10 00:57:06,1,3,1327007572,1230,877832,17
2026-06-10 00:57:09,1,1,3252,627790,44,571
2026-06-10 00:57:09,1,2,3252,4043911716,44,2674560
2026-06-10 00:57:09,1,3,1327007572,1230,877832,17
2026-06-10 00:57:12,1,1,3252,627790,44,571
2026-06-10 00:57:12,1,2,3252,4043911716,44,2674560
2026-06-10 00:57:12,1,3,1327007572,1230,877832,17
2026-06-10 00:57:15,1,1,3252,627790,44,571
2026-06-10 00:57:15,1,2,3252,4043911716,44,2674560
2026-06-10 00:57:15,1,3,1327007572,1230,877832,17
2026-06-10 00:57:18,1,1,3252,627790,44,571
2026-06-10 00:57:18,1,2,3252,4043911716,44,2674560
2026-06-10 00:57:18,1,3,1327007572,1230,877832,17
2026-06-10 00:57:21,1,1,3252,627790,44,571
2026-06-10 00:57:21,1,2,3252,4043911716,44,2674560
2026-06-10 00:57:21,1,3,1327007572,1230,877832,17
2026-06-10 00:57:24,1,1,3252,627790,44,571
2026-06-10 00:57:24,1,2,3252,4043911716,44,2674560
2026-06-10 00:57:24,1,3,1327007572,1230,877832,17
2026-06-10 00:57:27,1,1,3252,627790,44,571
2026-06-10 00:57:27,1,2,3252,4043911716,44,2674560
2026-06-10 00:57:27,1,3,1327007572,1230,877832,17
2026-06-10 00:57:30,1,1,3252,627790,44,571
2026-06-10 00:57:30,1,2,3252,4043911716,44,2674560
2026-06-10 00:57:30,1,3,1327007572,1230,877832,17
2026-06-10 00:57:33,1,1,3252,627790,44,571
2026-06-10 00:57:33,1,2,3252,4043911716,44,2674560
2026-06-10 00:57:33,1,3,1327007572,1230,877832,17
2026-06-10 00:57:36,1,1,3252,627790,44,571
2026-06-10 00:57:36,1,2,3252,4043911716,44,2674560
2026-06-10 00:57:36,1,3,1327007572,1230,877832,17
2026-06-10 00:57:39,1,1,3252,627790,44,571
2026-06-10 00:57:39,1,2,3252,4043911716,44,2674560
2026-06-10 00:57:39,1,3,1327007572,1230,877832,17
2026-06-10 00:57:42,1,1,3252,627790,44,571
2026-06-10 00:57:42,1,2,3252,4043911716,44,2674560
2026-06-10 00:57:42,1,3,1327007572,1230,877832,17
2026-06-10 00:57:45,1,1,3252,627790,44,571
2026-06-10 00:57:45,1,2,3252,4043911716,44,2674560
2026-06-10 00:57:45,1,3,1327007572,1230,877832,17
2026-06-10 00:57:48,1,1,3252,627790,44,571
2026-06-10 00:57:48,1,2,3252,4043911716,44,2674560
2026-06-10 00:57:48,1,3,1327007572,1230,877832,17
2026-06-10 00:57:51,1,1,3252,627790,44,571
2026-06-10 00:57:51,1,2,3252,4043911716,44,2674560
2026-06-10 00:57:51,1,3,1327007572,1230,877832,17
2026-06-10 00:57:54,1,1,3252,627790,44,571
2026-06-10 00:57:54,1,2,3252,4043911716,44,2674560
2026-06-10 00:57:54,1,3,1327007572,1230,877832,17
2026-06-10 00:57:57,1,1,3252,627790,44,571
2026-06-10 00:57:57,1,2,3252,4043911716,44,2674560
2026-06-10 00:57:57,1,3,1327007572,1230,877832,17
2026-06-10 00:58:00,1,1,3252,627790,44,571
2026-06-10 00:58:00,1,2,3252,4043911716,44,2674560
2026-06-10 00:58:00,1,3,1327007572,1230,877832,17
2026-06-10 00:58:03,1,1,3252,627790,44,571
2026-06-10 00:58:03,1,2,3252,4043911716,44,2674560
2026-06-10 00:58:03,1,3,1327007572,1230,877832,17
2026-06-10 00:58:06,1,1,3252,627790,44,571
2026-06-10 00:58:06,1,2,3252,4043911716,44,2674560
2026-06-10 00:58:06,1,3,1327007572,1230,877832,17
2026-06-10 00:58:09,1,1,3252,627790,44,571
2026-06-10 00:58:09,1,2,3252,4043911716,44,2674560
2026-06-10 00:58:09,1,3,1327007572,1230,877832,17
2026-06-10 00:58:12,1,1,3252,627790,44,571
2026-06-10 00:58:12,1,2,3252,4043911716,44,2674560
2026-06-10 00:58:12,1,3,1327007572,1230,877832,17
2026-06-10 00:58:15,1,1,3252,627790,44,571
2026-06-10 00:58:15,1,2,3252,4043911716,44,2674560
2026-06-10 00:58:15,1,3,1327007572,1230,877832,17
2026-06-10 00:58:18,1,1,3252,627790,44,571
2026-06-10 00:58:18,1,2,3252,4043911716,44,2674560
2026-06-10 00:58:18,1,3,1327007572,1230,877832,17
2026-06-10 00:58:21,1,1,3252,627790,44,571
2026-06-10 00:58:21,1,2,3252,4043911716,44,2674560
2026-06-10 00:58:21,1,3,1327007572,1230,877832,17
2026-06-10 00:58:24,1,1,3252,627790,44,571
2026-06-10 00:58:24,1,2,3252,4043911716,44,2674560
2026-06-10 00:58:24,1,3,1327007572,1230,877832,17
2026-06-10 00:58:27,1,1,3252,627790,44,571
2026-06-10 00:58:27,1,2,3252,4043911716,44,2674560
2026-06-10 00:58:27,1,3,1327007572,1230,877832,17
2026-06-10 00:58:30,1,1,3252,627790,44,571
2026-06-10 00:58:30,1,2,3252,4043911716,44,2674560
2026-06-10 00:58:30,1,3,1327007572,1230,877832,17
2026-06-10 00:58:33,1,1,3252,627790,44,571
2026-06-10 00:58:33,1,2,3252,4043911716,44,2674560
2026-06-10 00:58:33,1,3,1327007572,1230,877832,17
2026-06-10 00:58:36,1,1,3252,627790,44,571
2026-06-10 00:58:36,1,2,3252,4043911716,44,2674560
2026-06-10 00:58:36,1,3,1327007572,1230,877832,17
2026-06-10 00:58:39,1,1,3252,627790,44,571
2026-06-10 00:58:39,1,2,3252,4043911716,44,2674560
2026-06-10 00:58:39,1,3,1327007572,1230,877832,17
2026-06-10 00:58:42,1,1,3252,627790,44,571
2026-06-10 00:58:42,1,2,3252,4043911716,44,2674560
2026-06-10 00:58:42,1,3,1327007572,1230,877832,17
2026-06-10 00:58:45,1,1,3252,627790,44,571
2026-06-10 00:58:45,1,2,3252,4043911716,44,2674560
2026-06-10 00:58:45,1,3,1327007572,1230,877832,17
2026-06-10 00:58:48,1,1,3252,627790,44,571
2026-06-10 00:58:48,1,2,3252,4043911716,44,2674560
2026-06-10 00:58:48,1,3,1327007572,1230,877832,17
2026-06-10 00:58:51,1,1,3252,627790,44,571
2026-06-10 00:58:51,1,2,3252,4043911716,44,2674560
2026-06-10 00:58:51,1,3,1327007572,1230,877832,17
2026-06-10 00:58:54,1,1,3252,627790,44,571
2026-06-10 00:58:54,1,2,3252,4043911716,44,2674560
2026-06-10 00:58:54,1,3,1327007572,1230,877832,17
2026-06-10 00:58:57,1,1,3252,627790,44,571
2026-06-10 00:58:57,1,2,3252,4043911716,44,2674560
2026-06-10 00:58:57,1,3,1327007572,1230,877832,17
2026-06-10 00:59:00,1,1,3252,627790,44,571
2026-06-10 00:59:00,1,2,3252,4043911716,44,2674560
2026-06-10 00:59:00,1,3,1327007572,1230,877832,17
2026-06-10 00:59:03,1,1,3252,627790,44,571
2026-06-10 00:59:03,1,2,3252,4043911716,44,2674560
2026-06-10 00:59:03,1,3,1327007572,1230,877832,17
2026-06-10 00:59:06,1,1,3252,627790,44,571
2026-06-10 00:59:06,1,2,3252,4043911716,44,2674560
2026-06-10 00:59:06,1,3,1327007572,1230,877832,17
2026-06-10 00:59:09,1,1,3252,627790,44,571
2026-06-10 00:59:09,1,2,3252,4043911716,44,2674560
2026-06-10 00:59:09,1,3,1327007572,1230,877832,17
2026-06-10 00:59:12,1,1,3252,627790,44,571
2026-06-10 00:59:12,1,2,3252,4043911716,44,2674560
2026-06-10 00:59:12,1,3,1327007572,1230,877832,17
2026-06-10 00:59:15,1,1,3252,627790,44,571
2026-06-10 00:59:15,1,2,3252,4043911716,44,2674560
2026-06-10 00:59:15,1,3,1327007572,1230,877832,17
2026-06-10 00:59:18,1,1,3252,627790,44,571
2026-06-10 00:59:18,1,2,3252,4043911716,44,2674560
2026-06-10 00:59:18,1,3,1327007572,1230,877832,17
2026-06-10 00:59:21,1,1,3252,627790,44,571
2026-06-10 00:59:21,1,2,3252,4043911716,44,2674560
2026-06-10 00:59:21,1,3,1327007572,1230,877832,17
2026-06-10 00:59:24,1,1,3252,627790,44,571
2026-06-10 00:59:24,1,2,3252,4043911716,44,2674560
2026-06-10 00:59:24,1,3,1327007572,1230,877832,17
2026-06-10 00:59:27,1,1,3252,627790,44,571
2026-06-10 00:59:27,1,2,3252,4043911716,44,2674560
2026-06-10 00:59:27,1,3,1327007572,1230,877832,17
2026-06-10 00:59:30,1,1,3252,627790,44,571
2026-06-10 00:59:30,1,2,3252,4043911716,44,2674560
2026-06-10 00:59:30,1,3,1327007572,1230,877832,17
2026-06-10 00:59:33,1,1,3252,627790,44,571
2026-06-10 00:59:33,1,2,3252,4043911716,44,2674560
2026-06-10 00:59:33,1,3,1327007572,1230,877832,17
2026-06-10 00:59:36,1,1,3252,627790,44,571
2026-06-10 00:59:36,1,2,3252,4043911716,44,2674560
2026-06-10 00:59:36,1,3,1327007572,1230,877832,17
2026-06-10 00:59:39,1,1,3252,627790,44,571
2026-06-10 00:59:39,1,2,3252,4043911716,44,2674560
2026-06-10 00:59:39,1,3,1327007572,1230,877832,17
2026-06-10 00:59:42,1,1,3252,627790,44,571
2026-06-10 00:59:42,1,2,3252,4043911716,44,2674560
2026-06-10 00:59:42,1,3,1327007572,1230,877832,17
2026-06-10 00:59:45,1,1,3252,627790,44,571
2026-06-10 00:59:45,1,2,3252,4043911716,44,2674560
2026-06-10 00:59:45,1,3,1327007572,1230,877832,17
2026-06-10 00:59:48,1,1,3252,627790,44,571
2026-06-10 00:59:48,1,2,3252,4043911716,44,2674560
2026-06-10 00:59:48,1,3,1327007572,1230,877832,17
2026-06-10 00:59:51,1,1,3252,627790,44,571
2026-06-10 00:59:51,1,2,3252,4043911716,44,2674560
2026-06-10 00:59:51,1,3,1327007572,1230,877832,17
2026-06-10 00:59:54,1,1,3252,627790,44,571
2026-06-10 00:59:54,1,2,3252,4043911716,44,2674560
2026-06-10 00:59:54,1,3,1327007572,1230,877832,17
2026-06-10 00:59:57,1,1,3252,627790,44,571
2026-06-10 00:59:57,1,2,3252,4043911716,44,2674560
2026-06-10 00:59:57,1,3,1327007572,1230,877832,17
2026-06-10 01:00:00,1,1,3252,627790,44,571
2026-06-10 01:00:00,1,2,3252,4043911716,44,2674560
2026-06-10 01:00:00,1,3,1327007572,1230,877832,17
2026-06-10 01:00:03,1,1,3252,627790,44,571
2026-06-10 01:00:03,1,2,3252,4043911716,44,2674560
2026-06-10 01:00:03,1,3,1327007572,1230,877832,17
2026-06-10 01:00:06,1,1,3252,627790,44,571
2026-06-10 01:00:06,1,2,3252,4043911716,44,2674560
2026-06-10 01:00:06,1,3,1327007572,1230,877832,17
2026-06-10 01:00:09,1,1,3252,627790,44,571
2026-06-10 01:00:09,1,2,3252,4043911716,44,2674560
2026-06-10 01:00:09,1,3,1327007572,1230,877832,17
2026-06-10 01:00:12,1,1,3252,627790,44,571
2026-06-10 01:00:12,1,2,3252,4043911716,44,2674560
2026-06-10 01:00:12,1,3,1327007572,1230,877832,17
2026-06-10 01:00:15,1,1,3252,627790,44,571
2026-06-10 01:00:15,1,2,3252,4043911716,44,2674560
2026-06-10 01:00:15,1,3,1327007572,1230,877832,17
2026-06-10 01:00:18,1,1,3252,627790,44,571
2026-06-10 01:00:18,1,2,3252,4043911716,44,2674560
2026-06-10 01:00:18,1,3,1327007572,1230,877832,17
2026-06-10 01:00:21,1,1,3252,627790,44,571
2026-06-10 01:00:21,1,2,3252,4043911716,44,2674560
2026-06-10 01:00:21,1,3,1327007572,1230,877832,17
2026-06-10 01:00:24,1,1,3252,627790,44,571
2026-06-10 01:00:24,1,2,3252,4043911716,44,2674560
2026-06-10 01:00:24,1,3,1327007572,1230,877832,17
2026-06-10 01:00:27,1,1,3252,627790,44,571
2026-06-10 01:00:27,1,2,3252,4043911716,44,2674560
2026-06-10 01:00:27,1,3,1327007572,1230,877832,17
2026-06-10 01:00:30,1,1,3252,627790,44,571
2026-06-10 01:00:30,1,2,3252,4043911716,44,2674560
2026-06-10 01:00:30,1,3,1327007572,1230,877832,17
2026-06-10 01:00:33,1,1,3252,627790,44,571
2026-06-10 01:00:33,1,2,3252,4043911716,44,2674560
2026-06-10 01:00:33,1,3,1327007572,1230,877832,17
2026-06-10 01:00:36,1,1,3252,627790,44,571
2026-06-10 01:00:36,1,2,3252,4043911716,44,2674560
2026-06-10 01:00:36,1,3,1327007572,1230,877832,17
2026-06-10 01:00:39,1,1,3252,627790,44,571
2026-06-10 01:00:39,1,2,3252,4043911716,44,2674560
2026-06-10 01:00:39,1,3,1327007572,1230,877832,17
2026-06-10 01:00:42,1,1,3252,627790,44,571
2026-06-10 01:00:42,1,2,3252,4043911716,44,2674560
2026-06-10 01:00:42,1,3,1327007572,1230,877832,17
2026-06-10 01:00:45,1,1,3252,627790,44,571
2026-06-10 01:00:45,1,2,3252,4043911716,44,2674560
2026-06-10 01:00:45,1,3,1327007572,1230,877832,17
2026-06-10 01:00:48,1,1,3252,627790,44,571
2026-06-10 01:00:48,1,2,3252,4043911716,44,2674560
2026-06-10 01:00:48,1,3,1327007572,1230,877832,17
2026-06-10 01:00:51,1,1,3252,627790,44,571
2026-06-10 01:00:51,1,2,3252,4043911716,44,2674560
2026-06-10 01:00:51,1,3,1327007572,1230,877832,17
2026-06-10 01:00:54,1,1,3252,627790,44,571
2026-06-10 01:00:54,1,2,3252,4043911716,44,2674560
2026-06-10 01:00:54,1,3,1327007572,1230,877832,17
2026-06-10 01:00:57,1,1,3252,627790,44,571
2026-06-10 01:00:57,1,2,3252,4043911716,44,2674560
2026-06-10 01:00:57,1,3,1327007572,1230,877832,17
2026-06-10 01:01:00,1,1,3252,627790,44,571
2026-06-10 01:01:00,1,2,3252,4043911716,44,2674560
2026-06-10 01:01:00,1,3,1327007572,1230,877832,17
2026-06-10 01:01:03,1,1,3252,627790,44,571
2026-06-10 01:01:03,1,2,3252,4043911716,44,2674560
2026-06-10 01:01:03,1,3,1327007572,1230,877832,17
2026-06-10 01:01:06,1,1,3252,627790,44,571
2026-06-10 01:01:06,1,2,3252,4043911716,44,2674560
2026-06-10 01:01:06,1,3,1327007572,1230,877832,17
2026-06-10 01:01:09,1,1,3252,627790,44,571
2026-06-10 01:01:09,1,2,3252,4043911716,44,2674560
2026-06-10 01:01:09,1,3,1327007572,1230,877832,17
2026-06-10 01:01:12,1,1,3252,627790,44,571
2026-06-10 01:01:12,1,2,3252,4043911716,44,2674560
2026-06-10 01:01:12,1,3,1327007572,1230,877832,17
2026-06-10 01:01:15,1,1,3252,627790,44,571
2026-06-10 01:01:15,1,2,3252,4043911716,44,2674560
2026-06-10 01:01:15,1,3,1327007572,1230,877832,17
2026-06-10 01:01:18,1,1,3252,627790,44,571
2026-06-10 01:01:18,1,2,3252,4043911716,44,2674560
2026-06-10 01:01:18,1,3,1327007572,1230,877832,17
2026-06-10 01:01:21,1,1,3252,627790,44,571
2026-06-10 01:01:21,1,2,3252,4043911716,44,2674560
2026-06-10 01:01:21,1,3,1327007572,1230,877832,17
2026-06-10 01:01:24,1,1,3252,627790,44,571
2026-06-10 01:01:24,1,2,3252,4043911716,44,2674560
2026-06-10 01:01:24,1,3,1327007572,1230,877832,17
2026-06-10 01:01:27,1,1,3252,627790,44,571
2026-06-10 01:01:27,1,2,3252,4043911716,44,2674560
2026-06-10 01:01:27,1,3,1327007572,1230,877832,17
2026-06-10 01:01:30,1,1,3252,627790,44,571
2026-06-10 01:01:30,1,2,3252,4043911716,44,2674560
2026-06-10 01:01:30,1,3,1327007572,1230,877832,17
2026-06-10 01:01:33,1,1,3252,627790,44,571
2026-06-10 01:01:33,1,2,3252,4043911716,44,2674560
2026-06-10 01:01:33,1,3,1327007572,1230,877832,17
2026-06-10 01:01:36,1,1,3252,627790,44,571
2026-06-10 01:01:36,1,2,3252,4043911716,44,2674560
2026-06-10 01:01:36,1,3,1327007572,1230,877832,17
2026-06-10 01:01:39,1,1,3252,627790,44,571
2026-06-10 01:01:39,1,2,3252,4043911716,44,2674560
2026-06-10 01:01:39,1,3,1327007572,1230,877832,17
2026-06-10 01:01:42,1,1,3252,627790,44,571
2026-06-10 01:01:42,1,2,3252,4043911716,44,2674560
2026-06-10 01:01:42,1,3,1327007572,1230,877832,17
2026-06-10 01:01:45,1,1,3252,627790,44,571
2026-06-10 01:01:45,1,2,3252,4043911716,44,2674560
2026-06-10 01:01:45,1,3,1327007572,1230,877832,17
2026-06-10 01:01:48,1,1,3252,627790,44,571
2026-06-10 01:01:48,1,2,3252,4043911716,44,2674560
2026-06-10 01:01:48,1,3,1327007572,1230,877832,17
2026-06-10 01:01:51,1,1,3252,627790,44,571
2026-06-10 01:01:51,1,2,3252,4043911716,44,2674560
2026-06-10 01:01:51,1,3,1327007572,1230,877832,17
2026-06-10 01:01:54,1,1,3252,627790,44,571
2026-06-10 01:01:54,1,2,3252,4043911716,44,2674560
2026-06-10 01:01:54,1,3,1327007572,1230,877832,17
2026-06-10 01:01:57,1,1,3252,627790,44,571
2026-06-10 01:01:57,1,2,3252,4043911716,44,2674560
2026-06-10 01:01:57,1,3,1327007572,1230,877832,17
2026-06-10 01:02:00,1,1,3252,627790,44,571
2026-06-10 01:02:00,1,2,3252,4043911716,44,2674560
2026-06-10 01:02:00,1,3,1327007572,1230,877832,17
2026-06-10 01:02:03,1,1,3252,627790,44,571
2026-06-10 01:02:03,1,2,3252,4043911716,44,2674560
2026-06-10 01:02:03,1,3,1327007572,1230,877832,17
2026-06-10 01:02:06,1,1,3252,627790,44,571
2026-06-10 01:02:06,1,2,3252,4043911716,44,2674560
2026-06-10 01:02:06,1,3,1327007572,1230,877832,17
2026-06-10 01:02:09,1,1,3252,627790,44,571
2026-06-10 01:02:09,1,2,3252,4043911716,44,2674560
2026-06-10 01:02:09,1,3,1327007572,1230,877832,17
2026-06-10 01:02:12,1,1,3252,627790,44,571
2026-06-10 01:02:12,1,2,3252,4043911716,44,2674560
2026-06-10 01:02:12,1,3,1327007572,1230,877832,17
2026-06-10 01:02:15,1,1,3252,627790,44,571
2026-06-10 01:02:15,1,2,3252,4043911716,44,2674560
2026-06-10 01:02:15,1,3,1327007572,1230,877832,17
2026-06-10 01:02:18,1,1,3252,627790,44,571
2026-06-10 01:02:18,1,2,3252,4043911716,44,2674560
2026-06-10 01:02:18,1,3,1327007572,1230,877832,17
2026-06-10 01:02:21,1,1,3252,627790,44,571
2026-06-10 01:02:21,1,2,3252,4043911716,44,2674560
2026-06-10 01:02:21,1,3,1327007572,1230,877832,17
2026-06-10 01:02:24,1,1,3252,627790,44,571
2026-06-10 01:02:24,1,2,3252,4043911716,44,2674560
2026-06-10 01:02:24,1,3,1327007572,1230,877832,17
2026-06-10 01:02:27,1,1,3252,627790,44,571
2026-06-10 01:02:27,1,2,3252,4043911716,44,2674560
2026-06-10 01:02:27,1,3,1327007572,1230,877832,17
2026-06-10 01:02:30,1,1,3252,627790,44,571
2026-06-10 01:02:30,1,2,3252,4043911716,44,2674560
2026-06-10 01:02:30,1,3,1327007572,1230,877832,17
2026-06-10 01:02:33,1,1,3252,627790,44,571
2026-06-10 01:02:33,1,2,3252,4043911716,44,2674560
2026-06-10 01:02:33,1,3,1327007572,1230,877832,17
2026-06-10 01:02:36,1,1,3252,627790,44,571
2026-06-10 01:02:36,1,2,3252,4043911716,44,2674560
2026-06-10 01:02:36,1,3,1327007572,1230,877832,17
2026-06-10 01:02:39,1,1,3252,627790,44,571
2026-06-10 01:02:39,1,2,3252,4043911716,44,2674560
2026-06-10 01:02:39,1,3,1327007572,1230,877832,17
2026-06-10 01:02:42,1,1,3252,627790,44,571
2026-06-10 01:02:42,1,2,3252,4043911716,44,2674560
2026-06-10 01:02:42,1,3,1327007572,1230,877832,17
2026-06-10 01:02:45,1,1,3252,627790,44,571
2026-06-10 01:02:45,1,2,3252,4043911716,44,2674560
2026-06-10 01:02:45,1,3,1327007572,1230,877832,17
2026-06-10 01:02:48,1,1,3252,627790,44,571
2026-06-10 01:02:48,1,2,3252,4043911716,44,2674560
2026-06-10 01:02:48,1,3,1327007572,1230,877832,17
2026-06-10 01:02:51,1,1,3252,627790,44,571
2026-06-10 01:02:51,1,2,3252,4043911716,44,2674560
2026-06-10 01:02:51,1,3,1327007572,1230,877832,17
2026-06-10 01:02:54,1,1,3252,627790,44,571
2026-06-10 01:02:54,1,2,3252,4043911716,44,2674560
2026-06-10 01:02:54,1,3,1327007572,1230,877832,17
2026-06-10 01:02:57,1,1,3252,627790,44,571
2026-06-10 01:02:57,1,2,3252,4043911716,44,2674560
2026-06-10 01:02:57,1,3,1327007572,1230,877832,17
2026-06-10 01:03:00,1,1,3252,627790,44,571
2026-06-10 01:03:00,1,2,3252,4043911716,44,2674560
2026-06-10 01:03:00,1,3,1327007572,1230,877832,17
2026-06-10 01:03:03,1,1,3252,627790,44,571
2026-06-10 01:03:03,1,2,3252,4043911716,44,2674560
2026-06-10 01:03:03,1,3,1327007572,1230,877832,17
2026-06-10 01:03:06,1,1,3252,627790,44,571
2026-06-10 01:03:06,1,2,3252,4043911716,44,2674560
2026-06-10 01:03:06,1,3,1327007572,1230,877832,17
2026-06-10 01:03:09,1,1,3252,627790,44,571
2026-06-10 01:03:09,1,2,3252,4043911716,44,2674560
2026-06-10 01:03:09,1,3,1327007572,1230,877832,17
2026-06-10 01:03:12,1,1,3252,627790,44,571
2026-06-10 01:03:12,1,2,3252,4043911716,44,2674560
2026-06-10 01:03:12,1,3,1327007572,1230,877832,17
2026-06-10 01:03:15,1,1,3252,627790,44,571
2026-06-10 01:03:15,1,2,3252,4043911716,44,2674560
2026-06-10 01:03:15,1,3,1327007572,1230,877832,17
2026-06-10 01:03:18,1,1,3252,627790,44,571
2026-06-10 01:03:18,1,2,3252,4043911716,44,2674560
2026-06-10 01:03:18,1,3,1327007572,1230,877832,17
2026-06-10 01:03:21,1,1,3252,627790,44,571
2026-06-10 01:03:21,1,2,3252,4043911716,44,2674560
2026-06-10 01:03:21,1,3,1327007572,1230,877832,17
2026-06-10 01:03:24,1,1,3252,627790,44,571
2026-06-10 01:03:24,1,2,3252,4043911716,44,2674560
2026-06-10 01:03:24,1,3,1327007572,1230,877832,17
2026-06-10 01:03:27,1,1,3252,627790,44,571
2026-06-10 01:03:27,1,2,3252,4043911716,44,2674560
2026-06-10 01:03:27,1,3,1327007572,1230,877832,17
2026-06-10 01:03:30,1,1,3252,627790,44,571
2026-06-10 01:03:30,1,2,3252,4043911716,44,2674560
2026-06-10 01:03:30,1,3,1327007572,1230,877832,17
2026-06-10 01:03:33,1,1,3252,627790,44,571
2026-06-10 01:03:33,1,2,3252,4043911716,44,2674560
2026-06-10 01:03:33,1,3,1327007572,1230,877832,17
2026-06-10 01:03:36,1,1,3252,627790,44,571
2026-06-10 01:03:36,1,2,3252,4043911716,44,2674560
2026-06-10 01:03:36,1,3,1327007572,1230,877832,17
2026-06-10 01:03:39,1,1,3252,627790,44,571
2026-06-10 01:03:39,1,2,3252,4043911716,44,2674560
2026-06-10 01:03:39,1,3,1327007572,1230,877832,17
2026-06-10 01:03:42,1,1,3252,627790,44,571
2026-06-10 01:03:42,1,2,3252,4043911716,44,2674560
2026-06-10 01:03:42,1,3,1327007572,1230,877832,17
2026-06-10 01:03:45,1,1,3252,627790,44,571
2026-06-10 01:03:45,1,2,3252,4043911716,44,2674560
2026-06-10 01:03:45,1,3,1327007572,1230,877832,17
2026-06-10 01:03:48,1,1,3252,627790,44,571
2026-06-10 01:03:48,1,2,3252,4043911716,44,2674560
2026-06-10 01:03:48,1,3,1327007572,1230,877832,17
2026-06-10 01:03:51,1,1,3252,627790,44,571
2026-06-10 01:03:51,1,2,3252,4043911716,44,2674560
2026-06-10 01:03:51,1,3,1327007572,1230,877832,17
2026-06-10 01:03:54,1,1,3252,627790,44,571
2026-06-10 01:03:54,1,2,3252,4043911716,44,2674560
2026-06-10 01:03:54,1,3,1327007572,1230,877832,17
2026-06-10 01:03:57,1,1,3252,627790,44,571
2026-06-10 01:03:57,1,2,3252,4043911716,44,2674560
2026-06-10 01:03:57,1,3,1327007572,1230,877832,17
2026-06-10 01:04:00,1,1,3252,627790,44,571
2026-06-10 01:04:00,1,2,3252,4043911716,44,2674560
2026-06-10 01:04:00,1,3,1327007572,1230,877832,17
2026-06-10 01:04:03,1,1,3252,627790,44,571
2026-06-10 01:04:03,1,2,3252,4043911716,44,2674560
2026-06-10 01:04:03,1,3,1327007572,1230,877832,17
2026-06-10 01:04:06,1,1,3252,627790,44,571
2026-06-10 01:04:06,1,2,3252,4043911716,44,2674560
2026-06-10 01:04:06,1,3,1327007572,1230,877832,17
2026-06-10 01:04:09,1,1,3252,627790,44,571
2026-06-10 01:04:09,1,2,3252,4043911716,44,2674560
2026-06-10 01:04:09,1,3,1327007572,1230,877832,17
2026-06-10 01:04:12,1,1,3252,627790,44,571
2026-06-10 01:04:12,1,2,3252,4043911716,44,2674560
2026-06-10 01:04:12,1,3,1327007572,1230,877832,17
2026-06-10 01:04:15,1,1,3252,627790,44,571
2026-06-10 01:04:15,1,2,3252,4043911716,44,2674560
2026-06-10 01:04:15,1,3,1327007572,1230,877832,17
2026-06-10 01:04:18,1,1,3252,627790,44,571
2026-06-10 01:04:18,1,2,3252,4043911716,44,2674560
2026-06-10 01:04:18,1,3,1327007572,1230,877832,17
2026-06-10 01:04:21,1,1,3252,627790,44,571
2026-06-10 01:04:21,1,2,3252,4043911716,44,2674560
2026-06-10 01:04:21,1,3,1327007572,1230,877832,17
2026-06-10 01:04:24,1,1,3252,627790,44,571
2026-06-10 01:04:24,1,2,3252,4043911716,44,2674560
2026-06-10 01:04:24,1,3,1327007572,1230,877832,17
2026-06-10 01:04:27,1,1,3252,627790,44,571
2026-06-10 01:04:27,1,2,3252,4043911716,44,2674560
2026-06-10 01:04:27,1,3,1327007572,1230,877832,17
2026-06-10 01:04:30,1,1,3252,627790,44,571
2026-06-10 01:04:30,1,2,3252,4043911716,44,2674560
2026-06-10 01:04:30,1,3,1327007572,1230,877832,17
2026-06-10 01:04:33,1,1,3252,627790,44,571
2026-06-10 01:04:33,1,2,3252,4043911716,44,2674560
2026-06-10 01:04:33,1,3,1327007572,1230,877832,17
2026-06-10 01:04:36,1,1,3252,627790,44,571
2026-06-10 01:04:36,1,2,3252,4043911716,44,2674560
2026-06-10 01:04:36,1,3,1327007572,1230,877832,17
2026-06-10 01:04:39,1,1,3252,627790,44,571
2026-06-10 01:04:39,1,2,3252,4043911716,44,2674560
2026-06-10 01:04:39,1,3,1327007572,1230,877832,17
2026-06-10 01:04:42,1,1,3252,627790,44,571
2026-06-10 01:04:42,1,2,3252,4043911716,44,2674560
2026-06-10 01:04:42,1,3,1327007572,1230,877832,17
2026-06-10 01:04:45,1,1,3252,627790,44,571
2026-06-10 01:04:45,1,2,3252,4043911716,44,2674560
2026-06-10 01:04:45,1,3,1327007572,1230,877832,17
2026-06-10 01:04:48,1,1,3252,627790,44,571
2026-06-10 01:04:48,1,2,3252,4043911716,44,2674560
2026-06-10 01:04:48,1,3,1327007572,1230,877832,17
2026-06-10 01:04:51,1,1,3252,627790,44,571
2026-06-10 01:04:51,1,2,3252,4043911716,44,2674560
2026-06-10 01:04:51,1,3,1327007572,1230,877832,17
2026-06-10 01:04:54,1,1,3252,627790,44,571
2026-06-10 01:04:54,1,2,3252,4043911716,44,2674560
2026-06-10 01:04:54,1,3,1327007572,1230,877832,17
2026-06-10 01:04:57,1,1,3252,627790,44,571
2026-06-10 01:04:57,1,2,3252,4043911716,44,2674560
2026-06-10 01:04:57,1,3,1327007572,1230,877832,17
2026-06-10 01:05:00,1,1,3252,627790,44,571
2026-06-10 01:05:00,1,2,3252,4043911716,44,2674560
2026-06-10 01:05:00,1,3,1327007572,1230,877832,17
2026-06-10 01:05:03,1,1,3252,627790,44,571
2026-06-10 01:05:03,1,2,3252,4043911716,44,2674560
2026-06-10 01:05:03,1,3,1327007572,1230,877832,17
2026-06-10 01:05:06,1,1,3252,627790,44,571
2026-06-10 01:05:06,1,2,3252,4043911716,44,2674560
2026-06-10 01:05:06,1,3,1327007572,1230,877832,17
2026-06-10 01:05:09,1,1,3252,627790,44,571
2026-06-10 01:05:09,1,2,3252,4043911716,44,2674560
2026-06-10 01:05:09,1,3,1327007572,1230,877832,17
2026-06-10 01:05:12,1,1,3252,627790,44,571
2026-06-10 01:05:12,1,2,3252,4043911716,44,2674560
2026-06-10 01:05:12,1,3,1327007572,1230,877832,17
2026-06-10 01:05:15,1,1,3252,627790,44,571
2026-06-10 01:05:15,1,2,3252,4043911716,44,2674560
2026-06-10 01:05:15,1,3,1327007572,1230,877832,17
2026-06-10 01:05:18,1,1,3252,627790,44,571
2026-06-10 01:05:18,1,2,3252,4043911716,44,2674560
2026-06-10 01:05:18,1,3,1327007572,1230,877832,17
2026-06-10 01:05:21,1,1,3252,627790,44,571
2026-06-10 01:05:21,1,2,3252,4043911716,44,2674560
2026-06-10 01:05:21,1,3,1327007572,1230,877832,17
2026-06-10 01:05:24,1,1,3252,627790,44,571
2026-06-10 01:05:24,1,2,3252,4043911716,44,2674560
2026-06-10 01:05:24,1,3,1327007572,1230,877832,17
2026-06-10 01:05:27,1,1,3252,627790,44,571
2026-06-10 01:05:27,1,2,3252,4043911716,44,2674560
2026-06-10 01:05:27,1,3,1327007572,1230,877832,17
2026-06-10 01:05:30,1,1,3252,627790,44,571
2026-06-10 01:05:30,1,2,3252,4043911716,44,2674560
2026-06-10 01:05:30,1,3,1327007572,1230,877832,17
2026-06-10 01:05:33,1,1,3252,627790,44,571
2026-06-10 01:05:33,1,2,3252,4043911716,44,2674560
2026-06-10 01:05:33,1,3,1327007572,1230,877832,17
2026-06-10 01:05:36,1,1,3252,627790,44,571
2026-06-10 01:05:36,1,2,3252,4043911716,44,2674560
2026-06-10 01:05:36,1,3,1327007572,1230,877832,17
2026-06-10 01:05:39,1,1,3252,627790,44,571
2026-06-10 01:05:39,1,2,3252,4043911716,44,2674560
2026-06-10 01:05:39,1,3,1327007572,1230,877832,17
2026-06-10 01:05:42,1,1,3252,627790,44,571
2026-06-10 01:05:42,1,2,3252,4043911716,44,2674560
2026-06-10 01:05:42,1,3,1327007572,1230,877832,17
2026-06-10 01:05:45,1,1,3252,627790,44,571
2026-06-10 01:05:45,1,2,3252,4043911716,44,2674560
2026-06-10 01:05:45,1,3,1327007572,1230,877832,17
2026-06-10 01:05:48,1,1,3252,627790,44,571
2026-06-10 01:05:48,1,2,3252,4043911716,44,2674560
2026-06-10 01:05:48,1,3,1327007572,1230,877832,17
2026-06-10 01:05:51,1,1,3252,627790,44,571
2026-06-10 01:05:51,1,2,3252,4043911716,44,2674560
2026-06-10 01:05:51,1,3,1327007572,1230,877832,17
2026-06-10 01:05:54,1,1,3252,627790,44,571
2026-06-10 01:05:54,1,2,3252,4043911716,44,2674560
2026-06-10 01:05:54,1,3,1327007572,1230,877832,17
2026-06-10 01:05:57,1,1,3252,627790,44,571
2026-06-10 01:05:57,1,2,3252,4043911716,44,2674560
2026-06-10 01:05:57,1,3,1327007572,1230,877832,17
2026-06-10 01:06:00,1,1,3252,627790,44,571
2026-06-10 01:06:00,1,2,3252,4043911716,44,2674560
2026-06-10 01:06:00,1,3,1327007572,1230,877832,17
2026-06-10 01:06:03,1,1,3252,627790,44,571
2026-06-10 01:06:03,1,2,3252,4043911716,44,2674560
2026-06-10 01:06:03,1,3,1327007572,1230,877832,17
2026-06-10 01:06:06,1,1,3252,627790,44,571
2026-06-10 01:06:06,1,2,3252,4043911716,44,2674560
2026-06-10 01:06:06,1,3,1327007572,1230,877832,17
2026-06-10 01:06:09,1,1,3252,627790,44,571
2026-06-10 01:06:09,1,2,3252,4043911716,44,2674560
2026-06-10 01:06:09,1,3,1327007572,1230,877832,17
2026-06-10 01:06:12,1,1,3252,627790,44,571
2026-06-10 01:06:12,1,2,3252,4043911716,44,2674560
2026-06-10 01:06:12,1,3,1327007572,1230,877832,17
2026-06-10 01:06:15,1,1,3252,627790,44,571
2026-06-10 01:06:15,1,2,3252,4043911716,44,2674560
2026-06-10 01:06:15,1,3,1327007572,1230,877832,17
2026-06-10 01:06:18,1,1,3252,627790,44,571
2026-06-10 01:06:18,1,2,3252,4043911716,44,2674560
2026-06-10 01:06:18,1,3,1327007572,1230,877832,17
2026-06-10 01:06:21,1,1,3252,627790,44,571
2026-06-10 01:06:21,1,2,3252,4043911716,44,2674560
2026-06-10 01:06:21,1,3,1327007572,1230,877832,17
2026-06-10 01:06:24,1,1,3252,627790,44,571
2026-06-10 01:06:24,1,2,3252,4043911716,44,2674560
2026-06-10 01:06:24,1,3,1327007572,1230,877832,17
2026-06-10 01:06:27,1,1,3252,627790,44,571
2026-06-10 01:06:27,1,2,3252,4043911716,44,2674560
2026-06-10 01:06:27,1,3,1327007572,1230,877832,17
2026-06-10 01:06:30,1,1,3252,627790,44,571
2026-06-10 01:06:30,1,2,3252,4043911716,44,2674560
2026-06-10 01:06:30,1,3,1327007572,1230,877832,17
2026-06-10 01:06:33,1,1,3252,627790,44,571
2026-06-10 01:06:33,1,2,3252,4043911716,44,2674560
2026-06-10 01:06:33,1,3,1327007572,1230,877832,17
2026-06-10 01:06:36,1,1,3252,627790,44,571
2026-06-10 01:06:36,1,2,3252,4043911716,44,2674560
2026-06-10 01:06:36,1,3,1327007572,1230,877832,17
2026-06-10 01:06:39,1,1,3252,627790,44,571
2026-06-10 01:06:39,1,2,3252,4043911716,44,2674560
2026-06-10 01:06:39,1,3,1327007572,1230,877832,17
2026-06-10 01:06:42,1,1,3252,627790,44,571
2026-06-10 01:06:42,1,2,3252,4043911716,44,2674560
2026-06-10 01:06:42,1,3,1327007572,1230,877832,17
2026-06-10 01:06:45,1,1,3252,627790,44,571
2026-06-10 01:06:45,1,2,3252,4043911716,44,2674560
2026-06-10 01:06:45,1,3,1327007572,1230,877832,17
2026-06-10 01:06:48,1,1,3252,627790,44,571
2026-06-10 01:06:48,1,2,3252,4043911716,44,2674560
2026-06-10 01:06:48,1,3,1327007572,1230,877832,17
2026-06-10 01:06:51,1,1,3252,627790,44,571
2026-06-10 01:06:51,1,2,3252,4043911716,44,2674560
2026-06-10 01:06:51,1,3,1327007572,1230,877832,17
2026-06-10 01:06:54,1,1,3252,627790,44,571
2026-06-10 01:06:54,1,2,3252,4043911716,44,2674560
2026-06-10 01:06:54,1,3,1327007572,1230,877832,17
2026-06-10 01:06:57,1,1,3252,627790,44,571
2026-06-10 01:06:57,1,2,3252,4043911716,44,2674560
2026-06-10 01:06:57,1,3,1327007572,1230,877832,17
2026-06-10 01:07:00,1,1,3322,627790,45,571
2026-06-10 01:07:00,1,2,3252,4043911716,44,2674560
2026-06-10 01:07:00,1,3,1327007572,1230,877832,17
2026-06-10 01:07:03,1,1,3322,627790,45,571
2026-06-10 01:07:03,1,2,3252,4043911716,44,2674560
2026-06-10 01:07:03,1,3,1327007572,1230,877832,17
2026-06-10 01:07:06,1,1,3322,627790,45,571
2026-06-10 01:07:06,1,2,3252,4043911716,44,2674560
2026-06-10 01:07:06,1,3,1327007572,1230,877832,17
2026-06-10 01:07:09,1,1,3322,627790,45,571
2026-06-10 01:07:09,1,2,3252,4043911716,44,2674560
2026-06-10 01:07:09,1,3,1327007572,1230,877832,17
2026-06-10 01:07:12,1,1,3322,627790,45,571
2026-06-10 01:07:12,1,2,3252,4043911716,44,2674560
2026-06-10 01:07:12,1,3,1327007572,1230,877832,17
2026-06-10 01:07:15,1,1,3322,627790,45,571
2026-06-10 01:07:15,1,2,3252,4043911716,44,2674560
2026-06-10 01:07:15,1,3,1327007572,1230,877832,17
2026-06-10 01:07:18,1,1,3322,627790,45,571
2026-06-10 01:07:18,1,2,3252,4043911716,44,2674560
2026-06-10 01:07:18,1,3,1327007572,1230,877832,17
2026-06-10 01:07:21,1,1,3322,627790,45,571
2026-06-10 01:07:21,1,2,3252,4043911716,44,2674560
2026-06-10 01:07:21,1,3,1327007572,1230,877832,17
2026-06-10 01:07:24,1,1,3322,627790,45,571
2026-06-10 01:07:24,1,2,3252,4043911716,44,2674560
2026-06-10 01:07:24,1,3,1327007572,1230,877832,17
2026-06-10 01:07:27,1,1,3322,627790,45,571
2026-06-10 01:07:27,1,2,3252,4043911716,44,2674560
2026-06-10 01:07:27,1,3,1327007572,1230,877832,17
2026-06-10 01:07:30,1,1,3322,627790,45,571
2026-06-10 01:07:30,1,2,3252,4043911716,44,2674560
2026-06-10 01:07:30,1,3,1327007572,1230,877832,17
2026-06-10 01:07:33,1,1,3322,627790,45,571
2026-06-10 01:07:33,1,2,3252,4043911716,44,2674560
2026-06-10 01:07:33,1,3,1327007572,1230,877832,17
2026-06-10 01:07:36,1,1,3322,627790,45,571
2026-06-10 01:07:36,1,2,3252,4043911716,44,2674560
2026-06-10 01:07:36,1,3,1327007572,1230,877832,17
2026-06-10 01:07:39,1,1,3322,627790,45,571
2026-06-10 01:07:39,1,2,3252,4043911716,44,2674560
2026-06-10 01:07:39,1,3,1327007572,1230,877832,17
2026-06-10 01:07:42,1,1,3322,627790,45,571
2026-06-10 01:07:42,1,2,3252,4043911716,44,2674560
2026-06-10 01:07:42,1,3,1327007572,1230,877832,17
2026-06-10 01:07:45,1,1,3322,627790,45,571
2026-06-10 01:07:45,1,2,3252,4043911716,44,2674560
2026-06-10 01:07:45,1,3,1327007572,1230,877832,17
2026-06-10 01:07:48,1,1,3322,627790,45,571
2026-06-10 01:07:48,1,2,3252,4043911716,44,2674560
2026-06-10 01:07:48,1,3,1327007572,1230,877832,17
2026-06-10 01:07:51,1,1,3322,627790,45,571
2026-06-10 01:07:51,1,2,3252,4043911716,44,2674560
2026-06-10 01:07:51,1,3,1327007572,1230,877832,17
2026-06-10 01:07:54,1,1,3322,627790,45,571
2026-06-10 01:07:54,1,2,3252,4043911716,44,2674560
2026-06-10 01:07:54,1,3,1327007572,1230,877832,17
2026-06-10 01:07:57,1,1,3322,627790,45,571
2026-06-10 01:07:57,1,2,3252,4043911716,44,2674560
2026-06-10 01:07:57,1,3,1327007572,1230,877832,17
2026-06-10 01:08:00,1,1,3322,627790,45,571
2026-06-10 01:08:00,1,2,3252,4043911716,44,2674560
2026-06-10 01:08:00,1,3,1327007572,1230,877832,17
2026-06-10 01:08:03,1,1,3322,627790,45,571
2026-06-10 01:08:03,1,2,3252,4043911716,44,2674560
2026-06-10 01:08:03,1,3,1327007572,1230,877832,17
2026-06-10 01:08:06,1,1,3322,627790,45,571
2026-06-10 01:08:06,1,2,3252,4043911716,44,2674560
2026-06-10 01:08:06,1,3,1327007572,1230,877832,17
2026-06-10 01:08:09,1,1,3322,627790,45,571
2026-06-10 01:08:09,1,2,3252,4043911716,44,2674560
2026-06-10 01:08:09,1,3,1327007572,1230,877832,17
2026-06-10 01:08:12,1,1,3322,627790,45,571
2026-06-10 01:08:12,1,2,3252,4043911716,44,2674560
2026-06-10 01:08:12,1,3,1327007572,1230,877832,17
2026-06-10 01:08:15,1,1,3322,627790,45,571
2026-06-10 01:08:15,1,2,3252,4043911716,44,2674560
2026-06-10 01:08:15,1,3,1327007572,1230,877832,17
2026-06-10 01:08:18,1,1,3322,627790,45,571
2026-06-10 01:08:18,1,2,3252,4043911716,44,2674560
2026-06-10 01:08:18,1,3,1327007572,1230,877832,17
2026-06-10 01:08:21,1,1,3322,627790,45,571
2026-06-10 01:08:21,1,2,3252,4043911716,44,2674560
2026-06-10 01:08:21,1,3,1327007572,1230,877832,17
2026-06-10 01:08:24,1,1,3322,627790,45,571
2026-06-10 01:08:24,1,2,3252,4043911716,44,2674560
2026-06-10 01:08:24,1,3,1327007572,1230,877832,17
2026-06-10 01:08:27,1,1,3322,627790,45,571
2026-06-10 01:08:27,1,2,3252,4043911716,44,2674560
2026-06-10 01:08:27,1,3,1327007572,1230,877832,17
2026-06-10 01:08:30,1,1,3322,627790,45,571
2026-06-10 01:08:30,1,2,3252,4043911716,44,2674560
2026-06-10 01:08:30,1,3,1327007572,1230,877832,17
2026-06-10 01:08:33,1,1,3322,627790,45,571
2026-06-10 01:08:33,1,2,3252,4043911716,44,2674560
2026-06-10 01:08:33,1,3,1327007572,1230,877832,17
2026-06-10 01:08:36,1,1,3322,627790,45,571
2026-06-10 01:08:36,1,2,3252,4043911716,44,2674560
2026-06-10 01:08:36,1,3,1327007572,1230,877832,17
2026-06-10 01:08:39,1,1,3322,627790,45,571
2026-06-10 01:08:39,1,2,3252,4043911716,44,2674560
2026-06-10 01:08:39,1,3,1327007572,1230,877832,17
2026-06-10 01:08:42,1,1,3322,627790,45,571
2026-06-10 01:08:42,1,2,3252,4043911716,44,2674560
2026-06-10 01:08:42,1,3,1327007572,1230,877832,17
2026-06-10 01:08:45,1,1,3322,627790,45,571
2026-06-10 01:08:45,1,2,3252,4043911716,44,2674560
2026-06-10 01:08:45,1,3,1327007572,1230,877832,17
2026-06-10 01:08:48,1,1,3322,627790,45,571
2026-06-10 01:08:48,1,2,3252,4043911716,44,2674560
2026-06-10 01:08:48,1,3,1327007572,1230,877832,17
2026-06-10 01:08:51,1,1,3322,627790,45,571
2026-06-10 01:08:51,1,2,3252,4043911716,44,2674560
2026-06-10 01:08:51,1,3,1327007572,1230,877832,17
2026-06-10 01:08:54,1,1,3322,627790,45,571
2026-06-10 01:08:54,1,2,3252,4043911716,44,2674560
2026-06-10 01:08:54,1,3,1327007572,1230,877832,17
2026-06-10 01:08:57,1,1,3322,627790,45,571
2026-06-10 01:08:57,1,2,3252,4043911716,44,2674560
2026-06-10 01:08:57,1,3,1327007572,1230,877832,17
2026-06-10 01:09:00,1,1,3322,627790,45,571
2026-06-10 01:09:00,1,2,3252,4043911716,44,2674560
2026-06-10 01:09:00,1,3,1327007572,1230,877832,17
2026-06-10 01:09:03,1,1,3322,627790,45,571
2026-06-10 01:09:03,1,2,3252,4043911716,44,2674560
2026-06-10 01:09:03,1,3,1327007572,1230,877832,17
2026-06-10 01:09:06,1,1,3322,627790,45,571
2026-06-10 01:09:06,1,2,3252,4043911716,44,2674560
2026-06-10 01:09:06,1,3,1327007572,1230,877832,17
2026-06-10 01:09:09,1,1,3322,627790,45,571
2026-06-10 01:09:09,1,2,3252,4043911716,44,2674560
2026-06-10 01:09:09,1,3,1327007572,1230,877832,17
2026-06-10 01:09:12,1,1,3322,627790,45,571
2026-06-10 01:09:12,1,2,3252,4043911716,44,2674560
2026-06-10 01:09:12,1,3,1327007572,1230,877832,17
2026-06-10 01:09:15,1,1,3322,627790,45,571
2026-06-10 01:09:15,1,2,3252,4043911716,44,2674560
2026-06-10 01:09:15,1,3,1327007572,1230,877832,17
2026-06-10 01:09:18,1,1,3322,627790,45,571
2026-06-10 01:09:18,1,2,3252,4043911716,44,2674560
2026-06-10 01:09:18,1,3,1327007572,1230,877832,17
2026-06-10 01:09:21,1,1,3322,627790,45,571
2026-06-10 01:09:21,1,2,3252,4043911716,44,2674560
2026-06-10 01:09:21,1,3,1327007572,1230,877832,17
2026-06-10 01:09:24,1,1,3322,627790,45,571
2026-06-10 01:09:24,1,2,3252,4043911716,44,2674560
2026-06-10 01:09:24,1,3,1327007572,1230,877832,17
2026-06-10 01:09:27,1,1,3322,627790,45,571
2026-06-10 01:09:27,1,2,3252,4043911716,44,2674560
2026-06-10 01:09:27,1,3,1327007572,1230,877832,17
2026-06-10 01:09:30,1,1,3322,627790,45,571
2026-06-10 01:09:30,1,2,3252,4043911716,44,2674560
2026-06-10 01:09:30,1,3,1327007572,1230,877832,17
2026-06-10 01:09:33,1,1,3322,627790,45,571
2026-06-10 01:09:33,1,2,3252,4043911716,44,2674560
2026-06-10 01:09:33,1,3,1327007572,1230,877832,17
2026-06-10 01:09:36,1,1,3322,627790,45,571
2026-06-10 01:09:36,1,2,3252,4043911716,44,2674560
2026-06-10 01:09:36,1,3,1327007572,1230,877832,17
2026-06-10 01:09:39,1,1,3322,627790,45,571
2026-06-10 01:09:39,1,2,3252,4043911716,44,2674560
2026-06-10 01:09:39,1,3,1327007572,1230,877832,17
2026-06-10 01:09:42,1,1,3322,627790,45,571
2026-06-10 01:09:42,1,2,3252,4043911716,44,2674560
2026-06-10 01:09:42,1,3,1327007572,1230,877832,17
2026-06-10 01:09:45,1,1,3322,627790,45,571
2026-06-10 01:09:45,1,2,3252,4043911716,44,2674560
2026-06-10 01:09:45,1,3,1327007572,1230,877832,17
2026-06-10 01:09:48,1,1,3322,627790,45,571
2026-06-10 01:09:48,1,2,3252,4043911716,44,2674560
2026-06-10 01:09:48,1,3,1327007572,1230,877832,17
2026-06-10 01:09:51,1,1,3322,627790,45,571
2026-06-10 01:09:51,1,2,3252,4043911716,44,2674560
2026-06-10 01:09:51,1,3,1327007572,1230,877832,17
2026-06-10 01:09:54,1,1,3322,627790,45,571
2026-06-10 01:09:54,1,2,3252,4043911716,44,2674560
2026-06-10 01:09:54,1,3,1327007572,1230,877832,17
2026-06-10 01:09:57,1,1,3322,627790,45,571
2026-06-10 01:09:57,1,2,3252,4043911716,44,2674560
2026-06-10 01:09:57,1,3,1327007572,1230,877832,17
2026-06-10 01:10:00,1,1,3322,627790,45,571
2026-06-10 01:10:00,1,2,3252,4043911716,44,2674560
2026-06-10 01:10:00,1,3,1327007572,1230,877832,17
2026-06-10 01:10:03,1,1,3322,627790,45,571
2026-06-10 01:10:03,1,2,3252,4043911716,44,2674560
2026-06-10 01:10:03,1,3,1327007572,1230,877832,17
2026-06-10 01:10:06,1,1,3322,627790,45,571
2026-06-10 01:10:06,1,2,3252,4043911716,44,2674560
2026-06-10 01:10:06,1,3,1327007572,1230,877832,17
2026-06-10 01:10:09,1,1,3322,627790,45,571
2026-06-10 01:10:09,1,2,3252,4043911716,44,2674560
2026-06-10 01:10:09,1,3,1327007572,1230,877832,17
2026-06-10 01:10:12,1,1,3322,627790,45,571
2026-06-10 01:10:12,1,2,3252,4043911716,44,2674560
2026-06-10 01:10:12,1,3,1327007572,1230,877832,17
2026-06-10 01:10:15,1,1,3322,627790,45,571
2026-06-10 01:10:15,1,2,3252,4043911716,44,2674560
2026-06-10 01:10:15,1,3,1327007572,1230,877832,17
2026-06-10 01:10:18,1,1,3322,627790,45,571
2026-06-10 01:10:18,1,2,3252,4043911716,44,2674560
2026-06-10 01:10:18,1,3,1327007572,1230,877832,17
2026-06-10 01:10:21,1,1,3322,627790,45,571
2026-06-10 01:10:21,1,2,3252,4043911716,44,2674560
2026-06-10 01:10:21,1,3,1327007572,1230,877832,17
2026-06-10 01:10:24,1,1,3322,627790,45,571
2026-06-10 01:10:24,1,2,3252,4043911716,44,2674560
2026-06-10 01:10:24,1,3,1327007572,1230,877832,17
2026-06-10 01:10:27,1,1,3322,627790,45,571
2026-06-10 01:10:27,1,2,3252,4043911716,44,2674560
2026-06-10 01:10:27,1,3,1327007572,1230,877832,17
2026-06-10 01:10:31,1,1,3322,627790,45,571
2026-06-10 01:10:31,1,2,3252,4043911716,44,2674560
2026-06-10 01:10:31,1,3,1327007572,1230,877832,17
2026-06-10 01:10:34,1,1,3322,627790,45,571
2026-06-10 01:10:34,1,2,3252,4043911716,44,2674560
2026-06-10 01:10:34,1,3,1327007572,1230,877832,17
2026-06-10 01:10:37,1,1,3322,627790,45,571
2026-06-10 01:10:37,1,2,3252,4043911716,44,2674560
2026-06-10 01:10:37,1,3,1327007572,1230,877832,17
2026-06-10 01:10:40,1,1,3322,627790,45,571
2026-06-10 01:10:40,1,2,3252,4043911716,44,2674560
2026-06-10 01:10:40,1,3,1327007572,1230,877832,17
2026-06-10 01:10:43,1,1,3322,627790,45,571
2026-06-10 01:10:43,1,2,3252,4043911716,44,2674560
2026-06-10 01:10:43,1,3,1327007572,1230,877832,17
2026-06-10 01:10:46,1,1,3322,627790,45,571
2026-06-10 01:10:46,1,2,3252,4043911716,44,2674560
2026-06-10 01:10:46,1,3,1327007572,1230,877832,17
2026-06-10 01:10:49,1,1,3322,627790,45,571
2026-06-10 01:10:49,1,2,3252,4043911716,44,2674560
2026-06-10 01:10:49,1,3,1327007572,1230,877832,17
2026-06-10 01:10:52,1,1,3322,627790,45,571
2026-06-10 01:10:52,1,2,3252,4043911716,44,2674560
2026-06-10 01:10:52,1,3,1327007572,1230,877832,17
2026-06-10 01:10:55,1,1,3322,627790,45,571
2026-06-10 01:10:55,1,2,3252,4043911716,44,2674560
2026-06-10 01:10:55,1,3,1327007572,1230,877832,17
2026-06-10 01:10:58,1,1,3322,627790,45,571
2026-06-10 01:10:58,1,2,3252,4043911716,44,2674560
2026-06-10 01:10:58,1,3,1327007572,1230,877832,17
2026-06-10 01:11:01,1,1,3322,627790,45,571
2026-06-10 01:11:01,1,2,3252,4043911716,44,2674560
2026-06-10 01:11:01,1,3,1327007572,1230,877832,17
2026-06-10 01:11:04,1,1,3322,627790,45,571
2026-06-10 01:11:04,1,2,3252,4043911716,44,2674560
2026-06-10 01:11:04,1,3,1327007572,1230,877832,17
2026-06-10 01:11:07,1,1,3322,627790,45,571
2026-06-10 01:11:07,1,2,3252,4043911716,44,2674560
2026-06-10 01:11:07,1,3,1327007572,1230,877832,17
2026-06-10 01:11:10,1,1,3322,627790,45,571
2026-06-10 01:11:10,1,2,3252,4043911716,44,2674560
2026-06-10 01:11:10,1,3,1327007572,1230,877832,17
2026-06-10 01:11:13,1,1,3322,627790,45,571
2026-06-10 01:11:13,1,2,3252,4043911716,44,2674560
2026-06-10 01:11:13,1,3,1327007572,1230,877832,17
2026-06-10 01:11:16,1,1,3322,627790,45,571
2026-06-10 01:11:16,1,2,3252,4043911716,44,2674560
2026-06-10 01:11:16,1,3,1327007572,1230,877832,17
2026-06-10 01:11:19,1,1,3322,627790,45,571
2026-06-10 01:11:19,1,2,3252,4043911716,44,2674560
2026-06-10 01:11:19,1,3,1327007572,1230,877832,17
2026-06-10 01:11:22,1,1,3322,627790,45,571
2026-06-10 01:11:22,1,2,3252,4043911716,44,2674560
2026-06-10 01:11:22,1,3,1327007572,1230,877832,17
2026-06-10 01:11:25,1,1,3322,627790,45,571
2026-06-10 01:11:25,1,2,3252,4043911716,44,2674560
2026-06-10 01:11:25,1,3,1327007572,1230,877832,17
2026-06-10 01:11:28,1,1,3322,627790,45,571
2026-06-10 01:11:28,1,2,3252,4043911716,44,2674560
2026-06-10 01:11:28,1,3,1327007572,1230,877832,17
2026-06-10 01:11:31,1,1,3322,627790,45,571
2026-06-10 01:11:31,1,2,3252,4043911716,44,2674560
2026-06-10 01:11:31,1,3,1327007572,1230,877832,17
2026-06-10 01:11:34,1,1,3322,627790,45,571
2026-06-10 01:11:34,1,2,3252,4043911716,44,2674560
2026-06-10 01:11:34,1,3,1327007572,1230,877832,17
2026-06-10 01:11:37,1,1,3322,627790,45,571
2026-06-10 01:11:37,1,2,3252,4043911716,44,2674560
2026-06-10 01:11:37,1,3,1327007572,1230,877832,17
2026-06-10 01:11:40,1,1,3322,627790,45,571
2026-06-10 01:11:40,1,2,3252,4043911716,44,2674560
2026-06-10 01:11:40,1,3,1327007572,1230,877832,17
2026-06-10 01:11:43,1,1,3322,627790,45,571
2026-06-10 01:11:43,1,2,3252,4043911716,44,2674560
2026-06-10 01:11:43,1,3,1327007572,1230,877832,17
2026-06-10 01:11:46,1,1,3322,627790,45,571
2026-06-10 01:11:46,1,2,3252,4043911716,44,2674560
2026-06-10 01:11:46,1,3,1327007572,1230,877832,17
2026-06-10 01:11:49,1,1,3322,627790,45,571
2026-06-10 01:11:49,1,2,3252,4043911716,44,2674560
2026-06-10 01:11:49,1,3,1327007572,1230,877832,17
2026-06-10 01:11:52,1,1,3322,627790,45,571
2026-06-10 01:11:52,1,2,3252,4043911716,44,2674560
2026-06-10 01:11:52,1,3,1327007572,1230,877832,17
2026-06-10 01:11:55,1,1,3322,627790,45,571
2026-06-10 01:11:55,1,2,3252,4043911716,44,2674560
2026-06-10 01:11:55,1,3,1327007572,1230,877832,17
2026-06-10 01:11:58,1,1,3322,627790,45,571
2026-06-10 01:11:58,1,2,3252,4043911716,44,2674560
2026-06-10 01:11:58,1,3,1327007572,1230,877832,17
2026-06-10 01:12:01,1,1,3322,627790,45,571
2026-06-10 01:12:01,1,2,3252,4043911716,44,2674560
2026-06-10 01:12:01,1,3,1327007572,1230,877832,17
2026-06-10 01:12:04,1,1,3322,627790,45,571
2026-06-10 01:12:04,1,2,3252,4043911716,44,2674560
2026-06-10 01:12:04,1,3,1327007572,1230,877832,17
2026-06-10 01:12:07,1,1,3322,627790,45,571
2026-06-10 01:12:07,1,2,3252,4043911716,44,2674560
2026-06-10 01:12:07,1,3,1327007572,1230,877832,17
2026-06-10 01:12:10,1,1,3322,627790,45,571
2026-06-10 01:12:10,1,2,3252,4043911716,44,2674560
2026-06-10 01:12:10,1,3,1327007572,1230,877832,17
2026-06-10 01:12:13,1,1,3322,627790,45,571
2026-06-10 01:12:13,1,2,3252,4043911716,44,2674560
2026-06-10 01:12:13,1,3,1327007572,1230,877832,17
2026-06-10 01:12:16,1,1,3322,627790,45,571
2026-06-10 01:12:16,1,2,3252,4043911716,44,2674560
2026-06-10 01:12:16,1,3,1327007572,1230,877832,17
2026-06-10 01:12:19,1,1,3322,627790,45,571
2026-06-10 01:12:19,1,2,3252,4043911716,44,2674560
2026-06-10 01:12:19,1,3,1327007572,1230,877832,17
2026-06-10 01:12:22,1,1,3322,627790,45,571
2026-06-10 01:12:22,1,2,3252,4043911716,44,2674560
2026-06-10 01:12:22,1,3,1327007572,1230,877832,17
2026-06-10 01:12:25,1,1,3322,627790,45,571
2026-06-10 01:12:25,1,2,3252,4043911716,44,2674560
2026-06-10 01:12:25,1,3,1327007572,1230,877832,17
2026-06-10 01:12:28,1,1,3322,627790,45,571
2026-06-10 01:12:28,1,2,3252,4043911716,44,2674560
2026-06-10 01:12:28,1,3,1327007572,1230,877832,17
2026-06-10 01:12:31,1,1,3322,627790,45,571
2026-06-10 01:12:31,1,2,3252,4043911716,44,2674560
2026-06-10 01:12:31,1,3,1327007572,1230,877832,17
2026-06-10 01:12:34,1,1,3322,627790,45,571
2026-06-10 01:12:34,1,2,3252,4043911716,44,2674560
2026-06-10 01:12:34,1,3,1327007572,1230,877832,17
2026-06-10 01:12:37,1,1,3322,627790,45,571
2026-06-10 01:12:37,1,2,3252,4043911716,44,2674560
2026-06-10 01:12:37,1,3,1327007572,1230,877832,17
2026-06-10 01:12:40,1,1,3322,627790,45,571
2026-06-10 01:12:40,1,2,3252,4043911716,44,2674560
2026-06-10 01:12:40,1,3,1327007572,1230,877832,17
2026-06-10 01:12:43,1,1,3322,627790,45,571
2026-06-10 01:12:43,1,2,3252,4043911716,44,2674560
2026-06-10 01:12:43,1,3,1327007572,1230,877832,17
2026-06-10 01:12:46,1,1,3322,627790,45,571
2026-06-10 01:12:46,1,2,3252,4043911716,44,2674560
2026-06-10 01:12:46,1,3,1327007572,1230,877832,17
2026-06-10 01:12:49,1,1,3322,627790,45,571
2026-06-10 01:12:49,1,2,3252,4043911716,44,2674560
2026-06-10 01:12:49,1,3,1327007572,1230,877832,17
2026-06-10 01:12:52,1,1,3322,627790,45,571
2026-06-10 01:12:52,1,2,3252,4043911716,44,2674560
2026-06-10 01:12:52,1,3,1327007572,1230,877832,17
2026-06-10 01:12:55,1,1,3322,627790,45,571
2026-06-10 01:12:55,1,2,3252,4043911716,44,2674560
2026-06-10 01:12:55,1,3,1327007572,1230,877832,17
2026-06-10 01:12:58,1,1,3322,627790,45,571
2026-06-10 01:12:58,1,2,3252,4043911716,44,2674560
2026-06-10 01:12:58,1,3,1327007572,1230,877832,17
2026-06-10 01:13:01,1,1,3392,627790,46,571
2026-06-10 01:13:01,1,2,3252,4043911786,44,2674561
2026-06-10 01:13:01,1,3,1327007642,1230,877833,17
2026-06-10 01:13:04,1,1,3392,627790,46,571
2026-06-10 01:13:04,1,2,3252,4043911786,44,2674561
2026-06-10 01:13:04,1,3,1327007642,1230,877833,17
2026-06-10 01:13:07,1,1,3392,627790,46,571
2026-06-10 01:13:07,1,2,3252,4043911786,44,2674561
2026-06-10 01:13:07,1,3,1327007642,1230,877833,17
2026-06-10 01:13:10,1,1,3392,627790,46,571
2026-06-10 01:13:10,1,2,3252,4043911786,44,2674561
2026-06-10 01:13:10,1,3,1327007642,1230,877833,17
2026-06-10 01:13:13,1,1,3392,627790,46,571
2026-06-10 01:13:13,1,2,3252,4043911786,44,2674561
2026-06-10 01:13:13,1,3,1327007642,1230,877833,17
2026-06-10 01:13:16,1,1,3392,627790,46,571
2026-06-10 01:13:16,1,2,3252,4043911786,44,2674561
2026-06-10 01:13:16,1,3,1327007642,1230,877833,17
2026-06-10 01:13:19,1,1,3392,627790,46,571
2026-06-10 01:13:19,1,2,3252,4043911786,44,2674561
2026-06-10 01:13:19,1,3,1327007642,1230,877833,17
2026-06-10 01:13:22,1,1,3392,627790,46,571
2026-06-10 01:13:22,1,2,3252,4043911786,44,2674561
2026-06-10 01:13:22,1,3,1327007642,1230,877833,17
2026-06-10 01:13:25,1,1,3392,627790,46,571
2026-06-10 01:13:25,1,2,3252,4043911786,44,2674561
2026-06-10 01:13:25,1,3,1327007642,1230,877833,17
2026-06-10 01:13:28,1,1,3392,627790,46,571
2026-06-10 01:13:28,1,2,3252,4043911786,44,2674561
2026-06-10 01:13:28,1,3,1327007642,1230,877833,17
2026-06-10 01:13:31,1,1,3392,627790,46,571
2026-06-10 01:13:31,1,2,3252,4043911786,44,2674561
2026-06-10 01:13:31,1,3,1327007642,1230,877833,17
2026-06-10 01:13:34,1,1,3392,627790,46,571
2026-06-10 01:13:34,1,2,3252,4043911786,44,2674561
2026-06-10 01:13:34,1,3,1327007642,1230,877833,17
2026-06-10 01:13:37,1,1,3392,627790,46,571
2026-06-10 01:13:37,1,2,3252,4043911786,44,2674561
2026-06-10 01:13:37,1,3,1327007642,1230,877833,17
2026-06-10 01:13:40,1,1,3392,627790,46,571
2026-06-10 01:13:40,1,2,3252,4043911786,44,2674561
2026-06-10 01:13:40,1,3,1327007642,1230,877833,17
2026-06-10 01:13:43,1,1,3392,627790,46,571
2026-06-10 01:13:43,1,2,3252,4043911786,44,2674561
2026-06-10 01:13:43,1,3,1327007642,1230,877833,17
2026-06-10 01:13:46,1,1,3392,627790,46,571
2026-06-10 01:13:46,1,2,3252,4043911786,44,2674561
2026-06-10 01:13:46,1,3,1327007642,1230,877833,17
2026-06-10 01:13:49,1,1,3392,627790,46,571
2026-06-10 01:13:49,1,2,3252,4043911786,44,2674561
2026-06-10 01:13:49,1,3,1327007642,1230,877833,17
2026-06-10 01:13:52,1,1,3392,627790,46,571
2026-06-10 01:13:52,1,2,3252,4043911786,44,2674561
2026-06-10 01:13:52,1,3,1327007642,1230,877833,17
2026-06-10 01:13:55,1,1,3392,627790,46,571
2026-06-10 01:13:55,1,2,3252,4043911786,44,2674561
2026-06-10 01:13:55,1,3,1327007642,1230,877833,17
2026-06-10 01:13:58,1,1,3392,627790,46,571
2026-06-10 01:13:58,1,2,3252,4043911786,44,2674561
2026-06-10 01:13:58,1,3,1327007642,1230,877833,17
2026-06-10 01:14:01,1,1,3392,627790,46,571
2026-06-10 01:14:01,1,2,3252,4043911786,44,2674561
2026-06-10 01:14:01,1,3,1327007642,1230,877833,17
2026-06-10 01:14:04,1,1,3392,627790,46,571
2026-06-10 01:14:04,1,2,3252,4043911786,44,2674561
2026-06-10 01:14:04,1,3,1327007642,1230,877833,17
2026-06-10 01:14:07,1,1,3392,627790,46,571
2026-06-10 01:14:07,1,2,3252,4043911786,44,2674561
2026-06-10 01:14:07,1,3,1327007642,1230,877833,17
2026-06-10 01:14:10,1,1,3392,627790,46,571
2026-06-10 01:14:10,1,2,3252,4043911786,44,2674561
2026-06-10 01:14:10,1,3,1327007642,1230,877833,17
2026-06-10 01:14:13,1,1,3392,627790,46,571
2026-06-10 01:14:13,1,2,3252,4043911786,44,2674561
2026-06-10 01:14:13,1,3,1327007642,1230,877833,17
2026-06-10 01:14:16,1,1,3392,627790,46,571
2026-06-10 01:14:16,1,2,3252,4043911786,44,2674561
2026-06-10 01:14:16,1,3,1327007642,1230,877833,17
2026-06-10 01:14:19,1,1,3392,627790,46,571
2026-06-10 01:14:19,1,2,3252,4043911786,44,2674561
2026-06-10 01:14:19,1,3,1327007642,1230,877833,17
2026-06-10 01:14:22,1,1,3392,627790,46,571
2026-06-10 01:14:22,1,2,3252,4043911786,44,2674561
2026-06-10 01:14:22,1,3,1327007642,1230,877833,17
2026-06-10 01:14:25,1,1,3392,627790,46,571
2026-06-10 01:14:25,1,2,3252,4043911786,44,2674561
2026-06-10 01:14:25,1,3,1327007642,1230,877833,17
2026-06-10 01:14:28,1,1,3392,627790,46,571
2026-06-10 01:14:28,1,2,3252,4043911786,44,2674561
2026-06-10 01:14:28,1,3,1327007642,1230,877833,17
2026-06-10 01:14:31,1,1,3392,627790,46,571
2026-06-10 01:14:31,1,2,3252,4043911786,44,2674561
2026-06-10 01:14:31,1,3,1327007642,1230,877833,17
2026-06-10 01:14:34,1,1,3392,627790,46,571
2026-06-10 01:14:34,1,2,3252,4043911786,44,2674561
2026-06-10 01:14:34,1,3,1327007642,1230,877833,17
2026-06-10 01:14:37,1,1,3392,627790,46,571
2026-06-10 01:14:37,1,2,3252,4043911786,44,2674561
2026-06-10 01:14:37,1,3,1327007642,1230,877833,17
2026-06-10 01:14:40,1,1,3392,627790,46,571
2026-06-10 01:14:40,1,2,3252,4043911786,44,2674561
2026-06-10 01:14:40,1,3,1327007642,1230,877833,17
2026-06-10 01:14:43,1,1,3392,627790,46,571
2026-06-10 01:14:43,1,2,3252,4043911786,44,2674561
2026-06-10 01:14:43,1,3,1327007642,1230,877833,17
2026-06-10 01:14:46,1,1,3392,627790,46,571
2026-06-10 01:14:46,1,2,3252,4043911786,44,2674561
2026-06-10 01:14:46,1,3,1327007642,1230,877833,17
2026-06-10 01:14:49,1,1,3392,627790,46,571
2026-06-10 01:14:49,1,2,3252,4043911786,44,2674561
2026-06-10 01:14:49,1,3,1327007642,1230,877833,17
2026-06-10 01:14:52,1,1,3392,627790,46,571
2026-06-10 01:14:52,1,2,3252,4043911786,44,2674561
2026-06-10 01:14:52,1,3,1327007642,1230,877833,17
2026-06-10 01:14:55,1,1,3392,627790,46,571
2026-06-10 01:14:55,1,2,3252,4043911786,44,2674561
2026-06-10 01:14:55,1,3,1327007642,1230,877833,17
2026-06-10 01:14:58,1,1,3392,627790,46,571
2026-06-10 01:14:58,1,2,3252,4043911786,44,2674561
2026-06-10 01:14:58,1,3,1327007642,1230,877833,17
2026-06-10 01:15:01,1,1,3392,627790,46,571
2026-06-10 01:15:01,1,2,3252,4043911786,44,2674561
2026-06-10 01:15:01,1,3,1327007642,1230,877833,17
2026-06-10 01:15:04,1,1,3392,627790,46,571
2026-06-10 01:15:04,1,2,3252,4043911786,44,2674561
2026-06-10 01:15:04,1,3,1327007642,1230,877833,17
2026-06-10 01:15:07,1,1,3392,627790,46,571
2026-06-10 01:15:07,1,2,3252,4043911786,44,2674561
2026-06-10 01:15:07,1,3,1327007642,1230,877833,17
2026-06-10 01:15:10,1,1,3392,627790,46,571
2026-06-10 01:15:10,1,2,3252,4043911786,44,2674561
2026-06-10 01:15:10,1,3,1327007642,1230,877833,17
2026-06-10 01:15:13,1,1,3392,627790,46,571
2026-06-10 01:15:13,1,2,3252,4043911786,44,2674561
2026-06-10 01:15:13,1,3,1327007642,1230,877833,17
2026-06-10 01:15:16,1,1,3392,627790,46,571
2026-06-10 01:15:16,1,2,3252,4043911786,44,2674561
2026-06-10 01:15:16,1,3,1327007642,1230,877833,17
2026-06-10 01:15:19,1,1,3392,627790,46,571
2026-06-10 01:15:19,1,2,3252,4043911786,44,2674561
2026-06-10 01:15:19,1,3,1327007642,1230,877833,17
2026-06-10 01:15:22,1,1,3392,627790,46,571
2026-06-10 01:15:22,1,2,3252,4043911786,44,2674561
2026-06-10 01:15:22,1,3,1327007642,1230,877833,17
2026-06-10 01:15:25,1,1,3392,627790,46,571
2026-06-10 01:15:25,1,2,3252,4043911786,44,2674561
2026-06-10 01:15:25,1,3,1327007642,1230,877833,17
2026-06-10 01:15:28,1,1,3392,627790,46,571
2026-06-10 01:15:28,1,2,3252,4043911786,44,2674561
2026-06-10 01:15:28,1,3,1327007642,1230,877833,17
2026-06-10 01:15:31,1,1,3392,627790,46,571
2026-06-10 01:15:31,1,2,3252,4043911786,44,2674561
2026-06-10 01:15:31,1,3,1327007642,1230,877833,17
2026-06-10 01:15:34,1,1,3392,627790,46,571
2026-06-10 01:15:34,1,2,3252,4043911786,44,2674561
2026-06-10 01:15:34,1,3,1327007642,1230,877833,17
2026-06-10 01:15:37,1,1,3392,627790,46,571
2026-06-10 01:15:37,1,2,3252,4043911786,44,2674561
2026-06-10 01:15:37,1,3,1327007642,1230,877833,17
2026-06-10 01:15:40,1,1,3392,627790,46,571
2026-06-10 01:15:40,1,2,3252,4043911786,44,2674561
2026-06-10 01:15:40,1,3,1327007642,1230,877833,17
2026-06-10 01:15:43,1,1,3392,627790,46,571
2026-06-10 01:15:43,1,2,3252,4043911786,44,2674561
2026-06-10 01:15:43,1,3,1327007642,1230,877833,17
2026-06-10 01:15:46,1,1,3392,627790,46,571
2026-06-10 01:15:46,1,2,3252,4043911786,44,2674561
2026-06-10 01:15:46,1,3,1327007642,1230,877833,17
2026-06-10 01:15:49,1,1,3392,627790,46,571
2026-06-10 01:15:49,1,2,3252,4043911786,44,2674561
2026-06-10 01:15:49,1,3,1327007642,1230,877833,17
2026-06-10 01:15:52,1,1,3392,627790,46,571
2026-06-10 01:15:52,1,2,3252,4043911786,44,2674561
2026-06-10 01:15:52,1,3,1327007642,1230,877833,17
2026-06-10 01:15:55,1,1,3392,627790,46,571
2026-06-10 01:15:55,1,2,3252,4043911786,44,2674561
2026-06-10 01:15:55,1,3,1327007642,1230,877833,17
2026-06-10 01:15:58,1,1,3392,627790,46,571
2026-06-10 01:15:58,1,2,3252,4043911786,44,2674561
2026-06-10 01:15:58,1,3,1327007642,1230,877833,17
2026-06-10 01:16:01,1,1,3392,627790,46,571
2026-06-10 01:16:01,1,2,3252,4043911786,44,2674561
2026-06-10 01:16:01,1,3,1327007642,1230,877833,17
2026-06-10 01:16:04,1,1,3392,627790,46,571
2026-06-10 01:16:04,1,2,3252,4043911786,44,2674561
2026-06-10 01:16:04,1,3,1327007642,1230,877833,17
2026-06-10 01:16:07,1,1,3392,627790,46,571
2026-06-10 01:16:07,1,2,3252,4043911786,44,2674561
2026-06-10 01:16:07,1,3,1327007642,1230,877833,17
2026-06-10 01:16:10,1,1,3392,627790,46,571
2026-06-10 01:16:10,1,2,3252,4043911786,44,2674561
2026-06-10 01:16:10,1,3,1327007642,1230,877833,17
2026-06-10 01:16:13,1,1,3392,627790,46,571
2026-06-10 01:16:13,1,2,3252,4043911786,44,2674561
2026-06-10 01:16:13,1,3,1327007642,1230,877833,17
2026-06-10 01:16:16,1,1,3392,627790,46,571
2026-06-10 01:16:16,1,2,3252,4043911786,44,2674561
2026-06-10 01:16:16,1,3,1327007642,1230,877833,17
2026-06-10 01:16:19,1,1,3392,627790,46,571
2026-06-10 01:16:19,1,2,3252,4043911786,44,2674561
2026-06-10 01:16:19,1,3,1327007642,1230,877833,17
2026-06-10 01:16:22,1,1,3392,627790,46,571
2026-06-10 01:16:22,1,2,3252,4043911786,44,2674561
2026-06-10 01:16:22,1,3,1327007642,1230,877833,17
2026-06-10 01:16:25,1,1,3392,627790,46,571
2026-06-10 01:16:25,1,2,3252,4043911786,44,2674561
2026-06-10 01:16:25,1,3,1327007642,1230,877833,17
2026-06-10 01:16:28,1,1,3392,627790,46,571
2026-06-10 01:16:28,1,2,3252,4043911786,44,2674561
2026-06-10 01:16:28,1,3,1327007642,1230,877833,17
2026-06-10 01:16:31,1,1,3392,627790,46,571
2026-06-10 01:16:31,1,2,3252,4043911786,44,2674561
2026-06-10 01:16:31,1,3,1327007642,1230,877833,17
2026-06-10 01:16:34,1,1,3392,627790,46,571
2026-06-10 01:16:34,1,2,3252,4043911786,44,2674561
2026-06-10 01:16:34,1,3,1327007642,1230,877833,17
2026-06-10 01:16:37,1,1,3392,627790,46,571
2026-06-10 01:16:37,1,2,3252,4043911786,44,2674561
2026-06-10 01:16:37,1,3,1327007642,1230,877833,17
2026-06-10 01:16:40,1,1,3392,627790,46,571
2026-06-10 01:16:40,1,2,3252,4043911786,44,2674561
2026-06-10 01:16:40,1,3,1327007642,1230,877833,17
2026-06-10 01:16:43,1,1,3392,627790,46,571
2026-06-10 01:16:43,1,2,3252,4043911786,44,2674561
2026-06-10 01:16:43,1,3,1327007642,1230,877833,17
2026-06-10 01:16:46,1,1,3392,627790,46,571
2026-06-10 01:16:46,1,2,3252,4043911786,44,2674561
2026-06-10 01:16:46,1,3,1327007642,1230,877833,17
2026-06-10 01:16:49,1,1,3392,627790,46,571
2026-06-10 01:16:49,1,2,3252,4043911786,44,2674561
2026-06-10 01:16:49,1,3,1327007642,1230,877833,17
2026-06-10 01:16:52,1,1,3392,627790,46,571
2026-06-10 01:16:52,1,2,3252,4043911786,44,2674561
2026-06-10 01:16:52,1,3,1327007642,1230,877833,17
2026-06-10 01:16:55,1,1,3392,627790,46,571
2026-06-10 01:16:55,1,2,3252,4043911786,44,2674561
2026-06-10 01:16:55,1,3,1327007642,1230,877833,17
2026-06-10 01:16:58,1,1,3392,627790,46,571
2026-06-10 01:16:58,1,2,3252,4043911786,44,2674561
2026-06-10 01:16:58,1,3,1327007642,1230,877833,17
2026-06-10 01:17:01,1,1,3392,627790,46,571
2026-06-10 01:17:01,1,2,3252,4043911786,44,2674561
2026-06-10 01:17:01,1,3,1327007642,1230,877833,17
2026-06-10 01:17:04,1,1,3392,627790,46,571
2026-06-10 01:17:04,1,2,3252,4043911786,44,2674561
2026-06-10 01:17:04,1,3,1327007642,1230,877833,17
2026-06-10 01:17:07,1,1,3392,627790,46,571
2026-06-10 01:17:07,1,2,3252,4043911786,44,2674561
2026-06-10 01:17:07,1,3,1327007642,1230,877833,17
2026-06-10 01:17:10,1,1,3392,627790,46,571
2026-06-10 01:17:10,1,2,3252,4043911786,44,2674561
2026-06-10 01:17:10,1,3,1327007642,1230,877833,17
2026-06-10 01:17:13,1,1,3392,627790,46,571
2026-06-10 01:17:13,1,2,3252,4043911786,44,2674561
2026-06-10 01:17:13,1,3,1327007642,1230,877833,17
2026-06-10 01:17:16,1,1,3392,627790,46,571
2026-06-10 01:17:16,1,2,3252,4043911786,44,2674561
2026-06-10 01:17:16,1,3,1327007642,1230,877833,17
2026-06-10 01:17:19,1,1,3392,627790,46,571
2026-06-10 01:17:19,1,2,3252,4043911786,44,2674561
2026-06-10 01:17:19,1,3,1327007642,1230,877833,17
2026-06-10 01:17:22,1,1,3392,627790,46,571
2026-06-10 01:17:22,1,2,3252,4043911786,44,2674561
2026-06-10 01:17:22,1,3,1327007642,1230,877833,17
2026-06-10 01:17:25,1,1,3392,627790,46,571
2026-06-10 01:17:25,1,2,3252,4043911786,44,2674561
2026-06-10 01:17:25,1,3,1327007642,1230,877833,17
2026-06-10 01:17:28,1,1,3392,627790,46,571
2026-06-10 01:17:28,1,2,3252,4043911786,44,2674561
2026-06-10 01:17:28,1,3,1327007642,1230,877833,17
2026-06-10 01:17:31,1,1,3392,627790,46,571
2026-06-10 01:17:31,1,2,3252,4043911786,44,2674561
2026-06-10 01:17:31,1,3,1327007642,1230,877833,17
2026-06-10 01:17:34,1,1,3392,627790,46,571
2026-06-10 01:17:34,1,2,3252,4043911786,44,2674561
2026-06-10 01:17:34,1,3,1327007642,1230,877833,17
2026-06-10 01:17:37,1,1,3392,627790,46,571
2026-06-10 01:17:37,1,2,3252,4043911786,44,2674561
2026-06-10 01:17:37,1,3,1327007642,1230,877833,17
2026-06-10 01:17:40,1,1,3392,627790,46,571
2026-06-10 01:17:40,1,2,3252,4043911786,44,2674561
2026-06-10 01:17:40,1,3,1327007642,1230,877833,17
2026-06-10 01:17:43,1,1,3392,627790,46,571
2026-06-10 01:17:43,1,2,3252,4043911786,44,2674561
2026-06-10 01:17:43,1,3,1327007642,1230,877833,17
2026-06-10 01:17:46,1,1,3392,627790,46,571
2026-06-10 01:17:46,1,2,3252,4043911786,44,2674561
2026-06-10 01:17:46,1,3,1327007642,1230,877833,17
2026-06-10 01:17:49,1,1,3392,627790,46,571
2026-06-10 01:17:49,1,2,3252,4043911786,44,2674561
2026-06-10 01:17:49,1,3,1327007642,1230,877833,17
2026-06-10 01:17:52,1,1,3392,627790,46,571
2026-06-10 01:17:52,1,2,3252,4043911786,44,2674561
2026-06-10 01:17:52,1,3,1327007642,1230,877833,17
2026-06-10 01:17:55,1,1,3392,627790,46,571
2026-06-10 01:17:55,1,2,3252,4043911786,44,2674561
2026-06-10 01:17:55,1,3,1327007642,1230,877833,17
2026-06-10 01:17:58,1,1,3392,627790,46,571
2026-06-10 01:17:58,1,2,3252,4043911786,44,2674561
2026-06-10 01:17:58,1,3,1327007642,1230,877833,17
2026-06-10 01:18:01,1,1,3392,627790,46,571
2026-06-10 01:18:01,1,2,3252,4043911786,44,2674561
2026-06-10 01:18:01,1,3,1327007642,1230,877833,17
2026-06-10 01:18:04,1,1,3392,627790,46,571
2026-06-10 01:18:04,1,2,3252,4043911786,44,2674561
2026-06-10 01:18:04,1,3,1327007642,1230,877833,17
2026-06-10 01:18:07,1,1,3392,627790,46,571
2026-06-10 01:18:07,1,2,3252,4043911786,44,2674561
2026-06-10 01:18:07,1,3,1327007642,1230,877833,17
2026-06-10 01:18:10,1,1,3392,627790,46,571
2026-06-10 01:18:10,1,2,3252,4043911786,44,2674561
2026-06-10 01:18:10,1,3,1327007642,1230,877833,17
2026-06-10 01:18:13,1,1,3392,627790,46,571
2026-06-10 01:18:13,1,2,3252,4043911786,44,2674561
2026-06-10 01:18:13,1,3,1327007642,1230,877833,17
2026-06-10 01:18:16,1,1,3392,627790,46,571
2026-06-10 01:18:16,1,2,3252,4043911786,44,2674561
2026-06-10 01:18:16,1,3,1327007642,1230,877833,17
2026-06-10 01:18:19,1,1,3392,627790,46,571
2026-06-10 01:18:19,1,2,3252,4043911786,44,2674561
2026-06-10 01:18:19,1,3,1327007642,1230,877833,17
2026-06-10 01:18:22,1,1,3392,627790,46,571
2026-06-10 01:18:22,1,2,3252,4043911786,44,2674561
2026-06-10 01:18:22,1,3,1327007642,1230,877833,17
2026-06-10 01:18:25,1,1,3392,627790,46,571
2026-06-10 01:18:25,1,2,3252,4043911786,44,2674561
2026-06-10 01:18:25,1,3,1327007642,1230,877833,17
2026-06-10 01:18:28,1,1,3392,627790,46,571
2026-06-10 01:18:28,1,2,3252,4043911786,44,2674561
2026-06-10 01:18:28,1,3,1327007642,1230,877833,17
2026-06-10 01:18:31,1,1,3392,627790,46,571
2026-06-10 01:18:31,1,2,3252,4043911786,44,2674561
2026-06-10 01:18:31,1,3,1327007642,1230,877833,17
2026-06-10 01:18:34,1,1,3392,627790,46,571
2026-06-10 01:18:34,1,2,3252,4043911786,44,2674561
2026-06-10 01:18:34,1,3,1327007642,1230,877833,17
2026-06-10 01:18:37,1,1,3392,627790,46,571
2026-06-10 01:18:37,1,2,3252,4043911786,44,2674561
2026-06-10 01:18:37,1,3,1327007642,1230,877833,17
2026-06-10 01:18:40,1,1,3392,627790,46,571
2026-06-10 01:18:40,1,2,3252,4043911786,44,2674561
2026-06-10 01:18:40,1,3,1327007642,1230,877833,17
2026-06-10 01:18:43,1,1,3392,627790,46,571
2026-06-10 01:18:43,1,2,3252,4043911786,44,2674561
2026-06-10 01:18:43,1,3,1327007642,1230,877833,17
2026-06-10 01:18:46,1,1,3392,627790,46,571
2026-06-10 01:18:46,1,2,3252,4043911786,44,2674561
2026-06-10 01:18:46,1,3,1327007642,1230,877833,17
2026-06-10 01:18:49,1,1,3392,627790,46,571
2026-06-10 01:18:49,1,2,3252,4043911786,44,2674561
2026-06-10 01:18:49,1,3,1327007642,1230,877833,17
2026-06-10 01:18:52,1,1,3392,627790,46,571
2026-06-10 01:18:52,1,2,3252,4043911786,44,2674561
2026-06-10 01:18:52,1,3,1327007642,1230,877833,17
2026-06-10 01:18:55,1,1,3392,627790,46,571
2026-06-10 01:18:55,1,2,3252,4043911786,44,2674561
2026-06-10 01:18:55,1,3,1327007642,1230,877833,17
2026-06-10 01:18:58,1,1,3392,627790,46,571
2026-06-10 01:18:58,1,2,3252,4043911786,44,2674561
2026-06-10 01:18:58,1,3,1327007642,1230,877833,17
2026-06-10 01:19:01,1,1,3392,627790,46,571
2026-06-10 01:19:01,1,2,3252,4043911786,44,2674561
2026-06-10 01:19:01,1,3,1327007642,1230,877833,17
2026-06-10 01:19:04,1,1,3392,627790,46,571
2026-06-10 01:19:04,1,2,3252,4043911786,44,2674561
2026-06-10 01:19:04,1,3,1327007642,1230,877833,17
2026-06-10 01:19:07,1,1,3392,627790,46,571
2026-06-10 01:19:07,1,2,3252,4043911786,44,2674561
2026-06-10 01:19:07,1,3,1327007642,1230,877833,17
2026-06-10 01:19:10,1,1,3392,627790,46,571
2026-06-10 01:19:10,1,2,3252,4043911786,44,2674561
2026-06-10 01:19:10,1,3,1327007642,1230,877833,17
2026-06-10 01:19:13,1,1,3392,627790,46,571
2026-06-10 01:19:13,1,2,3252,4043911786,44,2674561
2026-06-10 01:19:13,1,3,1327007642,1230,877833,17
2026-06-10 01:19:16,1,1,3392,627790,46,571
2026-06-10 01:19:16,1,2,3252,4043911786,44,2674561
2026-06-10 01:19:16,1,3,1327007642,1230,877833,17
2026-06-10 01:19:19,1,1,3392,627790,46,571
2026-06-10 01:19:19,1,2,3252,4043911786,44,2674561
2026-06-10 01:19:19,1,3,1327007642,1230,877833,17
2026-06-10 01:19:22,1,1,3392,627790,46,571
2026-06-10 01:19:22,1,2,3252,4043911786,44,2674561
2026-06-10 01:19:22,1,3,1327007642,1230,877833,17
2026-06-10 01:19:25,1,1,3392,627790,46,571
2026-06-10 01:19:25,1,2,3252,4043911786,44,2674561
2026-06-10 01:19:25,1,3,1327007642,1230,877833,17
2026-06-10 01:19:28,1,1,3392,627790,46,571
2026-06-10 01:19:28,1,2,3252,4043911786,44,2674561
2026-06-10 01:19:28,1,3,1327007642,1230,877833,17
2026-06-10 01:19:31,1,1,3392,627790,46,571
2026-06-10 01:19:31,1,2,3252,4043911786,44,2674561
2026-06-10 01:19:31,1,3,1327007642,1230,877833,17
2026-06-10 01:19:34,1,1,3392,627790,46,571
2026-06-10 01:19:34,1,2,3252,4043911786,44,2674561
2026-06-10 01:19:34,1,3,1327007642,1230,877833,17
2026-06-10 01:19:37,1,1,3392,627790,46,571
2026-06-10 01:19:37,1,2,3252,4043911786,44,2674561
2026-06-10 01:19:37,1,3,1327007642,1230,877833,17
2026-06-10 01:19:40,1,1,3392,627790,46,571
2026-06-10 01:19:40,1,2,3252,4043911786,44,2674561
2026-06-10 01:19:40,1,3,1327007642,1230,877833,17
2026-06-10 01:19:43,1,1,3392,627790,46,571
2026-06-10 01:19:43,1,2,3252,4043911786,44,2674561
2026-06-10 01:19:43,1,3,1327007642,1230,877833,17
2026-06-10 01:19:46,1,1,3392,627790,46,571
2026-06-10 01:19:46,1,2,3252,4043911786,44,2674561
2026-06-10 01:19:46,1,3,1327007642,1230,877833,17
2026-06-10 01:19:49,1,1,3392,627790,46,571
2026-06-10 01:19:49,1,2,3252,4043911786,44,2674561
2026-06-10 01:19:49,1,3,1327007642,1230,877833,17
2026-06-10 01:19:52,1,1,3392,627790,46,571
2026-06-10 01:19:52,1,2,3252,4043911786,44,2674561
2026-06-10 01:19:52,1,3,1327007642,1230,877833,17
2026-06-10 01:19:55,1,1,3392,627790,46,571
2026-06-10 01:19:55,1,2,3252,4043911786,44,2674561
2026-06-10 01:19:55,1,3,1327007642,1230,877833,17
2026-06-10 01:19:58,1,1,3392,627790,46,571
2026-06-10 01:19:58,1,2,3252,4043911786,44,2674561
2026-06-10 01:19:58,1,3,1327007642,1230,877833,17
2026-06-10 01:20:01,1,1,3392,627790,46,571
2026-06-10 01:20:01,1,2,3252,4043911786,44,2674561
2026-06-10 01:20:01,1,3,1327007642,1230,877833,17
2026-06-10 01:20:04,1,1,3392,627790,46,571
2026-06-10 01:20:04,1,2,3252,4043911786,44,2674561
2026-06-10 01:20:04,1,3,1327007642,1230,877833,17
2026-06-10 01:20:07,1,1,3392,627790,46,571
2026-06-10 01:20:07,1,2,3322,4043911786,45,2674561
2026-06-10 01:20:07,1,3,1327007642,1230,877833,17
2026-06-10 01:20:10,1,1,3392,627790,46,571
2026-06-10 01:20:10,1,2,3322,4043911786,45,2674561
2026-06-10 01:20:10,1,3,1327007642,1230,877833,17
2026-06-10 01:20:13,1,1,3392,627790,46,571
2026-06-10 01:20:13,1,2,3322,4043911786,45,2674561
2026-06-10 01:20:13,1,3,1327007642,1230,877833,17
2026-06-10 01:20:16,1,1,3392,627790,46,571
2026-06-10 01:20:16,1,2,3322,4043911786,45,2674561
2026-06-10 01:20:16,1,3,1327007642,1230,877833,17
2026-06-10 01:20:19,1,1,3392,627790,46,571
2026-06-10 01:20:19,1,2,3322,4043911786,45,2674561
2026-06-10 01:20:19,1,3,1327007642,1230,877833,17
2026-06-10 01:20:22,1,1,3392,627790,46,571
2026-06-10 01:20:22,1,2,3322,4043911786,45,2674561
2026-06-10 01:20:22,1,3,1327007642,1230,877833,17
2026-06-10 01:20:25,1,1,3392,627790,46,571
2026-06-10 01:20:25,1,2,3322,4043911786,45,2674561
2026-06-10 01:20:25,1,3,1327007642,1230,877833,17
2026-06-10 01:20:28,1,1,3392,627790,46,571
2026-06-10 01:20:28,1,2,3322,4043911786,45,2674561
2026-06-10 01:20:28,1,3,1327007642,1230,877833,17
2026-06-10 01:20:31,1,1,3392,627790,46,571
2026-06-10 01:20:31,1,2,3322,4043911786,45,2674561
2026-06-10 01:20:31,1,3,1327007642,1230,877833,17
2026-06-10 01:20:34,1,1,3392,627790,46,571
2026-06-10 01:20:34,1,2,3322,4043911786,45,2674561
2026-06-10 01:20:34,1,3,1327007642,1230,877833,17
2026-06-10 01:20:37,1,1,3392,627790,46,571
2026-06-10 01:20:37,1,2,3322,4043911786,45,2674561
2026-06-10 01:20:37,1,3,1327007642,1230,877833,17
2026-06-10 01:20:40,1,1,3392,627790,46,571
2026-06-10 01:20:40,1,2,3322,4043911786,45,2674561
2026-06-10 01:20:40,1,3,1327007642,1230,877833,17
2026-06-10 01:20:43,1,1,3392,627790,46,571
2026-06-10 01:20:43,1,2,3322,4043911786,45,2674561
2026-06-10 01:20:43,1,3,1327007642,1230,877833,17
2026-06-10 01:20:46,1,1,3392,627790,46,571
2026-06-10 01:20:46,1,2,3322,4043911786,45,2674561
2026-06-10 01:20:46,1,3,1327007642,1230,877833,17
2026-06-10 01:20:49,1,1,3392,627790,46,571
2026-06-10 01:20:49,1,2,3322,4043911786,45,2674561
2026-06-10 01:20:49,1,3,1327007642,1230,877833,17
2026-06-10 01:20:52,1,1,3392,627790,46,571
2026-06-10 01:20:52,1,2,3322,4043911786,45,2674561
2026-06-10 01:20:52,1,3,1327007642,1230,877833,17
2026-06-10 01:20:55,1,1,3392,627790,46,571
2026-06-10 01:20:55,1,2,3322,4043911786,45,2674561
2026-06-10 01:20:55,1,3,1327007642,1230,877833,17
2026-06-10 01:20:58,1,1,3392,627790,46,571
2026-06-10 01:20:58,1,2,3322,4043911786,45,2674561
2026-06-10 01:20:58,1,3,1327007642,1230,877833,17
2026-06-10 01:21:01,1,1,3392,627790,46,571
2026-06-10 01:21:01,1,2,3322,4043911786,45,2674561
2026-06-10 01:21:01,1,3,1327007642,1230,877833,17
2026-06-10 01:21:04,1,1,3392,627790,46,571
2026-06-10 01:21:04,1,2,3322,4043911786,45,2674561
2026-06-10 01:21:04,1,3,1327007642,1230,877833,17
2026-06-10 01:21:07,1,1,3392,627790,46,571
2026-06-10 01:21:07,1,2,3322,4043911786,45,2674561
2026-06-10 01:21:07,1,3,1327007642,1230,877833,17
2026-06-10 01:21:10,1,1,3392,627790,46,571
2026-06-10 01:21:10,1,2,3322,4043911786,45,2674561
2026-06-10 01:21:10,1,3,1327007642,1230,877833,17
2026-06-10 01:21:13,1,1,3392,627790,46,571
2026-06-10 01:21:13,1,2,3322,4043911786,45,2674561
2026-06-10 01:21:13,1,3,1327007642,1230,877833,17
2026-06-10 01:21:16,1,1,3392,627790,46,571
2026-06-10 01:21:16,1,2,3322,4043911786,45,2674561
2026-06-10 01:21:16,1,3,1327007642,1230,877833,17
2026-06-10 01:21:19,1,1,3392,627790,46,571
2026-06-10 01:21:19,1,2,3322,4043911786,45,2674561
2026-06-10 01:21:19,1,3,1327007642,1230,877833,17
2026-06-10 01:21:22,1,1,3392,627790,46,571
2026-06-10 01:21:22,1,2,3322,4043911786,45,2674561
2026-06-10 01:21:22,1,3,1327007642,1230,877833,17
2026-06-10 01:21:25,1,1,3392,627790,46,571
2026-06-10 01:21:25,1,2,3322,4043911786,45,2674561
2026-06-10 01:21:25,1,3,1327007642,1230,877833,17
2026-06-10 01:21:28,1,1,3392,627790,46,571
2026-06-10 01:21:28,1,2,3322,4043911786,45,2674561
2026-06-10 01:21:28,1,3,1327007642,1230,877833,17
2026-06-10 01:21:31,1,1,3392,627790,46,571
2026-06-10 01:21:31,1,2,3322,4043911786,45,2674561
2026-06-10 01:21:31,1,3,1327007642,1230,877833,17
2026-06-10 01:21:34,1,1,3392,627790,46,571
2026-06-10 01:21:34,1,2,3322,4043911786,45,2674561
2026-06-10 01:21:34,1,3,1327007642,1230,877833,17
2026-06-10 01:21:37,1,1,3392,627790,46,571
2026-06-10 01:21:37,1,2,3322,4043911786,45,2674561
2026-06-10 01:21:37,1,3,1327007642,1230,877833,17
2026-06-10 01:21:40,1,1,3392,627790,46,571
2026-06-10 01:21:40,1,2,3322,4043911786,45,2674561
2026-06-10 01:21:40,1,3,1327007642,1230,877833,17
2026-06-10 01:21:43,1,1,3392,627790,46,571
2026-06-10 01:21:43,1,2,3322,4043911786,45,2674561
2026-06-10 01:21:43,1,3,1327007642,1230,877833,17
2026-06-10 01:21:46,1,1,3392,627790,46,571
2026-06-10 01:21:46,1,2,3322,4043911786,45,2674561
2026-06-10 01:21:46,1,3,1327007642,1230,877833,17
2026-06-10 01:21:49,1,1,3392,627790,46,571
2026-06-10 01:21:49,1,2,3322,4043911786,45,2674561
2026-06-10 01:21:49,1,3,1327007642,1230,877833,17
2026-06-10 01:21:52,1,1,3392,627790,46,571
2026-06-10 01:21:52,1,2,3322,4043911786,45,2674561
2026-06-10 01:21:52,1,3,1327007642,1230,877833,17
2026-06-10 01:21:55,1,1,3392,627790,46,571
2026-06-10 01:21:55,1,2,3322,4043911786,45,2674561
2026-06-10 01:21:55,1,3,1327007642,1230,877833,17
2026-06-10 01:21:58,1,1,3392,627790,46,571
2026-06-10 01:21:58,1,2,3322,4043911786,45,2674561
2026-06-10 01:21:58,1,3,1327007642,1230,877833,17
2026-06-10 01:22:01,1,1,3392,627790,46,571
2026-06-10 01:22:01,1,2,3322,4043911786,45,2674561
2026-06-10 01:22:01,1,3,1327007642,1230,877833,17
2026-06-10 01:22:04,1,1,3392,627790,46,571
2026-06-10 01:22:04,1,2,3322,4043911786,45,2674561
2026-06-10 01:22:04,1,3,1327007642,1230,877833,17
2026-06-10 01:22:07,1,1,3392,627790,46,571
2026-06-10 01:22:07,1,2,3322,4043911786,45,2674561
2026-06-10 01:22:07,1,3,1327007642,1230,877833,17
2026-06-10 01:22:10,1,1,3392,627790,46,571
2026-06-10 01:22:10,1,2,3322,4043911786,45,2674561
2026-06-10 01:22:10,1,3,1327007642,1230,877833,17
2026-06-10 01:22:13,1,1,3392,627790,46,571
2026-06-10 01:22:13,1,2,3322,4043911786,45,2674561
2026-06-10 01:22:13,1,3,1327007642,1230,877833,17
2026-06-10 01:22:16,1,1,3392,627790,46,571
2026-06-10 01:22:16,1,2,3322,4043911786,45,2674561
2026-06-10 01:22:16,1,3,1327007642,1230,877833,17
2026-06-10 01:22:19,1,1,3392,627790,46,571
2026-06-10 01:22:19,1,2,3322,4043911786,45,2674561
2026-06-10 01:22:19,1,3,1327007642,1230,877833,17
2026-06-10 01:22:22,1,1,3392,627790,46,571
2026-06-10 01:22:22,1,2,3322,4043911786,45,2674561
2026-06-10 01:22:22,1,3,1327007642,1230,877833,17
2026-06-10 01:22:25,1,1,3392,627790,46,571
2026-06-10 01:22:25,1,2,3322,4043911786,45,2674561
2026-06-10 01:22:25,1,3,1327007642,1230,877833,17
2026-06-10 01:22:28,1,1,3392,627790,46,571
2026-06-10 01:22:28,1,2,3322,4043911786,45,2674561
2026-06-10 01:22:28,1,3,1327007642,1230,877833,17
2026-06-10 01:22:31,1,1,3392,627790,46,571
2026-06-10 01:22:31,1,2,3322,4043911786,45,2674561
2026-06-10 01:22:31,1,3,1327007642,1230,877833,17
2026-06-10 01:22:34,1,1,3392,627790,46,571
2026-06-10 01:22:34,1,2,3322,4043911786,45,2674561
2026-06-10 01:22:34,1,3,1327007642,1230,877833,17
2026-06-10 01:22:37,1,1,3392,627790,46,571
2026-06-10 01:22:37,1,2,3322,4043911786,45,2674561
2026-06-10 01:22:37,1,3,1327007642,1230,877833,17
2026-06-10 01:22:40,1,1,3392,627790,46,571
2026-06-10 01:22:40,1,2,3322,4043911786,45,2674561
2026-06-10 01:22:40,1,3,1327007642,1230,877833,17
2026-06-10 01:22:43,1,1,3392,627790,46,571
2026-06-10 01:22:43,1,2,3322,4043911786,45,2674561
2026-06-10 01:22:43,1,3,1327007642,1230,877833,17
2026-06-10 01:22:46,1,1,3392,627790,46,571
2026-06-10 01:22:46,1,2,3322,4043911786,45,2674561
2026-06-10 01:22:46,1,3,1327007642,1230,877833,17
2026-06-10 01:22:49,1,1,3392,627790,46,571
2026-06-10 01:22:49,1,2,3322,4043911786,45,2674561
2026-06-10 01:22:49,1,3,1327007642,1230,877833,17
2026-06-10 01:22:52,1,1,3392,627790,46,571
2026-06-10 01:22:52,1,2,3322,4043911786,45,2674561
2026-06-10 01:22:52,1,3,1327007642,1230,877833,17
2026-06-10 01:22:55,1,1,3392,627790,46,571
2026-06-10 01:22:55,1,2,3322,4043911786,45,2674561
2026-06-10 01:22:55,1,3,1327007642,1230,877833,17
2026-06-10 01:22:58,1,1,3392,627790,46,571
2026-06-10 01:22:58,1,2,3322,4043911786,45,2674561
2026-06-10 01:22:58,1,3,1327007642,1230,877833,17
2026-06-10 01:23:01,1,1,3392,627790,46,571
2026-06-10 01:23:01,1,2,3322,4043911786,45,2674561
2026-06-10 01:23:01,1,3,1327007642,1230,877833,17
2026-06-10 01:23:04,1,1,3392,627790,46,571
2026-06-10 01:23:04,1,2,3322,4043911786,45,2674561
2026-06-10 01:23:04,1,3,1327007642,1230,877833,17
2026-06-10 01:23:07,1,1,3392,627790,46,571
2026-06-10 01:23:07,1,2,3322,4043911786,45,2674561
2026-06-10 01:23:07,1,3,1327007642,1230,877833,17
2026-06-10 01:23:10,1,1,3392,627790,46,571
2026-06-10 01:23:10,1,2,3322,4043911786,45,2674561
2026-06-10 01:23:10,1,3,1327007642,1230,877833,17
2026-06-10 01:23:13,1,1,3392,627790,46,571
2026-06-10 01:23:13,1,2,3322,4043911786,45,2674561
2026-06-10 01:23:13,1,3,1327007642,1230,877833,17
2026-06-10 01:23:16,1,1,3392,627790,46,571
2026-06-10 01:23:16,1,2,3322,4043911786,45,2674561
2026-06-10 01:23:16,1,3,1327007642,1230,877833,17
2026-06-10 01:23:19,1,1,3392,627790,46,571
2026-06-10 01:23:19,1,2,3322,4043911786,45,2674561
2026-06-10 01:23:19,1,3,1327007642,1230,877833,17
2026-06-10 01:23:22,1,1,3392,627790,46,571
2026-06-10 01:23:22,1,2,3322,4043911786,45,2674561
2026-06-10 01:23:22,1,3,1327007642,1230,877833,17
2026-06-10 01:23:25,1,1,3392,627790,46,571
2026-06-10 01:23:25,1,2,3322,4043911786,45,2674561
2026-06-10 01:23:25,1,3,1327007642,1230,877833,17
2026-06-10 01:23:28,1,1,3392,627790,46,571
2026-06-10 01:23:28,1,2,3322,4043911786,45,2674561
2026-06-10 01:23:28,1,3,1327007642,1230,877833,17
2026-06-10 01:23:31,1,1,3392,627790,46,571
2026-06-10 01:23:31,1,2,3322,4043911786,45,2674561
2026-06-10 01:23:31,1,3,1327007642,1230,877833,17
2026-06-10 01:23:34,1,1,3392,627790,46,571
2026-06-10 01:23:34,1,2,3322,4043911786,45,2674561
2026-06-10 01:23:34,1,3,1327007642,1230,877833,17
2026-06-10 01:23:37,1,1,3392,627790,46,571
2026-06-10 01:23:37,1,2,3322,4043911786,45,2674561
2026-06-10 01:23:37,1,3,1327007642,1230,877833,17
2026-06-10 01:23:40,1,1,3392,627790,46,571
2026-06-10 01:23:40,1,2,3322,4043911786,45,2674561
2026-06-10 01:23:40,1,3,1327007642,1230,877833,17
2026-06-10 01:23:43,1,1,3392,627790,46,571
2026-06-10 01:23:43,1,2,3322,4043911786,45,2674561
2026-06-10 01:23:43,1,3,1327007642,1230,877833,17
2026-06-10 01:23:46,1,1,3392,627790,46,571
2026-06-10 01:23:46,1,2,3322,4043911786,45,2674561
2026-06-10 01:23:46,1,3,1327007642,1230,877833,17
2026-06-10 01:23:49,1,1,3392,627790,46,571
2026-06-10 01:23:49,1,2,3322,4043911786,45,2674561
2026-06-10 01:23:49,1,3,1327007642,1230,877833,17
2026-06-10 01:23:52,1,1,3392,627790,46,571
2026-06-10 01:23:52,1,2,3322,4043911786,45,2674561
2026-06-10 01:23:52,1,3,1327007642,1230,877833,17
2026-06-10 01:23:55,1,1,3392,627790,46,571
2026-06-10 01:23:55,1,2,3322,4043911786,45,2674561
2026-06-10 01:23:55,1,3,1327007642,1230,877833,17
2026-06-10 01:23:58,1,1,3392,627790,46,571
2026-06-10 01:23:58,1,2,3322,4043911786,45,2674561
2026-06-10 01:23:58,1,3,1327007642,1230,877833,17
2026-06-10 01:24:01,1,1,3392,627790,46,571
2026-06-10 01:24:01,1,2,3322,4043911786,45,2674561
2026-06-10 01:24:01,1,3,1327007642,1230,877833,17
2026-06-10 01:24:04,1,1,3392,627790,46,571
2026-06-10 01:24:04,1,2,3322,4043911786,45,2674561
2026-06-10 01:24:04,1,3,1327007642,1230,877833,17
2026-06-10 01:24:07,1,1,3392,627790,46,571
2026-06-10 01:24:07,1,2,3322,4043911786,45,2674561
2026-06-10 01:24:07,1,3,1327007642,1230,877833,17
2026-06-10 01:24:10,1,1,3392,627790,46,571
2026-06-10 01:24:10,1,2,3322,4043911786,45,2674561
2026-06-10 01:24:10,1,3,1327007642,1230,877833,17
2026-06-10 01:24:13,1,1,3392,627790,46,571
2026-06-10 01:24:13,1,2,3322,4043911786,45,2674561
2026-06-10 01:24:13,1,3,1327007642,1230,877833,17
2026-06-10 01:24:16,1,1,3392,627790,46,571
2026-06-10 01:24:16,1,2,3322,4043911786,45,2674561
2026-06-10 01:24:16,1,3,1327007642,1230,877833,17
2026-06-10 01:24:19,1,1,3392,627790,46,571
2026-06-10 01:24:19,1,2,3322,4043911786,45,2674561
2026-06-10 01:24:19,1,3,1327007642,1230,877833,17
2026-06-10 01:24:22,1,1,3392,627790,46,571
2026-06-10 01:24:22,1,2,3322,4043911786,45,2674561
2026-06-10 01:24:22,1,3,1327007642,1230,877833,17
2026-06-10 01:24:25,1,1,3392,627790,46,571
2026-06-10 01:24:25,1,2,3322,4043911786,45,2674561
2026-06-10 01:24:25,1,3,1327007642,1230,877833,17
2026-06-10 01:24:28,1,1,3392,627790,46,571
2026-06-10 01:24:28,1,2,3322,4043911786,45,2674561
2026-06-10 01:24:28,1,3,1327007642,1230,877833,17
2026-06-10 01:24:31,1,1,3392,627790,46,571
2026-06-10 01:24:31,1,2,3322,4043911786,45,2674561
2026-06-10 01:24:31,1,3,1327007642,1230,877833,17
2026-06-10 01:24:34,1,1,3392,627790,46,571
2026-06-10 01:24:34,1,2,3322,4043911786,45,2674561
2026-06-10 01:24:34,1,3,1327007642,1230,877833,17
2026-06-10 01:24:37,1,1,3392,627790,46,571
2026-06-10 01:24:37,1,2,3322,4043911786,45,2674561
2026-06-10 01:24:37,1,3,1327007642,1230,877833,17
2026-06-10 01:24:40,1,1,3392,627790,46,571
2026-06-10 01:24:40,1,2,3322,4043911786,45,2674561
2026-06-10 01:24:40,1,3,1327007642,1230,877833,17
2026-06-10 01:24:43,1,1,3392,627790,46,571
2026-06-10 01:24:43,1,2,3322,4043911786,45,2674561
2026-06-10 01:24:43,1,3,1327007642,1230,877833,17
2026-06-10 01:24:46,1,1,3392,627790,46,571
2026-06-10 01:24:46,1,2,3322,4043911786,45,2674561
2026-06-10 01:24:46,1,3,1327007642,1230,877833,17
2026-06-10 01:24:49,1,1,3392,627790,46,571
2026-06-10 01:24:49,1,2,3322,4043911786,45,2674561
2026-06-10 01:24:49,1,3,1327007642,1230,877833,17
2026-06-10 01:24:52,1,1,3392,627790,46,571
2026-06-10 01:24:52,1,2,3322,4043911786,45,2674561
2026-06-10 01:24:52,1,3,1327007642,1230,877833,17
2026-06-10 01:24:55,1,1,3392,627790,46,571
2026-06-10 01:24:55,1,2,3322,4043911786,45,2674561
2026-06-10 01:24:55,1,3,1327007642,1230,877833,17
2026-06-10 01:24:58,1,1,3392,627790,46,571
2026-06-10 01:24:58,1,2,3322,4043911786,45,2674561
2026-06-10 01:24:58,1,3,1327007642,1230,877833,17
2026-06-10 01:25:01,1,1,3392,627790,46,571
2026-06-10 01:25:01,1,2,3322,4043911786,45,2674561
2026-06-10 01:25:01,1,3,1327007642,1230,877833,17
2026-06-10 01:25:04,1,1,3392,627790,46,571
2026-06-10 01:25:04,1,2,3322,4043911786,45,2674561
2026-06-10 01:25:04,1,3,1327007642,1230,877833,17
2026-06-10 01:25:07,1,1,3392,627790,46,571
2026-06-10 01:25:07,1,2,3322,4043911786,45,2674561
2026-06-10 01:25:07,1,3,1327007642,1230,877833,17
2026-06-10 01:25:10,1,1,3392,627790,46,571
2026-06-10 01:25:10,1,2,3322,4043911786,45,2674561
2026-06-10 01:25:10,1,3,1327007642,1230,877833,17
2026-06-10 01:25:13,1,1,3392,627790,46,571
2026-06-10 01:25:13,1,2,3322,4043911786,45,2674561
2026-06-10 01:25:13,1,3,1327007642,1230,877833,17
2026-06-10 01:25:16,1,1,3392,627790,46,571
2026-06-10 01:25:16,1,2,3322,4043911786,45,2674561
2026-06-10 01:25:16,1,3,1327007642,1230,877833,17
2026-06-10 01:25:19,1,1,3392,627790,46,571
2026-06-10 01:25:19,1,2,3322,4043911786,45,2674561
2026-06-10 01:25:19,1,3,1327007642,1230,877833,17
2026-06-10 01:25:22,1,1,3392,627790,46,571
2026-06-10 01:25:22,1,2,3322,4043911786,45,2674561
2026-06-10 01:25:22,1,3,1327007642,1230,877833,17
2026-06-10 01:25:25,1,1,3392,627790,46,571
2026-06-10 01:25:25,1,2,3322,4043911786,45,2674561
2026-06-10 01:25:25,1,3,1327007642,1230,877833,17
2026-06-10 01:25:28,1,1,3392,627790,46,571
2026-06-10 01:25:28,1,2,3322,4043911786,45,2674561
2026-06-10 01:25:28,1,3,1327007642,1230,877833,17
2026-06-10 01:25:31,1,1,3392,627790,46,571
2026-06-10 01:25:31,1,2,3322,4043911786,45,2674561
2026-06-10 01:25:31,1,3,1327007642,1230,877833,17
2026-06-10 01:25:34,1,1,3392,627790,46,571
2026-06-10 01:25:34,1,2,3322,4043911786,45,2674561
2026-06-10 01:25:34,1,3,1327007642,1230,877833,17
2026-06-10 01:25:37,1,1,3392,627790,46,571
2026-06-10 01:25:37,1,2,3322,4043911786,45,2674561
2026-06-10 01:25:37,1,3,1327007642,1230,877833,17
2026-06-10 01:25:40,1,1,3392,627790,46,571
2026-06-10 01:25:40,1,2,3322,4043911786,45,2674561
2026-06-10 01:25:40,1,3,1327007642,1230,877833,17
2026-06-10 01:25:43,1,1,3392,627790,46,571
2026-06-10 01:25:43,1,2,3322,4043911786,45,2674561
2026-06-10 01:25:43,1,3,1327007642,1230,877833,17
2026-06-10 01:25:46,1,1,3392,627790,46,571
2026-06-10 01:25:46,1,2,3322,4043911786,45,2674561
2026-06-10 01:25:46,1,3,1327007642,1230,877833,17
2026-06-10 01:25:49,1,1,3392,627790,46,571
2026-06-10 01:25:49,1,2,3322,4043911786,45,2674561
2026-06-10 01:25:49,1,3,1327007642,1230,877833,17
2026-06-10 01:25:52,1,1,3392,627790,46,571
2026-06-10 01:25:52,1,2,3322,4043911786,45,2674561
2026-06-10 01:25:52,1,3,1327007642,1230,877833,17
2026-06-10 01:25:55,1,1,3392,627790,46,571
2026-06-10 01:25:55,1,2,3322,4043911786,45,2674561
2026-06-10 01:25:55,1,3,1327007642,1230,877833,17
2026-06-10 01:25:58,1,1,3392,627790,46,571
2026-06-10 01:25:58,1,2,3322,4043911786,45,2674561
2026-06-10 01:25:58,1,3,1327007642,1230,877833,17
2026-06-10 01:26:01,1,1,3392,627790,46,571
2026-06-10 01:26:01,1,2,3322,4043911786,45,2674561
2026-06-10 01:26:01,1,3,1327007642,1230,877833,17
2026-06-10 01:26:04,1,1,3392,627790,46,571
2026-06-10 01:26:04,1,2,3322,4043911786,45,2674561
2026-06-10 01:26:04,1,3,1327007642,1230,877833,17
2026-06-10 01:26:07,1,1,3392,627790,46,571
2026-06-10 01:26:07,1,2,3322,4043911786,45,2674561
2026-06-10 01:26:07,1,3,1327007642,1230,877833,17
2026-06-10 01:26:10,1,1,3392,627790,46,571
2026-06-10 01:26:10,1,2,3322,4043911786,45,2674561
2026-06-10 01:26:10,1,3,1327007642,1230,877833,17
2026-06-10 01:26:13,1,1,3392,627790,46,571
2026-06-10 01:26:13,1,2,3322,4043911786,45,2674561
2026-06-10 01:26:13,1,3,1327007642,1230,877833,17
2026-06-10 01:26:16,1,1,3392,627790,46,571
2026-06-10 01:26:16,1,2,3322,4043911786,45,2674561
2026-06-10 01:26:16,1,3,1327007642,1230,877833,17
2026-06-10 01:26:19,1,1,3392,627790,46,571
2026-06-10 01:26:19,1,2,3322,4043911786,45,2674561
2026-06-10 01:26:19,1,3,1327007642,1230,877833,17
2026-06-10 01:26:22,1,1,3392,627790,46,571
2026-06-10 01:26:22,1,2,3322,4043911786,45,2674561
2026-06-10 01:26:22,1,3,1327007642,1230,877833,17
2026-06-10 01:26:25,1,1,3392,627790,46,571
2026-06-10 01:26:25,1,2,3322,4043911786,45,2674561
2026-06-10 01:26:25,1,3,1327007642,1230,877833,17
2026-06-10 01:26:28,1,1,3392,627790,46,571
2026-06-10 01:26:28,1,2,3322,4043911786,45,2674561
2026-06-10 01:26:28,1,3,1327007642,1230,877833,17
2026-06-10 01:26:31,1,1,3392,627790,46,571
2026-06-10 01:26:31,1,2,3322,4043911786,45,2674561
2026-06-10 01:26:31,1,3,1327007642,1230,877833,17
2026-06-10 01:26:34,1,1,3392,627790,46,571
2026-06-10 01:26:34,1,2,3322,4043911786,45,2674561
2026-06-10 01:26:34,1,3,1327007642,1230,877833,17
2026-06-10 01:26:37,1,1,3392,627790,46,571
2026-06-10 01:26:37,1,2,3322,4043911786,45,2674561
2026-06-10 01:26:37,1,3,1327007642,1230,877833,17
2026-06-10 01:26:40,1,1,3392,627790,46,571
2026-06-10 01:26:40,1,2,3322,4043911786,45,2674561
2026-06-10 01:26:40,1,3,1327007642,1230,877833,17
2026-06-10 01:26:43,1,1,3392,627790,46,571
2026-06-10 01:26:43,1,2,3322,4043911786,45,2674561
2026-06-10 01:26:43,1,3,1327007642,1230,877833,17
2026-06-10 01:26:46,1,1,3392,627790,46,571
2026-06-10 01:26:46,1,2,3322,4043911786,45,2674561
2026-06-10 01:26:46,1,3,1327007642,1230,877833,17
2026-06-10 01:26:49,1,1,3392,627790,46,571
2026-06-10 01:26:49,1,2,3322,4043911786,45,2674561
2026-06-10 01:26:49,1,3,1327007642,1230,877833,17
2026-06-10 01:26:52,1,1,3392,627790,46,571
2026-06-10 01:26:52,1,2,3322,4043911786,45,2674561
2026-06-10 01:26:52,1,3,1327007642,1230,877833,17
2026-06-10 01:26:55,1,1,3392,627790,46,571
2026-06-10 01:26:55,1,2,3322,4043911786,45,2674561
2026-06-10 01:26:55,1,3,1327007642,1230,877833,17
2026-06-10 01:26:58,1,1,3392,627790,46,571
2026-06-10 01:26:58,1,2,3322,4043911786,45,2674561
2026-06-10 01:26:58,1,3,1327007642,1230,877833,17
2026-06-10 01:27:01,1,1,3392,627790,46,571
2026-06-10 01:27:01,1,2,3322,4043911786,45,2674561
2026-06-10 01:27:01,1,3,1327007642,1230,877833,17
2026-06-10 01:27:04,1,1,3392,627790,46,571
2026-06-10 01:27:04,1,2,3322,4043911786,45,2674561
2026-06-10 01:27:04,1,3,1327007642,1230,877833,17
2026-06-10 01:27:07,1,1,3392,627790,46,571
2026-06-10 01:27:07,1,2,3322,4043911786,45,2674561
2026-06-10 01:27:07,1,3,1327007642,1230,877833,17
2026-06-10 01:27:10,1,1,3392,627790,46,571
2026-06-10 01:27:10,1,2,3322,4043911786,45,2674561
2026-06-10 01:27:10,1,3,1327007642,1230,877833,17
2026-06-10 01:27:13,1,1,3392,627790,46,571
2026-06-10 01:27:13,1,2,3322,4043911786,45,2674561
2026-06-10 01:27:13,1,3,1327007642,1230,877833,17
2026-06-10 01:27:16,1,1,3392,627790,46,571
2026-06-10 01:27:16,1,2,3322,4043911786,45,2674561
2026-06-10 01:27:16,1,3,1327007642,1230,877833,17
2026-06-10 01:27:19,1,1,3392,627790,46,571
2026-06-10 01:27:19,1,2,3322,4043911786,45,2674561
2026-06-10 01:27:19,1,3,1327007642,1230,877833,17
2026-06-10 01:27:22,1,1,3392,627790,46,571
2026-06-10 01:27:22,1,2,3322,4043911786,45,2674561
2026-06-10 01:27:22,1,3,1327007642,1230,877833,17
2026-06-10 01:27:25,1,1,3392,627790,46,571
2026-06-10 01:27:25,1,2,3322,4043911786,45,2674561
2026-06-10 01:27:25,1,3,1327007642,1230,877833,17
2026-06-10 01:27:28,1,1,3392,627790,46,571
2026-06-10 01:27:28,1,2,3322,4043911786,45,2674561
2026-06-10 01:27:28,1,3,1327007642,1230,877833,17
2026-06-10 01:27:31,1,1,3392,627790,46,571
2026-06-10 01:27:31,1,2,3322,4043911786,45,2674561
2026-06-10 01:27:31,1,3,1327007642,1230,877833,17
2026-06-10 01:27:34,1,1,3392,627790,46,571
2026-06-10 01:27:34,1,2,3322,4043911786,45,2674561
2026-06-10 01:27:34,1,3,1327007642,1230,877833,17
2026-06-10 01:27:37,1,1,3392,627790,46,571
2026-06-10 01:27:37,1,2,3322,4043911786,45,2674561
2026-06-10 01:27:37,1,3,1327007642,1230,877833,17
2026-06-10 01:27:40,1,1,3392,627790,46,571
2026-06-10 01:27:40,1,2,3322,4043911786,45,2674561
2026-06-10 01:27:40,1,3,1327007642,1230,877833,17
2026-06-10 01:27:43,1,1,3392,627790,46,571
2026-06-10 01:27:43,1,2,3322,4043911786,45,2674561
2026-06-10 01:27:43,1,3,1327007642,1230,877833,17
2026-06-10 01:27:46,1,1,3392,627790,46,571
2026-06-10 01:27:46,1,2,3322,4043911786,45,2674561
2026-06-10 01:27:46,1,3,1327007642,1230,877833,17
2026-06-10 01:27:49,1,1,3392,627790,46,571
2026-06-10 01:27:49,1,2,3322,4043911786,45,2674561
2026-06-10 01:27:49,1,3,1327007642,1230,877833,17
2026-06-10 01:27:52,1,1,3392,627790,46,571
2026-06-10 01:27:52,1,2,3322,4043911786,45,2674561
2026-06-10 01:27:52,1,3,1327007642,1230,877833,17
2026-06-10 01:27:55,1,1,3392,627790,46,571
2026-06-10 01:27:55,1,2,3322,4043911786,45,2674561
2026-06-10 01:27:55,1,3,1327007642,1230,877833,17
2026-06-10 01:27:58,1,1,3392,627790,46,571
2026-06-10 01:27:58,1,2,3322,4043911786,45,2674561
2026-06-10 01:27:58,1,3,1327007642,1230,877833,17
2026-06-10 01:28:01,1,1,3392,627790,46,571
2026-06-10 01:28:01,1,2,3322,4043911786,45,2674561
2026-06-10 01:28:01,1,3,1327007642,1230,877833,17
2026-06-10 01:28:04,1,1,3392,627790,46,571
2026-06-10 01:28:04,1,2,3322,4043911786,45,2674561
2026-06-10 01:28:04,1,3,1327007642,1230,877833,17
2026-06-10 01:28:07,1,1,3392,627790,46,571
2026-06-10 01:28:07,1,2,3322,4043911786,45,2674561
2026-06-10 01:28:07,1,3,1327007642,1230,877833,17
2026-06-10 01:28:10,1,1,3392,627790,46,571
2026-06-10 01:28:10,1,2,3322,4043911786,45,2674561
2026-06-10 01:28:10,1,3,1327007642,1230,877833,17
2026-06-10 01:28:13,1,1,3392,627790,46,571
2026-06-10 01:28:13,1,2,3322,4043911786,45,2674561
2026-06-10 01:28:13,1,3,1327007642,1230,877833,17
2026-06-10 01:28:16,1,1,3392,627790,46,571
2026-06-10 01:28:16,1,2,3322,4043911786,45,2674561
2026-06-10 01:28:16,1,3,1327007642,1230,877833,17
2026-06-10 01:28:19,1,1,3392,627790,46,571
2026-06-10 01:28:19,1,2,3322,4043911786,45,2674561
2026-06-10 01:28:19,1,3,1327007642,1230,877833,17
2026-06-10 01:28:22,1,1,3392,627790,46,571
2026-06-10 01:28:22,1,2,3322,4043911786,45,2674561
2026-06-10 01:28:22,1,3,1327007642,1230,877833,17
2026-06-10 01:28:25,1,1,3392,627790,46,571
2026-06-10 01:28:25,1,2,3322,4043911786,45,2674561
2026-06-10 01:28:25,1,3,1327007642,1230,877833,17
2026-06-10 01:28:28,1,1,3392,627790,46,571
2026-06-10 01:28:28,1,2,3322,4043911786,45,2674561
2026-06-10 01:28:28,1,3,1327007642,1230,877833,17
2026-06-10 01:28:31,1,1,3392,627790,46,571
2026-06-10 01:28:31,1,2,3322,4043911786,45,2674561
2026-06-10 01:28:31,1,3,1327007642,1230,877833,17
2026-06-10 01:28:34,1,1,3392,627790,46,571
2026-06-10 01:28:34,1,2,3322,4043911786,45,2674561
2026-06-10 01:28:34,1,3,1327007642,1230,877833,17
2026-06-10 01:28:37,1,1,3392,627790,46,571
2026-06-10 01:28:37,1,2,3322,4043911786,45,2674561
2026-06-10 01:28:37,1,3,1327007642,1230,877833,17
2026-06-10 01:28:40,1,1,3392,627790,46,571
2026-06-10 01:28:40,1,2,3322,4043911786,45,2674561
2026-06-10 01:28:40,1,3,1327007642,1230,877833,17
2026-06-10 01:28:43,1,1,3392,627790,46,571
2026-06-10 01:28:43,1,2,3322,4043911786,45,2674561
2026-06-10 01:28:43,1,3,1327007642,1230,877833,17
2026-06-10 01:28:46,1,1,3392,627790,46,571
2026-06-10 01:28:46,1,2,3322,4043911786,45,2674561
2026-06-10 01:28:46,1,3,1327007642,1230,877833,17
2026-06-10 01:28:49,1,1,3392,627860,46,572
2026-06-10 01:28:49,1,2,3392,4043911786,46,2674561
2026-06-10 01:28:49,1,3,1327007782,1230,877835,17
2026-06-10 01:28:52,1,1,3392,627860,46,572
2026-06-10 01:28:52,1,2,3392,4043911786,46,2674561
2026-06-10 01:28:52,1,3,1327007782,1230,877835,17
2026-06-10 01:28:55,1,1,3392,627860,46,572
2026-06-10 01:28:55,1,2,3392,4043911786,46,2674561
2026-06-10 01:28:55,1,3,1327007782,1230,877835,17
2026-06-10 01:28:58,1,1,3392,627860,46,572
2026-06-10 01:28:58,1,2,3392,4043911786,46,2674561
2026-06-10 01:28:58,1,3,1327007782,1230,877835,17
2026-06-10 01:29:01,1,1,3392,627860,46,572
2026-06-10 01:29:01,1,2,3392,4043911786,46,2674561
2026-06-10 01:29:01,1,3,1327007782,1230,877835,17
2026-06-10 01:29:04,1,1,3392,627860,46,572
2026-06-10 01:29:04,1,2,3392,4043911786,46,2674561
2026-06-10 01:29:04,1,3,1327007782,1230,877835,17
2026-06-10 01:29:07,1,1,3392,627860,46,572
2026-06-10 01:29:07,1,2,3392,4043911786,46,2674561
2026-06-10 01:29:07,1,3,1327007782,1230,877835,17
2026-06-10 01:29:10,1,1,3392,627860,46,572
2026-06-10 01:29:10,1,2,3392,4043911786,46,2674561
2026-06-10 01:29:10,1,3,1327007782,1230,877835,17
2026-06-10 01:29:13,1,1,3392,627860,46,572
2026-06-10 01:29:13,1,2,3392,4043911786,46,2674561
2026-06-10 01:29:13,1,3,1327007782,1230,877835,17
2026-06-10 01:29:16,1,1,3392,627860,46,572
2026-06-10 01:29:16,1,2,3392,4043911786,46,2674561
2026-06-10 01:29:16,1,3,1327007782,1230,877835,17
2026-06-10 01:29:19,1,1,3392,627860,46,572
2026-06-10 01:29:19,1,2,3392,4043911786,46,2674561
2026-06-10 01:29:19,1,3,1327007782,1230,877835,17
2026-06-10 01:29:22,1,1,3392,627860,46,572
2026-06-10 01:29:22,1,2,3392,4043911786,46,2674561
2026-06-10 01:29:22,1,3,1327007782,1230,877835,17
2026-06-10 01:29:25,1,1,3392,627860,46,572
2026-06-10 01:29:25,1,2,3392,4043911786,46,2674561
2026-06-10 01:29:25,1,3,1327007782,1230,877835,17
2026-06-10 01:29:28,1,1,3392,627860,46,572
2026-06-10 01:29:28,1,2,3392,4043911786,46,2674561
2026-06-10 01:29:28,1,3,1327007782,1230,877835,17
2026-06-10 01:29:31,1,1,3392,627860,46,572
2026-06-10 01:29:31,1,2,3392,4043911786,46,2674561
2026-06-10 01:29:31,1,3,1327007782,1230,877835,17
2026-06-10 01:29:34,1,1,3392,627860,46,572
2026-06-10 01:29:34,1,2,3392,4043911786,46,2674561
2026-06-10 01:29:34,1,3,1327007782,1230,877835,17
2026-06-10 01:29:37,1,1,3392,627860,46,572
2026-06-10 01:29:37,1,2,3392,4043911786,46,2674561
2026-06-10 01:29:37,1,3,1327007782,1230,877835,17
2026-06-10 01:29:40,1,1,3392,627860,46,572
2026-06-10 01:29:40,1,2,3392,4043911786,46,2674561
2026-06-10 01:29:40,1,3,1327007782,1230,877835,17
2026-06-10 01:29:43,1,1,3392,627860,46,572
2026-06-10 01:29:43,1,2,3392,4043911786,46,2674561
2026-06-10 01:29:43,1,3,1327007782,1230,877835,17
2026-06-10 01:29:46,1,1,3392,627860,46,572
2026-06-10 01:29:46,1,2,3392,4043911786,46,2674561
2026-06-10 01:29:46,1,3,1327007782,1230,877835,17
2026-06-10 01:29:49,1,1,3392,627860,46,572
2026-06-10 01:29:49,1,2,3392,4043911786,46,2674561
2026-06-10 01:29:49,1,3,1327007782,1230,877835,17
2026-06-10 01:29:52,1,1,3392,627860,46,572
2026-06-10 01:29:52,1,2,3392,4043911786,46,2674561
2026-06-10 01:29:52,1,3,1327007782,1230,877835,17
2026-06-10 01:29:55,1,1,3392,627860,46,572
2026-06-10 01:29:55,1,2,3392,4043911786,46,2674561
2026-06-10 01:29:55,1,3,1327007782,1230,877835,17
2026-06-10 01:29:58,1,1,3392,627860,46,572
2026-06-10 01:29:58,1,2,3392,4043911786,46,2674561
2026-06-10 01:29:58,1,3,1327007782,1230,877835,17
2026-06-10 01:30:01,1,1,3392,627860,46,572
2026-06-10 01:30:01,1,2,3392,4043911786,46,2674561
2026-06-10 01:30:01,1,3,1327007782,1230,877835,17
2026-06-10 01:30:04,1,1,3392,627860,46,572
2026-06-10 01:30:04,1,2,3392,4043911786,46,2674561
2026-06-10 01:30:04,1,3,1327007782,1230,877835,17
2026-06-10 01:30:07,1,1,3392,627860,46,572
2026-06-10 01:30:07,1,2,3392,4043911786,46,2674561
2026-06-10 01:30:07,1,3,1327007782,1230,877835,17
2026-06-10 01:30:10,1,1,3392,627860,46,572
2026-06-10 01:30:10,1,2,3392,4043911786,46,2674561
2026-06-10 01:30:10,1,3,1327007782,1230,877835,17
2026-06-10 01:30:13,1,1,3392,627860,46,572
2026-06-10 01:30:13,1,2,3392,4043911786,46,2674561
2026-06-10 01:30:13,1,3,1327007782,1230,877835,17
2026-06-10 01:30:16,1,1,3392,627860,46,572
2026-06-10 01:30:16,1,2,3392,4043911786,46,2674561
2026-06-10 01:30:16,1,3,1327007782,1230,877835,17
2026-06-10 01:30:19,1,1,3392,627860,46,572
2026-06-10 01:30:19,1,2,3392,4043911786,46,2674561
2026-06-10 01:30:19,1,3,1327007782,1230,877835,17
2026-06-10 01:30:22,1,1,3392,627860,46,572
2026-06-10 01:30:22,1,2,3392,4043911786,46,2674561
2026-06-10 01:30:22,1,3,1327007782,1230,877835,17
2026-06-10 01:30:25,1,1,3392,627860,46,572
2026-06-10 01:30:25,1,2,3392,4043911786,46,2674561
2026-06-10 01:30:25,1,3,1327007782,1230,877835,17
2026-06-10 01:30:28,1,1,3392,627860,46,572
2026-06-10 01:30:28,1,2,3392,4043911786,46,2674561
2026-06-10 01:30:28,1,3,1327007782,1230,877835,17
2026-06-10 01:30:31,1,1,3392,627860,46,572
2026-06-10 01:30:31,1,2,3392,4043911786,46,2674561
2026-06-10 01:30:31,1,3,1327007782,1230,877835,17
2026-06-10 01:30:34,1,1,3392,627860,46,572
2026-06-10 01:30:34,1,2,3392,4043911786,46,2674561
2026-06-10 01:30:34,1,3,1327007782,1230,877835,17
2026-06-10 01:30:37,1,1,3392,627860,46,572
2026-06-10 01:30:37,1,2,3392,4043911786,46,2674561
2026-06-10 01:30:37,1,3,1327007782,1230,877835,17
2026-06-10 01:30:40,1,1,3392,627860,46,572
2026-06-10 01:30:40,1,2,3392,4043911786,46,2674561
2026-06-10 01:30:40,1,3,1327007782,1230,877835,17
2026-06-10 01:30:43,1,1,3392,627860,46,572
2026-06-10 01:30:43,1,2,3392,4043911786,46,2674561
2026-06-10 01:30:43,1,3,1327007782,1230,877835,17
2026-06-10 01:30:46,1,1,3392,627860,46,572
2026-06-10 01:30:46,1,2,3392,4043911786,46,2674561
2026-06-10 01:30:46,1,3,1327007782,1230,877835,17
2026-06-10 01:30:49,1,1,3392,627860,46,572
2026-06-10 01:30:49,1,2,3392,4043911786,46,2674561
2026-06-10 01:30:49,1,3,1327007782,1230,877835,17
2026-06-10 01:30:52,1,1,3392,627860,46,572
2026-06-10 01:30:52,1,2,3392,4043911786,46,2674561
2026-06-10 01:30:52,1,3,1327007782,1230,877835,17
2026-06-10 01:30:55,1,1,3392,627860,46,572
2026-06-10 01:30:55,1,2,3392,4043911786,46,2674561
2026-06-10 01:30:55,1,3,1327007782,1230,877835,17
2026-06-10 01:30:58,1,1,3392,627860,46,572
2026-06-10 01:30:58,1,2,3392,4043911786,46,2674561
2026-06-10 01:30:58,1,3,1327007782,1230,877835,17
2026-06-10 01:31:01,1,1,3392,627860,46,572
2026-06-10 01:31:01,1,2,3392,4043911786,46,2674561
2026-06-10 01:31:01,1,3,1327007782,1230,877835,17
2026-06-10 01:31:04,1,1,3392,627860,46,572
2026-06-10 01:31:04,1,2,3392,4043911786,46,2674561
2026-06-10 01:31:04,1,3,1327007782,1230,877835,17
2026-06-10 01:31:07,1,1,3392,627860,46,572
2026-06-10 01:31:07,1,2,3392,4043911786,46,2674561
2026-06-10 01:31:07,1,3,1327007782,1230,877835,17
2026-06-10 01:31:10,1,1,3392,627860,46,572
2026-06-10 01:31:10,1,2,3392,4043911786,46,2674561
2026-06-10 01:31:10,1,3,1327007782,1230,877835,17
2026-06-10 01:31:13,1,1,3392,627860,46,572
2026-06-10 01:31:13,1,2,3392,4043911786,46,2674561
2026-06-10 01:31:13,1,3,1327007782,1230,877835,17
2026-06-10 01:31:16,1,1,3392,627860,46,572
2026-06-10 01:31:16,1,2,3392,4043911786,46,2674561
2026-06-10 01:31:16,1,3,1327007782,1230,877835,17
2026-06-10 01:31:19,1,1,3392,627860,46,572
2026-06-10 01:31:19,1,2,3392,4043911786,46,2674561
2026-06-10 01:31:19,1,3,1327007782,1230,877835,17
2026-06-10 01:31:22,1,1,3392,627860,46,572
2026-06-10 01:31:22,1,2,3392,4043911786,46,2674561
2026-06-10 01:31:22,1,3,1327007782,1230,877835,17
2026-06-10 01:31:25,1,1,3392,627860,46,572
2026-06-10 01:31:25,1,2,3392,4043911786,46,2674561
2026-06-10 01:31:25,1,3,1327007782,1230,877835,17
2026-06-10 01:31:28,1,1,3392,627860,46,572
2026-06-10 01:31:28,1,2,3392,4043911786,46,2674561
2026-06-10 01:31:28,1,3,1327007782,1230,877835,17
2026-06-10 01:31:31,1,1,3392,627860,46,572
2026-06-10 01:31:31,1,2,3392,4043911786,46,2674561
2026-06-10 01:31:31,1,3,1327007782,1230,877835,17
2026-06-10 01:31:34,1,1,3392,627860,46,572
2026-06-10 01:31:34,1,2,3392,4043911786,46,2674561
2026-06-10 01:31:34,1,3,1327007782,1230,877835,17
2026-06-10 01:31:37,1,1,3392,627860,46,572
2026-06-10 01:31:37,1,2,3392,4043911786,46,2674561
2026-06-10 01:31:37,1,3,1327007782,1230,877835,17
2026-06-10 01:31:40,1,1,3392,627860,46,572
2026-06-10 01:31:40,1,2,3392,4043911786,46,2674561
2026-06-10 01:31:40,1,3,1327007782,1230,877835,17
2026-06-10 01:31:43,1,1,3392,627860,46,572
2026-06-10 01:31:43,1,2,3392,4043911786,46,2674561
2026-06-10 01:31:43,1,3,1327007782,1230,877835,17
2026-06-10 01:31:46,1,1,3392,627860,46,572
2026-06-10 01:31:46,1,2,3392,4043911786,46,2674561
2026-06-10 01:31:46,1,3,1327007782,1230,877835,17
2026-06-10 01:31:49,1,1,3392,627860,46,572
2026-06-10 01:31:49,1,2,3392,4043911786,46,2674561
2026-06-10 01:31:49,1,3,1327007782,1230,877835,17
2026-06-10 01:31:52,1,1,3392,627860,46,572
2026-06-10 01:31:52,1,2,3392,4043911786,46,2674561
2026-06-10 01:31:52,1,3,1327007782,1230,877835,17
2026-06-10 01:31:55,1,1,3392,627860,46,572
2026-06-10 01:31:55,1,2,3392,4043911786,46,2674561
2026-06-10 01:31:55,1,3,1327007782,1230,877835,17
2026-06-10 01:31:58,1,1,3392,627860,46,572
2026-06-10 01:31:58,1,2,3392,4043911786,46,2674561
2026-06-10 01:31:58,1,3,1327007782,1230,877835,17
2026-06-10 01:32:01,1,1,3392,627860,46,572
2026-06-10 01:32:01,1,2,3392,4043911786,46,2674561
2026-06-10 01:32:01,1,3,1327007782,1230,877835,17
2026-06-10 01:32:04,1,1,3392,627860,46,572
2026-06-10 01:32:04,1,2,3392,4043911786,46,2674561
2026-06-10 01:32:04,1,3,1327007782,1230,877835,17
2026-06-10 01:32:07,1,1,3392,627860,46,572
2026-06-10 01:32:07,1,2,3392,4043911786,46,2674561
2026-06-10 01:32:07,1,3,1327007782,1230,877835,17
2026-06-10 01:32:10,1,1,3392,627860,46,572
2026-06-10 01:32:10,1,2,3392,4043911786,46,2674561
2026-06-10 01:32:10,1,3,1327007782,1230,877835,17
2026-06-10 01:32:13,1,1,3392,627860,46,572
2026-06-10 01:32:13,1,2,3392,4043911786,46,2674561
2026-06-10 01:32:13,1,3,1327007782,1230,877835,17
2026-06-10 01:32:16,1,1,3392,627860,46,572
2026-06-10 01:32:16,1,2,3392,4043911786,46,2674561
2026-06-10 01:32:16,1,3,1327007782,1230,877835,17
2026-06-10 01:32:19,1,1,3392,627860,46,572
2026-06-10 01:32:19,1,2,3392,4043911786,46,2674561
2026-06-10 01:32:19,1,3,1327007782,1230,877835,17
2026-06-10 01:32:22,1,1,3392,627860,46,572
2026-06-10 01:32:22,1,2,3392,4043911786,46,2674561
2026-06-10 01:32:22,1,3,1327007782,1230,877835,17
2026-06-10 01:32:25,1,1,3392,627860,46,572
2026-06-10 01:32:25,1,2,3392,4043911786,46,2674561
2026-06-10 01:32:25,1,3,1327007782,1230,877835,17
2026-06-10 01:32:28,1,1,3392,627860,46,572
2026-06-10 01:32:28,1,2,3392,4043911786,46,2674561
2026-06-10 01:32:28,1,3,1327007782,1230,877835,17
2026-06-10 01:32:31,1,1,3392,627860,46,572
2026-06-10 01:32:31,1,2,3392,4043911786,46,2674561
2026-06-10 01:32:31,1,3,1327007782,1230,877835,17
2026-06-10 01:32:34,1,1,3392,627860,46,572
2026-06-10 01:32:34,1,2,3392,4043911786,46,2674561
2026-06-10 01:32:34,1,3,1327007782,1230,877835,17
2026-06-10 01:32:37,1,1,3392,627860,46,572
2026-06-10 01:32:37,1,2,3392,4043911786,46,2674561
2026-06-10 01:32:37,1,3,1327007782,1230,877835,17
2026-06-10 01:32:40,1,1,3392,627860,46,572
2026-06-10 01:32:40,1,2,3392,4043911786,46,2674561
2026-06-10 01:32:40,1,3,1327007782,1230,877835,17
2026-06-10 01:32:44,1,1,3392,627860,46,572
2026-06-10 01:32:44,1,2,3392,4043911786,46,2674561
2026-06-10 01:32:44,1,3,1327007782,1230,877835,17
2026-06-10 01:32:47,1,1,3392,627860,46,572
2026-06-10 01:32:47,1,2,3392,4043911786,46,2674561
2026-06-10 01:32:47,1,3,1327007782,1230,877835,17
2026-06-10 01:32:50,1,1,3392,627860,46,572
2026-06-10 01:32:50,1,2,3392,4043911786,46,2674561
2026-06-10 01:32:50,1,3,1327007782,1230,877835,17
2026-06-10 01:32:53,1,1,3392,627860,46,572
2026-06-10 01:32:53,1,2,3392,4043911786,46,2674561
2026-06-10 01:32:53,1,3,1327007782,1230,877835,17
2026-06-10 01:32:56,1,1,3392,627860,46,572
2026-06-10 01:32:56,1,2,3392,4043911786,46,2674561
2026-06-10 01:32:56,1,3,1327007782,1230,877835,17
2026-06-10 01:32:59,1,1,3392,627860,46,572
2026-06-10 01:32:59,1,2,3392,4043911786,46,2674561
2026-06-10 01:32:59,1,3,1327007782,1230,877835,17
2026-06-10 01:33:02,1,1,3392,627860,46,572
2026-06-10 01:33:02,1,2,3392,4043911786,46,2674561
2026-06-10 01:33:02,1,3,1327007782,1230,877835,17
2026-06-10 01:33:05,1,1,3392,627860,46,572
2026-06-10 01:33:05,1,2,3392,4043911786,46,2674561
2026-06-10 01:33:05,1,3,1327007782,1230,877835,17
2026-06-10 01:33:08,1,1,3392,627860,46,572
2026-06-10 01:33:08,1,2,3392,4043911786,46,2674561
2026-06-10 01:33:08,1,3,1327007782,1230,877835,17
2026-06-10 01:33:11,1,1,3462,627860,47,572
2026-06-10 01:33:11,1,2,3462,4043911786,47,2674561
2026-06-10 01:33:11,1,3,1327007782,1300,877835,18
2026-06-10 01:33:14,1,1,3462,627860,47,572
2026-06-10 01:33:14,1,2,3462,4043911786,47,2674561
2026-06-10 01:33:14,1,3,1327007782,1300,877835,18
2026-06-10 01:33:17,1,1,3462,627860,47,572
2026-06-10 01:33:17,1,2,3462,4043911786,47,2674561
2026-06-10 01:33:17,1,3,1327007782,1300,877835,18
2026-06-10 01:33:20,1,1,3462,627860,47,572
2026-06-10 01:33:20,1,2,3462,4043911786,47,2674561
2026-06-10 01:33:20,1,3,1327007782,1300,877835,18
2026-06-10 01:33:23,1,1,3462,627860,47,572
2026-06-10 01:33:23,1,2,3462,4043911786,47,2674561
2026-06-10 01:33:23,1,3,1327007782,1300,877835,18
2026-06-10 01:33:26,1,1,3462,627860,47,572
2026-06-10 01:33:26,1,2,3462,4043911786,47,2674561
2026-06-10 01:33:26,1,3,1327007782,1300,877835,18
2026-06-10 01:33:29,1,1,3462,627860,47,572
2026-06-10 01:33:29,1,2,3462,4043911786,47,2674561
2026-06-10 01:33:29,1,3,1327007782,1300,877835,18
2026-06-10 01:33:32,1,1,3462,627860,47,572
2026-06-10 01:33:32,1,2,3462,4043911786,47,2674561
2026-06-10 01:33:32,1,3,1327007782,1300,877835,18
2026-06-10 01:33:35,1,1,3462,627860,47,572
2026-06-10 01:33:35,1,2,3462,4043911786,47,2674561
2026-06-10 01:33:35,1,3,1327007782,1300,877835,18
2026-06-10 01:33:38,1,1,3462,627860,47,572
2026-06-10 01:33:38,1,2,3462,4043911786,47,2674561
2026-06-10 01:33:38,1,3,1327007782,1300,877835,18
2026-06-10 01:33:41,1,1,3462,627860,47,572
2026-06-10 01:33:41,1,2,3462,4043911786,47,2674561
2026-06-10 01:33:41,1,3,1327007782,1300,877835,18
2026-06-10 01:33:44,1,1,3462,627860,47,572
2026-06-10 01:33:44,1,2,3462,4043911786,47,2674561
2026-06-10 01:33:44,1,3,1327007782,1300,877835,18
2026-06-10 01:33:47,1,1,3462,627860,47,572
2026-06-10 01:33:47,1,2,3462,4043911786,47,2674561
2026-06-10 01:33:47,1,3,1327007782,1300,877835,18
2026-06-10 01:33:50,1,1,3462,627860,47,572
2026-06-10 01:33:50,1,2,3462,4043911786,47,2674561
2026-06-10 01:33:50,1,3,1327007782,1300,877835,18
2026-06-10 01:33:53,1,1,3462,627860,47,572
2026-06-10 01:33:53,1,2,3462,4043911786,47,2674561
2026-06-10 01:33:53,1,3,1327007782,1300,877835,18
2026-06-10 01:33:56,1,1,3462,627860,47,572
2026-06-10 01:33:56,1,2,3462,4043911786,47,2674561
2026-06-10 01:33:56,1,3,1327007782,1300,877835,18
2026-06-10 01:33:59,1,1,3462,627860,47,572
2026-06-10 01:33:59,1,2,3462,4043911786,47,2674561
2026-06-10 01:33:59,1,3,1327007782,1300,877835,18
2026-06-10 01:34:02,1,1,3462,627860,47,572
2026-06-10 01:34:02,1,2,3462,4043911786,47,2674561
2026-06-10 01:34:02,1,3,1327007782,1300,877835,18
2026-06-10 01:34:05,1,1,3462,627860,47,572
2026-06-10 01:34:05,1,2,3462,4043911786,47,2674561
2026-06-10 01:34:05,1,3,1327007782,1300,877835,18
2026-06-10 01:34:08,1,1,3462,627860,47,572
2026-06-10 01:34:08,1,2,3462,4043911786,47,2674561
2026-06-10 01:34:08,1,3,1327007782,1300,877835,18
2026-06-10 01:34:11,1,1,3462,627860,47,572
2026-06-10 01:34:11,1,2,3462,4043911786,47,2674561
2026-06-10 01:34:11,1,3,1327007782,1300,877835,18
2026-06-10 01:34:14,1,1,3462,627860,47,572
2026-06-10 01:34:14,1,2,3462,4043911786,47,2674561
2026-06-10 01:34:14,1,3,1327007782,1300,877835,18
2026-06-10 01:34:17,1,1,3462,627860,47,572
2026-06-10 01:34:17,1,2,3462,4043911786,47,2674561
2026-06-10 01:34:17,1,3,1327007782,1300,877835,18
2026-06-10 01:34:20,1,1,3462,627860,47,572
2026-06-10 01:34:20,1,2,3462,4043911786,47,2674561
2026-06-10 01:34:20,1,3,1327007782,1300,877835,18
2026-06-10 01:34:23,1,1,3462,627860,47,572
2026-06-10 01:34:23,1,2,3462,4043911786,47,2674561
2026-06-10 01:34:23,1,3,1327007782,1300,877835,18
2026-06-10 01:34:26,1,1,3462,627860,47,572
2026-06-10 01:34:26,1,2,3462,4043911786,47,2674561
2026-06-10 01:34:26,1,3,1327007782,1300,877835,18
2026-06-10 01:34:29,1,1,3462,627860,47,572
2026-06-10 01:34:29,1,2,3462,4043911786,47,2674561
2026-06-10 01:34:29,1,3,1327007782,1300,877835,18
2026-06-10 01:34:32,1,1,3462,627860,47,572
2026-06-10 01:34:32,1,2,3462,4043911786,47,2674561
2026-06-10 01:34:32,1,3,1327007782,1300,877835,18
2026-06-10 01:34:35,1,1,3462,627860,47,572
2026-06-10 01:34:35,1,2,3462,4043911786,47,2674561
2026-06-10 01:34:35,1,3,1327007782,1300,877835,18
2026-06-10 01:34:38,1,1,3462,627860,47,572
2026-06-10 01:34:38,1,2,3462,4043911786,47,2674561
2026-06-10 01:34:38,1,3,1327007782,1300,877835,18
2026-06-10 01:34:41,1,1,3462,627860,47,572
2026-06-10 01:34:41,1,2,3462,4043911786,47,2674561
2026-06-10 01:34:41,1,3,1327007782,1300,877835,18
2026-06-10 01:34:44,1,1,3462,627860,47,572
2026-06-10 01:34:44,1,2,3462,4043911786,47,2674561
2026-06-10 01:34:44,1,3,1327007782,1300,877835,18
2026-06-10 01:34:47,1,1,3462,627860,47,572
2026-06-10 01:34:47,1,2,3462,4043911786,47,2674561
2026-06-10 01:34:47,1,3,1327007782,1300,877835,18
2026-06-10 01:34:50,1,1,3462,627860,47,572
2026-06-10 01:34:50,1,2,3462,4043911786,47,2674561
2026-06-10 01:34:50,1,3,1327007782,1300,877835,18
2026-06-10 01:34:53,1,1,3462,627860,47,572
2026-06-10 01:34:53,1,2,3462,4043911786,47,2674561
2026-06-10 01:34:53,1,3,1327007782,1300,877835,18
2026-06-10 01:34:56,1,1,3462,627860,47,572
2026-06-10 01:34:56,1,2,3462,4043911786,47,2674561
2026-06-10 01:34:56,1,3,1327007782,1300,877835,18
2026-06-10 01:34:59,1,1,3462,627860,47,572
2026-06-10 01:34:59,1,2,3462,4043911786,47,2674561
2026-06-10 01:34:59,1,3,1327007782,1300,877835,18
2026-06-10 01:35:02,1,1,3462,627860,47,572
2026-06-10 01:35:02,1,2,3462,4043911786,47,2674561
2026-06-10 01:35:02,1,3,1327007782,1300,877835,18
2026-06-10 01:35:05,1,1,3462,627860,47,572
2026-06-10 01:35:05,1,2,3462,4043911786,47,2674561
2026-06-10 01:35:05,1,3,1327007782,1300,877835,18
2026-06-10 01:35:08,1,1,3462,627860,47,572
2026-06-10 01:35:08,1,2,3462,4043911786,47,2674561
2026-06-10 01:35:08,1,3,1327007782,1300,877835,18
2026-06-10 01:35:11,1,1,3462,627860,47,572
2026-06-10 01:35:11,1,2,3462,4043911786,47,2674561
2026-06-10 01:35:11,1,3,1327007782,1300,877835,18
2026-06-10 01:35:14,1,1,3462,627860,47,572
2026-06-10 01:35:14,1,2,3462,4043911786,47,2674561
2026-06-10 01:35:14,1,3,1327007782,1300,877835,18
2026-06-10 01:35:17,1,1,3462,627860,47,572
2026-06-10 01:35:17,1,2,3462,4043911786,47,2674561
2026-06-10 01:35:17,1,3,1327007782,1300,877835,18
2026-06-10 01:35:20,1,1,3462,627860,47,572
2026-06-10 01:35:20,1,2,3462,4043911786,47,2674561
2026-06-10 01:35:20,1,3,1327007782,1300,877835,18
2026-06-10 01:35:23,1,1,3462,627860,47,572
2026-06-10 01:35:23,1,2,3462,4043911786,47,2674561
2026-06-10 01:35:23,1,3,1327007782,1300,877835,18
2026-06-10 01:35:26,1,1,3462,627860,47,572
2026-06-10 01:35:26,1,2,3462,4043911786,47,2674561
2026-06-10 01:35:26,1,3,1327007782,1300,877835,18
2026-06-10 01:35:29,1,1,3462,627860,47,572
2026-06-10 01:35:29,1,2,3462,4043911786,47,2674561
2026-06-10 01:35:29,1,3,1327007782,1300,877835,18
2026-06-10 01:35:32,1,1,3462,627860,47,572
2026-06-10 01:35:32,1,2,3462,4043911786,47,2674561
2026-06-10 01:35:32,1,3,1327007782,1300,877835,18
2026-06-10 01:35:35,1,1,3462,627860,47,572
2026-06-10 01:35:35,1,2,3462,4043911786,47,2674561
2026-06-10 01:35:35,1,3,1327007782,1300,877835,18
2026-06-10 01:35:38,1,1,3462,627860,47,572
2026-06-10 01:35:38,1,2,3462,4043911786,47,2674561
2026-06-10 01:35:38,1,3,1327007782,1300,877835,18
2026-06-10 01:35:41,1,1,3462,627860,47,572
2026-06-10 01:35:41,1,2,3462,4043911786,47,2674561
2026-06-10 01:35:41,1,3,1327007782,1300,877835,18
2026-06-10 01:35:44,1,1,3462,627860,47,572
2026-06-10 01:35:44,1,2,3462,4043911786,47,2674561
2026-06-10 01:35:44,1,3,1327007782,1300,877835,18
2026-06-10 01:35:47,1,1,3462,627860,47,572
2026-06-10 01:35:47,1,2,3462,4043911786,47,2674561
2026-06-10 01:35:47,1,3,1327007782,1300,877835,18
2026-06-10 01:35:50,1,1,3462,627860,47,572
2026-06-10 01:35:50,1,2,3462,4043911786,47,2674561
2026-06-10 01:35:50,1,3,1327007782,1300,877835,18
2026-06-10 01:35:53,1,1,3462,627860,47,572
2026-06-10 01:35:53,1,2,3462,4043911786,47,2674561
2026-06-10 01:35:53,1,3,1327007782,1300,877835,18
2026-06-10 01:35:56,1,1,3462,627860,47,572
2026-06-10 01:35:56,1,2,3462,4043911786,47,2674561
2026-06-10 01:35:56,1,3,1327007782,1300,877835,18
2026-06-10 01:35:59,1,1,3462,627860,47,572
2026-06-10 01:35:59,1,2,3462,4043911786,47,2674561
2026-06-10 01:35:59,1,3,1327007782,1300,877835,18
2026-06-10 01:36:02,1,1,3462,627860,47,572
2026-06-10 01:36:02,1,2,3462,4043911786,47,2674561
2026-06-10 01:36:02,1,3,1327007782,1300,877835,18
2026-06-10 01:36:05,1,1,3462,627860,47,572
2026-06-10 01:36:05,1,2,3462,4043911786,47,2674561
2026-06-10 01:36:05,1,3,1327007782,1300,877835,18
2026-06-10 01:36:08,1,1,3462,627860,47,572
2026-06-10 01:36:08,1,2,3462,4043911786,47,2674561
2026-06-10 01:36:08,1,3,1327007782,1300,877835,18
2026-06-10 01:36:11,1,1,3462,627860,47,572
2026-06-10 01:36:11,1,2,3462,4043911786,47,2674561
2026-06-10 01:36:11,1,3,1327007782,1300,877835,18
2026-06-10 01:36:14,1,1,3462,627860,47,572
2026-06-10 01:36:14,1,2,3462,4043911786,47,2674561
2026-06-10 01:36:14,1,3,1327007782,1300,877835,18
2026-06-10 01:36:17,1,1,3462,627860,47,572
2026-06-10 01:36:17,1,2,3462,4043911786,47,2674561
2026-06-10 01:36:17,1,3,1327007782,1300,877835,18
2026-06-10 01:36:20,1,1,3462,627860,47,572
2026-06-10 01:36:20,1,2,3462,4043911786,47,2674561
2026-06-10 01:36:20,1,3,1327007782,1300,877835,18
2026-06-10 01:36:23,1,1,3462,627860,47,572
2026-06-10 01:36:23,1,2,3462,4043911786,47,2674561
2026-06-10 01:36:23,1,3,1327007782,1300,877835,18
2026-06-10 01:36:26,1,1,3462,627860,47,572
2026-06-10 01:36:26,1,2,3462,4043911786,47,2674561
2026-06-10 01:36:26,1,3,1327007782,1300,877835,18
2026-06-10 01:36:29,1,1,3462,627860,47,572
2026-06-10 01:36:29,1,2,3462,4043911786,47,2674561
2026-06-10 01:36:29,1,3,1327007782,1300,877835,18
2026-06-10 01:36:32,1,1,3462,627860,47,572
2026-06-10 01:36:32,1,2,3462,4043911786,47,2674561
2026-06-10 01:36:32,1,3,1327007782,1300,877835,18
2026-06-10 01:36:35,1,1,3462,627860,47,572
2026-06-10 01:36:35,1,2,3462,4043911786,47,2674561
2026-06-10 01:36:35,1,3,1327007782,1300,877835,18
2026-06-10 01:36:38,1,1,3462,627860,47,572
2026-06-10 01:36:38,1,2,3462,4043911786,47,2674561
2026-06-10 01:36:38,1,3,1327007782,1300,877835,18
2026-06-10 01:36:41,1,1,3462,627860,47,572
2026-06-10 01:36:41,1,2,3462,4043911786,47,2674561
2026-06-10 01:36:41,1,3,1327007782,1300,877835,18
2026-06-10 01:36:44,1,1,3462,627860,47,572
2026-06-10 01:36:44,1,2,3462,4043911786,47,2674561
2026-06-10 01:36:44,1,3,1327007782,1300,877835,18
2026-06-10 01:36:47,1,1,3462,627860,47,572
2026-06-10 01:36:47,1,2,3462,4043911786,47,2674561
2026-06-10 01:36:47,1,3,1327007782,1300,877835,18
2026-06-10 01:36:50,1,1,3462,627860,47,572
2026-06-10 01:36:50,1,2,3462,4043911786,47,2674561
2026-06-10 01:36:50,1,3,1327007782,1300,877835,18
2026-06-10 01:36:53,1,1,3462,627860,47,572
2026-06-10 01:36:53,1,2,3462,4043911786,47,2674561
2026-06-10 01:36:53,1,3,1327007782,1300,877835,18
2026-06-10 01:36:56,1,1,3462,627860,47,572
2026-06-10 01:36:56,1,2,3462,4043911786,47,2674561
2026-06-10 01:36:56,1,3,1327007782,1300,877835,18
2026-06-10 01:36:59,1,1,3462,627860,47,572
2026-06-10 01:36:59,1,2,3462,4043911786,47,2674561
2026-06-10 01:36:59,1,3,1327007782,1300,877835,18
2026-06-10 01:37:02,1,1,3462,627860,47,572
2026-06-10 01:37:02,1,2,3462,4043911786,47,2674561
2026-06-10 01:37:02,1,3,1327007782,1300,877835,18
2026-06-10 01:37:05,1,1,3462,627860,47,572
2026-06-10 01:37:05,1,2,3462,4043911786,47,2674561
2026-06-10 01:37:05,1,3,1327007782,1300,877835,18
2026-06-10 01:37:08,1,1,3462,627860,47,572
2026-06-10 01:37:08,1,2,3462,4043911786,47,2674561
2026-06-10 01:37:08,1,3,1327007782,1300,877835,18
2026-06-10 01:37:11,1,1,3462,627860,47,572
2026-06-10 01:37:11,1,2,3462,4043911786,47,2674561
2026-06-10 01:37:11,1,3,1327007782,1300,877835,18
2026-06-10 01:37:14,1,1,3462,627860,47,572
2026-06-10 01:37:14,1,2,3462,4043911786,47,2674561
2026-06-10 01:37:14,1,3,1327007782,1300,877835,18
2026-06-10 01:37:17,1,1,3462,627860,47,572
2026-06-10 01:37:17,1,2,3462,4043911786,47,2674561
2026-06-10 01:37:17,1,3,1327007782,1300,877835,18
2026-06-10 01:37:20,1,1,3462,627860,47,572
2026-06-10 01:37:20,1,2,3462,4043911786,47,2674561
2026-06-10 01:37:20,1,3,1327007782,1300,877835,18
2026-06-10 01:37:23,1,1,3462,627860,47,572
2026-06-10 01:37:23,1,2,3462,4043911786,47,2674561
2026-06-10 01:37:23,1,3,1327007782,1300,877835,18
2026-06-10 01:37:26,1,1,3462,627860,47,572
2026-06-10 01:37:26,1,2,3462,4043911786,47,2674561
2026-06-10 01:37:26,1,3,1327007782,1300,877835,18
2026-06-10 01:37:29,1,1,3462,627860,47,572
2026-06-10 01:37:29,1,2,3462,4043911786,47,2674561
2026-06-10 01:37:29,1,3,1327007782,1300,877835,18
2026-06-10 01:37:32,1,1,3462,627860,47,572
2026-06-10 01:37:32,1,2,3462,4043911786,47,2674561
2026-06-10 01:37:32,1,3,1327007782,1300,877835,18
2026-06-10 01:37:35,1,1,3462,627860,47,572
2026-06-10 01:37:35,1,2,3462,4043911786,47,2674561
2026-06-10 01:37:35,1,3,1327007782,1300,877835,18
2026-06-10 01:37:38,1,1,3462,627860,47,572
2026-06-10 01:37:38,1,2,3462,4043911786,47,2674561
2026-06-10 01:37:38,1,3,1327007782,1300,877835,18
2026-06-10 01:37:41,1,1,3462,627860,47,572
2026-06-10 01:37:41,1,2,3462,4043911786,47,2674561
2026-06-10 01:37:41,1,3,1327007782,1300,877835,18
2026-06-10 01:37:44,1,1,3462,627860,47,572
2026-06-10 01:37:44,1,2,3462,4043911786,47,2674561
2026-06-10 01:37:44,1,3,1327007782,1300,877835,18
2026-06-10 01:37:47,1,1,3462,627860,47,572
2026-06-10 01:37:47,1,2,3462,4043911786,47,2674561
2026-06-10 01:37:47,1,3,1327007782,1300,877835,18
2026-06-10 01:37:50,1,1,3462,627860,47,572
2026-06-10 01:37:50,1,2,3462,4043911786,47,2674561
2026-06-10 01:37:50,1,3,1327007782,1300,877835,18
2026-06-10 01:37:53,1,1,3462,627860,47,572
2026-06-10 01:37:53,1,2,3462,4043911786,47,2674561
2026-06-10 01:37:53,1,3,1327007782,1300,877835,18
2026-06-10 01:37:56,1,1,3462,627860,47,572
2026-06-10 01:37:56,1,2,3462,4043911786,47,2674561
2026-06-10 01:37:56,1,3,1327007782,1300,877835,18
2026-06-10 01:37:59,1,1,3462,627860,47,572
2026-06-10 01:37:59,1,2,3462,4043911786,47,2674561
2026-06-10 01:37:59,1,3,1327007782,1300,877835,18
2026-06-10 01:38:02,1,1,3462,627860,47,572
2026-06-10 01:38:02,1,2,3462,4043911786,47,2674561
2026-06-10 01:38:02,1,3,1327007782,1300,877835,18
2026-06-10 01:38:05,1,1,3462,627860,47,572
2026-06-10 01:38:05,1,2,3462,4043911786,47,2674561
2026-06-10 01:38:05,1,3,1327007782,1300,877835,18
2026-06-10 01:38:08,1,1,3462,627860,47,572
2026-06-10 01:38:08,1,2,3462,4043911786,47,2674561
2026-06-10 01:38:08,1,3,1327007782,1300,877835,18
2026-06-10 01:38:11,1,1,3462,627860,47,572
2026-06-10 01:38:11,1,2,3462,4043911786,47,2674561
2026-06-10 01:38:11,1,3,1327007782,1300,877835,18
2026-06-10 01:38:14,1,1,3462,627860,47,572
2026-06-10 01:38:14,1,2,3462,4043911786,47,2674561
2026-06-10 01:38:14,1,3,1327007782,1300,877835,18
2026-06-10 01:38:17,1,1,3462,627860,47,572
2026-06-10 01:38:17,1,2,3462,4043911786,47,2674561
2026-06-10 01:38:17,1,3,1327007782,1300,877835,18
2026-06-10 01:38:20,1,1,3462,627860,47,572
2026-06-10 01:38:20,1,2,3462,4043911786,47,2674561
2026-06-10 01:38:20,1,3,1327007782,1300,877835,18
2026-06-10 01:38:23,1,1,3462,627860,47,572
2026-06-10 01:38:23,1,2,3462,4043911786,47,2674561
2026-06-10 01:38:23,1,3,1327007782,1300,877835,18
2026-06-10 01:38:26,1,1,3462,627860,47,572
2026-06-10 01:38:26,1,2,3462,4043911786,47,2674561
2026-06-10 01:38:26,1,3,1327007782,1300,877835,18
2026-06-10 01:38:29,1,1,3462,627860,47,572
2026-06-10 01:38:29,1,2,3462,4043911786,47,2674561
2026-06-10 01:38:29,1,3,1327007782,1300,877835,18
2026-06-10 01:38:32,1,1,3462,627860,47,572
2026-06-10 01:38:32,1,2,3462,4043911786,47,2674561
2026-06-10 01:38:32,1,3,1327007782,1300,877835,18
2026-06-10 01:38:35,1,1,3462,627860,47,572
2026-06-10 01:38:35,1,2,3462,4043911786,47,2674561
2026-06-10 01:38:35,1,3,1327007782,1300,877835,18
2026-06-10 01:38:38,1,1,3462,627860,47,572
2026-06-10 01:38:38,1,2,3462,4043911786,47,2674561
2026-06-10 01:38:38,1,3,1327007782,1300,877835,18
2026-06-10 01:38:41,1,1,3462,627860,47,572
2026-06-10 01:38:41,1,2,3462,4043911786,47,2674561
2026-06-10 01:38:41,1,3,1327007782,1300,877835,18
2026-06-10 01:38:44,1,1,3462,627860,47,572
2026-06-10 01:38:44,1,2,3462,4043911786,47,2674561
2026-06-10 01:38:44,1,3,1327007782,1300,877835,18
2026-06-10 01:38:47,1,1,3462,627860,47,572
2026-06-10 01:38:47,1,2,3462,4043911786,47,2674561
2026-06-10 01:38:47,1,3,1327007782,1300,877835,18
2026-06-10 01:38:50,1,1,3462,627860,47,572
2026-06-10 01:38:50,1,2,3462,4043911786,47,2674561
2026-06-10 01:38:50,1,3,1327007782,1300,877835,18
2026-06-10 01:38:53,1,1,3462,627860,47,572
2026-06-10 01:38:53,1,2,3462,4043911786,47,2674561
2026-06-10 01:38:53,1,3,1327007782,1300,877835,18
2026-06-10 01:38:56,1,1,3462,627860,47,572
2026-06-10 01:38:56,1,2,3462,4043911786,47,2674561
2026-06-10 01:38:56,1,3,1327007782,1300,877835,18
2026-06-10 01:38:59,1,1,3462,627860,47,572
2026-06-10 01:38:59,1,2,3462,4043911786,47,2674561
2026-06-10 01:38:59,1,3,1327007782,1300,877835,18
2026-06-10 01:39:02,1,1,3462,627860,47,572
2026-06-10 01:39:02,1,2,3462,4043911786,47,2674561
2026-06-10 01:39:02,1,3,1327007782,1300,877835,18
2026-06-10 01:39:05,1,1,3462,627860,47,572
2026-06-10 01:39:05,1,2,3462,4043911786,47,2674561
2026-06-10 01:39:05,1,3,1327007782,1300,877835,18
2026-06-10 01:39:08,1,1,3462,627860,47,572
2026-06-10 01:39:08,1,2,3462,4043911786,47,2674561
2026-06-10 01:39:08,1,3,1327007782,1300,877835,18
2026-06-10 01:39:11,1,1,3462,627860,47,572
2026-06-10 01:39:11,1,2,3462,4043911786,47,2674561
2026-06-10 01:39:11,1,3,1327007782,1300,877835,18
2026-06-10 01:39:14,1,1,3462,627860,47,572
2026-06-10 01:39:14,1,2,3462,4043911786,47,2674561
2026-06-10 01:39:14,1,3,1327007782,1300,877835,18
2026-06-10 01:39:17,1,1,3462,627860,47,572
2026-06-10 01:39:17,1,2,3462,4043911786,47,2674561
2026-06-10 01:39:17,1,3,1327007782,1300,877835,18
2026-06-10 01:39:20,1,1,3462,627860,47,572
2026-06-10 01:39:20,1,2,3462,4043911786,47,2674561
2026-06-10 01:39:20,1,3,1327007782,1300,877835,18
2026-06-10 01:39:23,1,1,3462,627860,47,572
2026-06-10 01:39:23,1,2,3462,4043911786,47,2674561
2026-06-10 01:39:23,1,3,1327007782,1300,877835,18
2026-06-10 01:39:26,1,1,3462,627860,47,572
2026-06-10 01:39:26,1,2,3462,4043911786,47,2674561
2026-06-10 01:39:26,1,3,1327007782,1300,877835,18
2026-06-10 01:39:29,1,1,3462,627860,47,572
2026-06-10 01:39:29,1,2,3462,4043911786,47,2674561
2026-06-10 01:39:29,1,3,1327007782,1300,877835,18
2026-06-10 01:39:32,1,1,3462,627860,47,572
2026-06-10 01:39:32,1,2,3462,4043911786,47,2674561
2026-06-10 01:39:32,1,3,1327007782,1300,877835,18
2026-06-10 01:39:35,1,1,3462,627860,47,572
2026-06-10 01:39:35,1,2,3462,4043911786,47,2674561
2026-06-10 01:39:35,1,3,1327007782,1300,877835,18
2026-06-10 01:39:38,1,1,3462,627860,47,572
2026-06-10 01:39:38,1,2,3462,4043911786,47,2674561
2026-06-10 01:39:38,1,3,1327007782,1300,877835,18
2026-06-10 01:39:41,1,1,3462,627860,47,572
2026-06-10 01:39:41,1,2,3462,4043911786,47,2674561
2026-06-10 01:39:41,1,3,1327007782,1300,877835,18
2026-06-10 01:39:44,1,1,3462,627860,47,572
2026-06-10 01:39:44,1,2,3462,4043911786,47,2674561
2026-06-10 01:39:44,1,3,1327007782,1300,877835,18
2026-06-10 01:39:47,1,1,3462,627860,47,572
2026-06-10 01:39:47,1,2,3462,4043911786,47,2674561
2026-06-10 01:39:47,1,3,1327007782,1300,877835,18
2026-06-10 01:39:50,1,1,3462,627860,47,572
2026-06-10 01:39:50,1,2,3462,4043911786,47,2674561
2026-06-10 01:39:50,1,3,1327007782,1300,877835,18
2026-06-10 01:39:53,1,1,3462,627860,47,572
2026-06-10 01:39:53,1,2,3462,4043911786,47,2674561
2026-06-10 01:39:53,1,3,1327007782,1300,877835,18
2026-06-10 01:39:56,1,1,3462,627860,47,572
2026-06-10 01:39:56,1,2,3462,4043911786,47,2674561
2026-06-10 01:39:56,1,3,1327007782,1300,877835,18
2026-06-10 01:39:59,1,1,3462,627860,47,572
2026-06-10 01:39:59,1,2,3462,4043911786,47,2674561
2026-06-10 01:39:59,1,3,1327007782,1300,877835,18
2026-06-10 01:40:02,1,1,3462,627860,47,572
2026-06-10 01:40:02,1,2,3462,4043911786,47,2674561
2026-06-10 01:40:02,1,3,1327007782,1300,877835,18
2026-06-10 01:40:05,1,1,3462,627860,47,572
2026-06-10 01:40:05,1,2,3462,4043911786,47,2674561
2026-06-10 01:40:05,1,3,1327007782,1300,877835,18
2026-06-10 01:40:08,1,1,3462,627860,47,572
2026-06-10 01:40:08,1,2,3462,4043911786,47,2674561
2026-06-10 01:40:08,1,3,1327007782,1300,877835,18
2026-06-10 01:40:11,1,1,3462,627860,47,572
2026-06-10 01:40:11,1,2,3462,4043911786,47,2674561
2026-06-10 01:40:11,1,3,1327007782,1300,877835,18
2026-06-10 01:40:14,1,1,3462,627860,47,572
2026-06-10 01:40:14,1,2,3462,4043911786,47,2674561
2026-06-10 01:40:14,1,3,1327007782,1300,877835,18
2026-06-10 01:40:17,1,1,3462,627860,47,572
2026-06-10 01:40:17,1,2,3462,4043911786,47,2674561
2026-06-10 01:40:17,1,3,1327007782,1300,877835,18
2026-06-10 01:40:20,1,1,3462,627860,47,572
2026-06-10 01:40:20,1,2,3462,4043911786,47,2674561
2026-06-10 01:40:20,1,3,1327007782,1300,877835,18
2026-06-10 01:40:23,1,1,3462,627860,47,572
2026-06-10 01:40:23,1,2,3462,4043911786,47,2674561
2026-06-10 01:40:23,1,3,1327007782,1300,877835,18
2026-06-10 01:40:26,1,1,3462,627860,47,572
2026-06-10 01:40:26,1,2,3462,4043911786,47,2674561
2026-06-10 01:40:26,1,3,1327007782,1300,877835,18
2026-06-10 01:40:29,1,1,3462,627860,47,572
2026-06-10 01:40:29,1,2,3462,4043911786,47,2674561
2026-06-10 01:40:29,1,3,1327007782,1300,877835,18
2026-06-10 01:40:32,1,1,3462,627860,47,572
2026-06-10 01:40:32,1,2,3462,4043911786,47,2674561
2026-06-10 01:40:32,1,3,1327007782,1300,877835,18
2026-06-10 01:40:35,1,1,3462,627860,47,572
2026-06-10 01:40:35,1,2,3462,4043911786,47,2674561
2026-06-10 01:40:35,1,3,1327007782,1300,877835,18
2026-06-10 01:40:38,1,1,3462,627860,47,572
2026-06-10 01:40:38,1,2,3462,4043911786,47,2674561
2026-06-10 01:40:38,1,3,1327007782,1300,877835,18
2026-06-10 01:40:41,1,1,3462,627860,47,572
2026-06-10 01:40:41,1,2,3462,4043911786,47,2674561
2026-06-10 01:40:41,1,3,1327007782,1300,877835,18
2026-06-10 01:40:44,1,1,3462,627860,47,572
2026-06-10 01:40:44,1,2,3462,4043911786,47,2674561
2026-06-10 01:40:44,1,3,1327007782,1300,877835,18
2026-06-10 01:40:47,1,1,3462,627860,47,572
2026-06-10 01:40:47,1,2,3462,4043911786,47,2674561
2026-06-10 01:40:47,1,3,1327007782,1300,877835,18
2026-06-10 01:40:50,1,1,3462,627860,47,572
2026-06-10 01:40:50,1,2,3462,4043911786,47,2674561
2026-06-10 01:40:50,1,3,1327007782,1300,877835,18
2026-06-10 01:40:53,1,1,3462,627860,47,572
2026-06-10 01:40:53,1,2,3462,4043911786,47,2674561
2026-06-10 01:40:53,1,3,1327007782,1300,877835,18
2026-06-10 01:40:56,1,1,3462,627860,47,572
2026-06-10 01:40:56,1,2,3462,4043911786,47,2674561
2026-06-10 01:40:56,1,3,1327007782,1300,877835,18
2026-06-10 01:40:59,1,1,3462,627860,47,572
2026-06-10 01:40:59,1,2,3462,4043911786,47,2674561
2026-06-10 01:40:59,1,3,1327007782,1300,877835,18
2026-06-10 01:41:02,1,1,3462,627860,47,572
2026-06-10 01:41:02,1,2,3462,4043911786,47,2674561
2026-06-10 01:41:02,1,3,1327007782,1300,877835,18
2026-06-10 01:41:05,1,1,3462,627860,47,572
2026-06-10 01:41:05,1,2,3462,4043911786,47,2674561
2026-06-10 01:41:05,1,3,1327007782,1300,877835,18
2026-06-10 01:41:08,1,1,3462,627860,47,572
2026-06-10 01:41:08,1,2,3462,4043911786,47,2674561
2026-06-10 01:41:08,1,3,1327007782,1300,877835,18
2026-06-10 01:41:11,1,1,3462,627860,47,572
2026-06-10 01:41:11,1,2,3462,4043911786,47,2674561
2026-06-10 01:41:11,1,3,1327007782,1300,877835,18
2026-06-10 01:41:14,1,1,3462,627860,47,572
2026-06-10 01:41:14,1,2,3462,4043911786,47,2674561
2026-06-10 01:41:14,1,3,1327007782,1300,877835,18
2026-06-10 01:41:17,1,1,3462,627860,47,572
2026-06-10 01:41:17,1,2,3462,4043911786,47,2674561
2026-06-10 01:41:17,1,3,1327007782,1300,877835,18
2026-06-10 01:41:20,1,1,3462,627860,47,572
2026-06-10 01:41:20,1,2,3462,4043911786,47,2674561
2026-06-10 01:41:20,1,3,1327007782,1300,877835,18
2026-06-10 01:41:23,1,1,3462,627860,47,572
2026-06-10 01:41:23,1,2,3462,4043911786,47,2674561
2026-06-10 01:41:23,1,3,1327007782,1300,877835,18
2026-06-10 01:41:26,1,1,3462,627860,47,572
2026-06-10 01:41:26,1,2,3462,4043911786,47,2674561
2026-06-10 01:41:26,1,3,1327007782,1300,877835,18
2026-06-10 01:41:29,1,1,3462,627860,47,572
2026-06-10 01:41:29,1,2,3462,4043911786,47,2674561
2026-06-10 01:41:29,1,3,1327007782,1300,877835,18
2026-06-10 01:41:32,1,1,3462,627860,47,572
2026-06-10 01:41:32,1,2,3462,4043911786,47,2674561
2026-06-10 01:41:32,1,3,1327007782,1300,877835,18
2026-06-10 01:41:35,1,1,3462,627860,47,572
2026-06-10 01:41:35,1,2,3462,4043911786,47,2674561
2026-06-10 01:41:35,1,3,1327007782,1300,877835,18
2026-06-10 01:41:38,1,1,3462,627860,47,572
2026-06-10 01:41:38,1,2,3462,4043911786,47,2674561
2026-06-10 01:41:38,1,3,1327007782,1300,877835,18
2026-06-10 01:41:41,1,1,3462,627860,47,572
2026-06-10 01:41:41,1,2,3462,4043911786,47,2674561
2026-06-10 01:41:41,1,3,1327007782,1300,877835,18
2026-06-10 01:41:44,1,1,3462,627860,47,572
2026-06-10 01:41:44,1,2,3462,4043911786,47,2674561
2026-06-10 01:41:44,1,3,1327007782,1300,877835,18
2026-06-10 01:41:47,1,1,3462,627860,47,572
2026-06-10 01:41:47,1,2,3462,4043911786,47,2674561
2026-06-10 01:41:47,1,3,1327007782,1300,877835,18
2026-06-10 01:41:50,1,1,3462,627860,47,572
2026-06-10 01:41:50,1,2,3462,4043911786,47,2674561
2026-06-10 01:41:50,1,3,1327007782,1300,877835,18
2026-06-10 01:41:53,1,1,3462,627860,47,572
2026-06-10 01:41:53,1,2,3462,4043911786,47,2674561
2026-06-10 01:41:53,1,3,1327007782,1300,877835,18
2026-06-10 01:41:56,1,1,3462,627860,47,572
2026-06-10 01:41:56,1,2,3462,4043911786,47,2674561
2026-06-10 01:41:56,1,3,1327007782,1300,877835,18
2026-06-10 01:41:59,1,1,3462,627860,47,572
2026-06-10 01:41:59,1,2,3462,4043911786,47,2674561
2026-06-10 01:41:59,1,3,1327007782,1300,877835,18
2026-06-10 01:42:02,1,1,3462,627860,47,572
2026-06-10 01:42:02,1,2,3462,4043911786,47,2674561
2026-06-10 01:42:02,1,3,1327007782,1300,877835,18
2026-06-10 01:42:05,1,1,3462,627860,47,572
2026-06-10 01:42:05,1,2,3462,4043911786,47,2674561
2026-06-10 01:42:05,1,3,1327007782,1300,877835,18
2026-06-10 01:42:08,1,1,3462,627860,47,572
2026-06-10 01:42:08,1,2,3462,4043911786,47,2674561
2026-06-10 01:42:08,1,3,1327007782,1300,877835,18
2026-06-10 01:42:11,1,1,3462,627860,47,572
2026-06-10 01:42:11,1,2,3462,4043911786,47,2674561
2026-06-10 01:42:11,1,3,1327007782,1300,877835,18
2026-06-10 01:42:14,1,1,3462,627860,47,572
2026-06-10 01:42:14,1,2,3462,4043911786,47,2674561
2026-06-10 01:42:14,1,3,1327007782,1300,877835,18
2026-06-10 01:42:17,1,1,3462,627860,47,572
2026-06-10 01:42:17,1,2,3462,4043911786,47,2674561
2026-06-10 01:42:17,1,3,1327007782,1300,877835,18
2026-06-10 01:42:20,1,1,3462,627860,47,572
2026-06-10 01:42:20,1,2,3462,4043911786,47,2674561
2026-06-10 01:42:20,1,3,1327007782,1300,877835,18
2026-06-10 01:42:23,1,1,3462,627860,47,572
2026-06-10 01:42:23,1,2,3462,4043911786,47,2674561
2026-06-10 01:42:23,1,3,1327007782,1300,877835,18
2026-06-10 01:42:26,1,1,3462,627860,47,572
2026-06-10 01:42:26,1,2,3462,4043911786,47,2674561
2026-06-10 01:42:26,1,3,1327007782,1300,877835,18
2026-06-10 01:42:29,1,1,3462,627860,47,572
2026-06-10 01:42:29,1,2,3462,4043911786,47,2674561
2026-06-10 01:42:29,1,3,1327007782,1300,877835,18
2026-06-10 01:42:32,1,1,3462,627860,47,572
2026-06-10 01:42:32,1,2,3462,4043911786,47,2674561
2026-06-10 01:42:32,1,3,1327007782,1300,877835,18
2026-06-10 01:42:35,1,1,3462,627860,47,572
2026-06-10 01:42:35,1,2,3462,4043911786,47,2674561
2026-06-10 01:42:35,1,3,1327007782,1300,877835,18
2026-06-10 01:42:38,1,1,3462,627860,47,572
2026-06-10 01:42:38,1,2,3462,4043911786,47,2674561
2026-06-10 01:42:38,1,3,1327007782,1300,877835,18
2026-06-10 01:42:41,1,1,3462,627860,47,572
2026-06-10 01:42:41,1,2,3462,4043911786,47,2674561
2026-06-10 01:42:41,1,3,1327007782,1300,877835,18
2026-06-10 01:42:44,1,1,3462,627860,47,572
2026-06-10 01:42:44,1,2,3462,4043911786,47,2674561
2026-06-10 01:42:44,1,3,1327007782,1300,877835,18
2026-06-10 01:42:47,1,1,3462,627860,47,572
2026-06-10 01:42:47,1,2,3462,4043911786,47,2674561
2026-06-10 01:42:47,1,3,1327007782,1300,877835,18
2026-06-10 01:42:50,1,1,3462,627860,47,572
2026-06-10 01:42:50,1,2,3462,4043911786,47,2674561
2026-06-10 01:42:50,1,3,1327007782,1300,877835,18
2026-06-10 01:42:53,1,1,3462,627860,47,572
2026-06-10 01:42:53,1,2,3462,4043911786,47,2674561
2026-06-10 01:42:53,1,3,1327007782,1300,877835,18
2026-06-10 01:42:56,1,1,3462,627860,47,572
2026-06-10 01:42:56,1,2,3462,4043911786,47,2674561
2026-06-10 01:42:56,1,3,1327007782,1300,877835,18
2026-06-10 01:42:59,1,1,3462,627860,47,572
2026-06-10 01:42:59,1,2,3462,4043911786,47,2674561
2026-06-10 01:42:59,1,3,1327007782,1300,877835,18
2026-06-10 01:43:02,1,1,3462,627860,47,572
2026-06-10 01:43:02,1,2,3462,4043911786,47,2674561
2026-06-10 01:43:02,1,3,1327007782,1300,877835,18
2026-06-10 01:43:05,1,1,3462,627860,47,572
2026-06-10 01:43:05,1,2,3462,4043911786,47,2674561
2026-06-10 01:43:05,1,3,1327007782,1300,877835,18
2026-06-10 01:43:08,1,1,3462,627860,47,572
2026-06-10 01:43:08,1,2,3462,4043911786,47,2674561
2026-06-10 01:43:08,1,3,1327007782,1300,877835,18
2026-06-10 01:43:11,1,1,3462,627860,47,572
2026-06-10 01:43:11,1,2,3462,4043911786,47,2674561
2026-06-10 01:43:11,1,3,1327007782,1300,877835,18
2026-06-10 01:43:14,1,1,3462,627860,47,572
2026-06-10 01:43:14,1,2,3462,4043911786,47,2674561
2026-06-10 01:43:14,1,3,1327007782,1300,877835,18
2026-06-10 01:43:17,1,1,3462,627860,47,572
2026-06-10 01:43:17,1,2,3462,4043911786,47,2674561
2026-06-10 01:43:17,1,3,1327007782,1300,877835,18
2026-06-10 01:43:20,1,1,3462,627860,47,572
2026-06-10 01:43:20,1,2,3462,4043911786,47,2674561
2026-06-10 01:43:20,1,3,1327007782,1300,877835,18
2026-06-10 01:43:23,1,1,3462,627860,47,572
2026-06-10 01:43:23,1,2,3462,4043911786,47,2674561
2026-06-10 01:43:23,1,3,1327007782,1300,877835,18
2026-06-10 01:43:26,1,1,3462,627860,47,572
2026-06-10 01:43:26,1,2,3462,4043911786,47,2674561
2026-06-10 01:43:26,1,3,1327007782,1300,877835,18
2026-06-10 01:43:29,1,1,3462,627860,47,572
2026-06-10 01:43:29,1,2,3462,4043911786,47,2674561
2026-06-10 01:43:29,1,3,1327007782,1300,877835,18
2026-06-10 01:43:32,1,1,3462,627860,47,572
2026-06-10 01:43:32,1,2,3462,4043911786,47,2674561
2026-06-10 01:43:32,1,3,1327007782,1300,877835,18
2026-06-10 01:43:35,1,1,3462,627860,47,572
2026-06-10 01:43:35,1,2,3462,4043911786,47,2674561
2026-06-10 01:43:35,1,3,1327007782,1300,877835,18
2026-06-10 01:43:38,1,1,3462,627860,47,572
2026-06-10 01:43:38,1,2,3462,4043911786,47,2674561
2026-06-10 01:43:38,1,3,1327007782,1300,877835,18
2026-06-10 01:43:41,1,1,3462,627860,47,572
2026-06-10 01:43:41,1,2,3462,4043911786,47,2674561
2026-06-10 01:43:41,1,3,1327007782,1300,877835,18
2026-06-10 01:43:44,1,1,3462,627860,47,572
2026-06-10 01:43:44,1,2,3462,4043911786,47,2674561
2026-06-10 01:43:44,1,3,1327007782,1300,877835,18
2026-06-10 01:43:47,1,1,3462,627860,47,572
2026-06-10 01:43:47,1,2,3462,4043911786,47,2674561
2026-06-10 01:43:47,1,3,1327007782,1300,877835,18
2026-06-10 01:43:50,1,1,3462,627860,47,572
2026-06-10 01:43:50,1,2,3462,4043911786,47,2674561
2026-06-10 01:43:50,1,3,1327007782,1300,877835,18
2026-06-10 01:43:53,1,1,3462,627860,47,572
2026-06-10 01:43:53,1,2,3462,4043911786,47,2674561
2026-06-10 01:43:53,1,3,1327007782,1300,877835,18
2026-06-10 01:43:56,1,1,3462,627860,47,572
2026-06-10 01:43:56,1,2,3462,4043911786,47,2674561
2026-06-10 01:43:56,1,3,1327007782,1300,877835,18
2026-06-10 01:43:59,1,1,3462,627860,47,572
2026-06-10 01:43:59,1,2,3462,4043911786,47,2674561
2026-06-10 01:43:59,1,3,1327007782,1300,877835,18
2026-06-10 01:44:02,1,1,3462,627860,47,572
2026-06-10 01:44:02,1,2,3462,4043911786,47,2674561
2026-06-10 01:44:02,1,3,1327007782,1300,877835,18
2026-06-10 01:44:05,1,1,3462,627860,47,572
2026-06-10 01:44:05,1,2,3462,4043911786,47,2674561
2026-06-10 01:44:05,1,3,1327007782,1300,877835,18
2026-06-10 01:44:08,1,1,3462,627860,47,572
2026-06-10 01:44:08,1,2,3462,4043911786,47,2674561
2026-06-10 01:44:08,1,3,1327007782,1300,877835,18
2026-06-10 01:44:11,1,1,3462,627860,47,572
2026-06-10 01:44:11,1,2,3462,4043911786,47,2674561
2026-06-10 01:44:11,1,3,1327007782,1300,877835,18
2026-06-10 01:44:14,1,1,3462,627860,47,572
2026-06-10 01:44:14,1,2,3462,4043911786,47,2674561
2026-06-10 01:44:14,1,3,1327007782,1300,877835,18
2026-06-10 01:44:17,1,1,3462,627860,47,572
2026-06-10 01:44:17,1,2,3462,4043911786,47,2674561
2026-06-10 01:44:17,1,3,1327007782,1300,877835,18
2026-06-10 01:44:20,1,1,3462,627860,47,572
2026-06-10 01:44:20,1,2,3462,4043911786,47,2674561
2026-06-10 01:44:20,1,3,1327007782,1300,877835,18
2026-06-10 01:44:23,1,1,3462,627860,47,572
2026-06-10 01:44:23,1,2,3462,4043911786,47,2674561
2026-06-10 01:44:23,1,3,1327007782,1300,877835,18
2026-06-10 01:44:26,1,1,3462,627860,47,572
2026-06-10 01:44:26,1,2,3462,4043911786,47,2674561
2026-06-10 01:44:26,1,3,1327007782,1300,877835,18
2026-06-10 01:44:29,1,1,3462,627860,47,572
2026-06-10 01:44:29,1,2,3462,4043911786,47,2674561
2026-06-10 01:44:29,1,3,1327007782,1300,877835,18
2026-06-10 01:44:32,1,1,3462,627860,47,572
2026-06-10 01:44:32,1,2,3462,4043911786,47,2674561
2026-06-10 01:44:32,1,3,1327007782,1300,877835,18
2026-06-10 01:44:35,1,1,3462,627860,47,572
2026-06-10 01:44:35,1,2,3462,4043911786,47,2674561
2026-06-10 01:44:35,1,3,1327007782,1300,877835,18
2026-06-10 01:44:38,1,1,3462,627860,47,572
2026-06-10 01:44:38,1,2,3462,4043911786,47,2674561
2026-06-10 01:44:38,1,3,1327007782,1300,877835,18
2026-06-10 01:44:41,1,1,3462,627860,47,572
2026-06-10 01:44:41,1,2,3462,4043911786,47,2674561
2026-06-10 01:44:41,1,3,1327007782,1300,877835,18
2026-06-10 01:44:44,1,1,3462,627860,47,572
2026-06-10 01:44:44,1,2,3462,4043911786,47,2674561
2026-06-10 01:44:44,1,3,1327007782,1300,877835,18
2026-06-10 01:44:47,1,1,3462,627860,47,572
2026-06-10 01:44:47,1,2,3462,4043911786,47,2674561
2026-06-10 01:44:47,1,3,1327007782,1300,877835,18
2026-06-10 01:44:50,1,1,3462,627860,47,572
2026-06-10 01:44:50,1,2,3462,4043911786,47,2674561
2026-06-10 01:44:50,1,3,1327007782,1300,877835,18
2026-06-10 01:44:53,1,1,3462,627860,47,572
2026-06-10 01:44:53,1,2,3462,4043911786,47,2674561
2026-06-10 01:44:53,1,3,1327007782,1300,877835,18
2026-06-10 01:44:56,1,1,3462,627860,47,572
2026-06-10 01:44:56,1,2,3462,4043911786,47,2674561
2026-06-10 01:44:56,1,3,1327007782,1300,877835,18
2026-06-10 01:44:59,1,1,3462,627860,47,572
2026-06-10 01:44:59,1,2,3462,4043911786,47,2674561
2026-06-10 01:44:59,1,3,1327007782,1300,877835,18
2026-06-10 01:45:02,1,1,3462,627860,47,572
2026-06-10 01:45:02,1,2,3462,4043911786,47,2674561
2026-06-10 01:45:02,1,3,1327007782,1300,877835,18
2026-06-10 01:45:05,1,1,3462,627860,47,572
2026-06-10 01:45:05,1,2,3462,4043911786,47,2674561
2026-06-10 01:45:05,1,3,1327007782,1300,877835,18
2026-06-10 01:45:08,1,1,3462,627860,47,572
2026-06-10 01:45:08,1,2,3462,4043911786,47,2674561
2026-06-10 01:45:08,1,3,1327007782,1300,877835,18
2026-06-10 01:45:11,1,1,3462,627860,47,572
2026-06-10 01:45:11,1,2,3462,4043911786,47,2674561
2026-06-10 01:45:11,1,3,1327007782,1300,877835,18
2026-06-10 01:45:14,1,1,3462,627860,47,572
2026-06-10 01:45:14,1,2,3462,4043911786,47,2674561
2026-06-10 01:45:14,1,3,1327007782,1300,877835,18
2026-06-10 01:45:17,1,1,3462,627860,47,572
2026-06-10 01:45:17,1,2,3462,4043911786,47,2674561
2026-06-10 01:45:17,1,3,1327007782,1300,877835,18
2026-06-10 01:45:20,1,1,3462,627860,47,572
2026-06-10 01:45:20,1,2,3462,4043911786,47,2674561
2026-06-10 01:45:20,1,3,1327007782,1300,877835,18
2026-06-10 01:45:23,1,1,3462,627860,47,572
2026-06-10 01:45:23,1,2,3462,4043911786,47,2674561
2026-06-10 01:45:23,1,3,1327007782,1300,877835,18
2026-06-10 01:45:26,1,1,3462,627860,47,572
2026-06-10 01:45:26,1,2,3462,4043911786,47,2674561
2026-06-10 01:45:26,1,3,1327007782,1300,877835,18
2026-06-10 01:45:29,1,1,3462,627860,47,572
2026-06-10 01:45:29,1,2,3462,4043911786,47,2674561
2026-06-10 01:45:29,1,3,1327007782,1300,877835,18
2026-06-10 01:45:32,1,1,3462,627860,47,572
2026-06-10 01:45:32,1,2,3462,4043911786,47,2674561
2026-06-10 01:45:32,1,3,1327007782,1300,877835,18
2026-06-10 01:45:35,1,1,3462,627860,47,572
2026-06-10 01:45:35,1,2,3462,4043911786,47,2674561
2026-06-10 01:45:35,1,3,1327007782,1300,877835,18
2026-06-10 01:45:38,1,1,3462,627860,47,572
2026-06-10 01:45:38,1,2,3462,4043911786,47,2674561
2026-06-10 01:45:38,1,3,1327007782,1300,877835,18
2026-06-10 01:45:41,1,1,3462,627860,47,572
2026-06-10 01:45:41,1,2,3462,4043911786,47,2674561
2026-06-10 01:45:41,1,3,1327007782,1300,877835,18
2026-06-10 01:45:44,1,1,3462,627860,47,572
2026-06-10 01:45:44,1,2,3462,4043911786,47,2674561
2026-06-10 01:45:44,1,3,1327007782,1300,877835,18
2026-06-10 01:45:47,1,1,3462,627860,47,572
2026-06-10 01:45:47,1,2,3462,4043911786,47,2674561
2026-06-10 01:45:47,1,3,1327007782,1300,877835,18
2026-06-10 01:45:50,1,1,3462,627860,47,572
2026-06-10 01:45:50,1,2,3462,4043911786,47,2674561
2026-06-10 01:45:50,1,3,1327007782,1300,877835,18
2026-06-10 01:45:53,1,1,3462,627860,47,572
2026-06-10 01:45:53,1,2,3462,4043911786,47,2674561
2026-06-10 01:45:53,1,3,1327007782,1300,877835,18
2026-06-10 01:45:56,1,1,3462,627860,47,572
2026-06-10 01:45:56,1,2,3462,4043911786,47,2674561
2026-06-10 01:45:56,1,3,1327007782,1300,877835,18
2026-06-10 01:45:59,1,1,3462,627860,47,572
2026-06-10 01:45:59,1,2,3462,4043911786,47,2674561
2026-06-10 01:45:59,1,3,1327007782,1300,877835,18
2026-06-10 01:46:02,1,1,3462,627860,47,572
2026-06-10 01:46:02,1,2,3462,4043911786,47,2674561
2026-06-10 01:46:02,1,3,1327007782,1300,877835,18
2026-06-10 01:46:05,1,1,3462,627860,47,572
2026-06-10 01:46:05,1,2,3462,4043911786,47,2674561
2026-06-10 01:46:05,1,3,1327007782,1300,877835,18
2026-06-10 01:46:08,1,1,3462,627860,47,572
2026-06-10 01:46:08,1,2,3462,4043911786,47,2674561
2026-06-10 01:46:08,1,3,1327007782,1300,877835,18
2026-06-10 01:46:11,1,1,3462,627860,47,572
2026-06-10 01:46:11,1,2,3462,4043911786,47,2674561
2026-06-10 01:46:11,1,3,1327007782,1300,877835,18
2026-06-10 01:46:14,1,1,3462,627860,47,572
2026-06-10 01:46:14,1,2,3462,4043911786,47,2674561
2026-06-10 01:46:14,1,3,1327007782,1300,877835,18
2026-06-10 01:46:17,1,1,3462,627860,47,572
2026-06-10 01:46:17,1,2,3462,4043911786,47,2674561
2026-06-10 01:46:17,1,3,1327007782,1300,877835,18
2026-06-10 01:46:20,1,1,3462,627860,47,572
2026-06-10 01:46:20,1,2,3462,4043911786,47,2674561
2026-06-10 01:46:20,1,3,1327007782,1300,877835,18
2026-06-10 01:46:23,1,1,3462,627860,47,572
2026-06-10 01:46:23,1,2,3462,4043911786,47,2674561
2026-06-10 01:46:23,1,3,1327007782,1300,877835,18
2026-06-10 01:46:26,1,1,3462,627860,47,572
2026-06-10 01:46:26,1,2,3462,4043911786,47,2674561
2026-06-10 01:46:26,1,3,1327007782,1300,877835,18
2026-06-10 01:46:29,1,1,3462,627860,47,572
2026-06-10 01:46:29,1,2,3462,4043911786,47,2674561
2026-06-10 01:46:29,1,3,1327007782,1300,877835,18
2026-06-10 01:46:32,1,1,3462,627860,47,572
2026-06-10 01:46:32,1,2,3462,4043911786,47,2674561
2026-06-10 01:46:32,1,3,1327007782,1300,877835,18
2026-06-10 01:46:35,1,1,3462,627860,47,572
2026-06-10 01:46:35,1,2,3462,4043911786,47,2674561
2026-06-10 01:46:35,1,3,1327007782,1300,877835,18
2026-06-10 01:46:38,1,1,3462,627860,47,572
2026-06-10 01:46:38,1,2,3462,4043911786,47,2674561
2026-06-10 01:46:38,1,3,1327007782,1300,877835,18
2026-06-10 01:46:41,1,1,3462,627860,47,572
2026-06-10 01:46:41,1,2,3462,4043911786,47,2674561
2026-06-10 01:46:41,1,3,1327007782,1300,877835,18
2026-06-10 01:46:44,1,1,3462,627860,47,572
2026-06-10 01:46:44,1,2,3462,4043911786,47,2674561
2026-06-10 01:46:44,1,3,1327007782,1300,877835,18
2026-06-10 01:46:47,1,1,3462,627860,47,572
2026-06-10 01:46:47,1,2,3462,4043911786,47,2674561
2026-06-10 01:46:47,1,3,1327007782,1300,877835,18
2026-06-10 01:46:50,1,1,3462,627860,47,572
2026-06-10 01:46:50,1,2,3462,4043911786,47,2674561
2026-06-10 01:46:50,1,3,1327007782,1300,877835,18
2026-06-10 01:46:53,1,1,3462,627860,47,572
2026-06-10 01:46:53,1,2,3462,4043911786,47,2674561
2026-06-10 01:46:53,1,3,1327007782,1300,877835,18
2026-06-10 01:46:56,1,1,3462,627860,47,572
2026-06-10 01:46:56,1,2,3462,4043911786,47,2674561
2026-06-10 01:46:56,1,3,1327007782,1300,877835,18
2026-06-10 01:46:59,1,1,3462,627860,47,572
2026-06-10 01:46:59,1,2,3462,4043911786,47,2674561
2026-06-10 01:46:59,1,3,1327007782,1300,877835,18
2026-06-10 01:47:02,1,1,3462,627860,47,572
2026-06-10 01:47:02,1,2,3462,4043911786,47,2674561
2026-06-10 01:47:02,1,3,1327007782,1300,877835,18
2026-06-10 01:47:05,1,1,3462,627860,47,572
2026-06-10 01:47:05,1,2,3462,4043911786,47,2674561
2026-06-10 01:47:05,1,3,1327007782,1300,877835,18
2026-06-10 01:47:08,1,1,3462,627860,47,572
2026-06-10 01:47:08,1,2,3462,4043911786,47,2674561
2026-06-10 01:47:08,1,3,1327007782,1300,877835,18
2026-06-10 01:47:11,1,1,3462,627860,47,572
2026-06-10 01:47:11,1,2,3462,4043911786,47,2674561
2026-06-10 01:47:11,1,3,1327007782,1300,877835,18
2026-06-10 01:47:14,1,1,3462,627860,47,572
2026-06-10 01:47:14,1,2,3462,4043911786,47,2674561
2026-06-10 01:47:14,1,3,1327007782,1300,877835,18
2026-06-10 01:47:17,1,1,3462,627860,47,572
2026-06-10 01:47:17,1,2,3462,4043911786,47,2674561
2026-06-10 01:47:17,1,3,1327007782,1300,877835,18
2026-06-10 01:47:20,1,1,3462,627860,47,572
2026-06-10 01:47:20,1,2,3462,4043911786,47,2674561
2026-06-10 01:47:20,1,3,1327007782,1300,877835,18
2026-06-10 01:47:23,1,1,3462,627860,47,572
2026-06-10 01:47:23,1,2,3462,4043911786,47,2674561
2026-06-10 01:47:23,1,3,1327007782,1300,877835,18
2026-06-10 01:47:26,1,1,3462,627860,47,572
2026-06-10 01:47:26,1,2,3462,4043911786,47,2674561
2026-06-10 01:47:26,1,3,1327007782,1300,877835,18
2026-06-10 01:47:29,1,1,3462,627860,47,572
2026-06-10 01:47:29,1,2,3462,4043911786,47,2674561
2026-06-10 01:47:29,1,3,1327007782,1300,877835,18
2026-06-10 01:47:32,1,1,3462,627860,47,572
2026-06-10 01:47:32,1,2,3462,4043911786,47,2674561
2026-06-10 01:47:32,1,3,1327007782,1300,877835,18
2026-06-10 01:47:35,1,1,3462,627860,47,572
2026-06-10 01:47:35,1,2,3462,4043911786,47,2674561
2026-06-10 01:47:35,1,3,1327007782,1300,877835,18
2026-06-10 01:47:38,1,1,3462,627860,47,572
2026-06-10 01:47:38,1,2,3462,4043911786,47,2674561
2026-06-10 01:47:38,1,3,1327007782,1300,877835,18
2026-06-10 01:47:41,1,1,3462,627860,47,572
2026-06-10 01:47:41,1,2,3462,4043911786,47,2674561
2026-06-10 01:47:41,1,3,1327007782,1300,877835,18
2026-06-10 01:47:44,1,1,3462,627860,47,572
2026-06-10 01:47:44,1,2,3462,4043911786,47,2674561
2026-06-10 01:47:44,1,3,1327007782,1300,877835,18
2026-06-10 01:47:47,1,1,3462,627860,47,572
2026-06-10 01:47:47,1,2,3462,4043911786,47,2674561
2026-06-10 01:47:47,1,3,1327007782,1300,877835,18
2026-06-10 01:47:50,1,1,3462,627860,47,572
2026-06-10 01:47:50,1,2,3462,4043911786,47,2674561
2026-06-10 01:47:50,1,3,1327007782,1300,877835,18
2026-06-10 01:47:53,1,1,3462,627860,47,572
2026-06-10 01:47:53,1,2,3462,4043911786,47,2674561
2026-06-10 01:47:53,1,3,1327007782,1300,877835,18
2026-06-10 01:47:56,1,1,3462,627860,47,572
2026-06-10 01:47:56,1,2,3462,4043911786,47,2674561
2026-06-10 01:47:56,1,3,1327007782,1300,877835,18
2026-06-10 01:47:59,1,1,3462,627860,47,572
2026-06-10 01:47:59,1,2,3462,4043911786,47,2674561
2026-06-10 01:47:59,1,3,1327007782,1300,877835,18
2026-06-10 01:48:02,1,1,3462,627860,47,572
2026-06-10 01:48:02,1,2,3462,4043911786,47,2674561
2026-06-10 01:48:02,1,3,1327007782,1300,877835,18
2026-06-10 01:48:05,1,1,3462,627860,47,572
2026-06-10 01:48:05,1,2,3462,4043911786,47,2674561
2026-06-10 01:48:05,1,3,1327007782,1300,877835,18
2026-06-10 01:48:08,1,1,3462,627860,47,572
2026-06-10 01:48:08,1,2,3462,4043911786,47,2674561
2026-06-10 01:48:08,1,3,1327007782,1300,877835,18
2026-06-10 01:48:11,1,1,3462,627860,47,572
2026-06-10 01:48:11,1,2,3462,4043911786,47,2674561
2026-06-10 01:48:11,1,3,1327007782,1300,877835,18
2026-06-10 01:48:14,1,1,3462,627860,47,572
2026-06-10 01:48:14,1,2,3462,4043911786,47,2674561
2026-06-10 01:48:14,1,3,1327007782,1300,877835,18
2026-06-10 01:48:17,1,1,3462,627860,47,572
2026-06-10 01:48:17,1,2,3462,4043911786,47,2674561
2026-06-10 01:48:17,1,3,1327007782,1300,877835,18
2026-06-10 01:48:20,1,1,3462,627860,47,572
2026-06-10 01:48:20,1,2,3462,4043911786,47,2674561
2026-06-10 01:48:20,1,3,1327007782,1300,877835,18
2026-06-10 01:48:23,1,1,3462,627860,47,572
2026-06-10 01:48:23,1,2,3462,4043911786,47,2674561
2026-06-10 01:48:23,1,3,1327007782,1300,877835,18
2026-06-10 01:48:26,1,1,3462,627860,47,572
2026-06-10 01:48:26,1,2,3462,4043911786,47,2674561
2026-06-10 01:48:26,1,3,1327007782,1300,877835,18
2026-06-10 01:48:29,1,1,3462,627860,47,572
2026-06-10 01:48:29,1,2,3462,4043911786,47,2674561
2026-06-10 01:48:29,1,3,1327007782,1300,877835,18
2026-06-10 01:48:32,1,1,3462,627860,47,572
2026-06-10 01:48:32,1,2,3462,4043911786,47,2674561
2026-06-10 01:48:32,1,3,1327007782,1300,877835,18
2026-06-10 01:48:35,1,1,3462,627860,47,572
2026-06-10 01:48:35,1,2,3462,4043911786,47,2674561
2026-06-10 01:48:35,1,3,1327007782,1300,877835,18
2026-06-10 01:48:38,1,1,3462,627860,47,572
2026-06-10 01:48:38,1,2,3462,4043911786,47,2674561
2026-06-10 01:48:38,1,3,1327007782,1300,877835,18
2026-06-10 01:48:41,1,1,3462,627860,47,572
2026-06-10 01:48:41,1,2,3462,4043911786,47,2674561
2026-06-10 01:48:41,1,3,1327007782,1300,877835,18
2026-06-10 01:48:44,1,1,3462,627860,47,572
2026-06-10 01:48:44,1,2,3462,4043911786,47,2674561
2026-06-10 01:48:44,1,3,1327007782,1300,877835,18
2026-06-10 01:48:47,1,1,3462,627860,47,572
2026-06-10 01:48:47,1,2,3462,4043911786,47,2674561
2026-06-10 01:48:47,1,3,1327007782,1300,877835,18
2026-06-10 01:48:50,1,1,3462,627860,47,572
2026-06-10 01:48:50,1,2,3462,4043911786,47,2674561
2026-06-10 01:48:50,1,3,1327007782,1300,877835,18
2026-06-10 01:48:53,1,1,3462,627860,47,572
2026-06-10 01:48:53,1,2,3462,4043911786,47,2674561
2026-06-10 01:48:53,1,3,1327007782,1300,877835,18
2026-06-10 01:48:56,1,1,3462,627860,47,572
2026-06-10 01:48:56,1,2,3462,4043911786,47,2674561
2026-06-10 01:48:56,1,3,1327007782,1300,877835,18
2026-06-10 01:48:59,1,1,3462,627860,47,572
2026-06-10 01:48:59,1,2,3462,4043911786,47,2674561
2026-06-10 01:48:59,1,3,1327007782,1300,877835,18
2026-06-10 01:49:02,1,1,3462,627860,47,572
2026-06-10 01:49:02,1,2,3462,4043911786,47,2674561
2026-06-10 01:49:02,1,3,1327007782,1300,877835,18
2026-06-10 01:49:05,1,1,3462,627860,47,572
2026-06-10 01:49:05,1,2,3462,4043911786,47,2674561
2026-06-10 01:49:05,1,3,1327007782,1300,877835,18
2026-06-10 01:49:08,1,1,3462,627860,47,572
2026-06-10 01:49:08,1,2,3462,4043911786,47,2674561
2026-06-10 01:49:08,1,3,1327007782,1300,877835,18
2026-06-10 01:49:11,1,1,3462,627860,47,572
2026-06-10 01:49:11,1,2,3462,4043911786,47,2674561
2026-06-10 01:49:11,1,3,1327007782,1300,877835,18
2026-06-10 01:49:14,1,1,3462,627860,47,572
2026-06-10 01:49:14,1,2,3462,4043911786,47,2674561
2026-06-10 01:49:14,1,3,1327007782,1300,877835,18
2026-06-10 01:49:17,1,1,3462,627860,47,572
2026-06-10 01:49:17,1,2,3462,4043911786,47,2674561
2026-06-10 01:49:17,1,3,1327007782,1300,877835,18
2026-06-10 01:49:20,1,1,3462,627860,47,572
2026-06-10 01:49:20,1,2,3462,4043911786,47,2674561
2026-06-10 01:49:20,1,3,1327007782,1300,877835,18
2026-06-10 01:49:23,1,1,3462,627860,47,572
2026-06-10 01:49:23,1,2,3462,4043911786,47,2674561
2026-06-10 01:49:23,1,3,1327007782,1300,877835,18
2026-06-10 01:49:26,1,1,3462,627860,47,572
2026-06-10 01:49:26,1,2,3462,4043911786,47,2674561
2026-06-10 01:49:26,1,3,1327007782,1300,877835,18
2026-06-10 01:49:29,1,1,3462,627860,47,572
2026-06-10 01:49:29,1,2,3462,4043911786,47,2674561
2026-06-10 01:49:29,1,3,1327007782,1300,877835,18
2026-06-10 01:49:32,1,1,3462,627860,47,572
2026-06-10 01:49:32,1,2,3462,4043911786,47,2674561
2026-06-10 01:49:32,1,3,1327007782,1300,877835,18
2026-06-10 01:49:35,1,1,3462,627860,47,572
2026-06-10 01:49:35,1,2,3462,4043911786,47,2674561
2026-06-10 01:49:35,1,3,1327007782,1300,877835,18
2026-06-10 01:49:38,1,1,3462,627860,47,572
2026-06-10 01:49:38,1,2,3462,4043911786,47,2674561
2026-06-10 01:49:38,1,3,1327007782,1300,877835,18
2026-06-10 01:49:41,1,1,3462,627860,47,572
2026-06-10 01:49:41,1,2,3462,4043911786,47,2674561
2026-06-10 01:49:41,1,3,1327007782,1300,877835,18
2026-06-10 01:49:44,1,1,3462,627860,47,572
2026-06-10 01:49:44,1,2,3462,4043911786,47,2674561
2026-06-10 01:49:44,1,3,1327007782,1300,877835,18
2026-06-10 01:49:47,1,1,3462,627860,47,572
2026-06-10 01:49:47,1,2,3462,4043911786,47,2674561
2026-06-10 01:49:47,1,3,1327007782,1300,877835,18
2026-06-10 01:49:50,1,1,3462,627860,47,572
2026-06-10 01:49:50,1,2,3462,4043911786,47,2674561
2026-06-10 01:49:50,1,3,1327007782,1300,877835,18
2026-06-10 01:49:53,1,1,3462,627860,47,572
2026-06-10 01:49:53,1,2,3462,4043911786,47,2674561
2026-06-10 01:49:53,1,3,1327007782,1300,877835,18
2026-06-10 01:49:56,1,1,3462,627860,47,572
2026-06-10 01:49:56,1,2,3462,4043911786,47,2674561
2026-06-10 01:49:56,1,3,1327007782,1300,877835,18
2026-06-10 01:49:59,1,1,3462,627860,47,572
2026-06-10 01:49:59,1,2,3462,4043911786,47,2674561
2026-06-10 01:49:59,1,3,1327007782,1300,877835,18
2026-06-10 01:50:02,1,1,3462,627860,47,572
2026-06-10 01:50:02,1,2,3462,4043911786,47,2674561
2026-06-10 01:50:02,1,3,1327007782,1300,877835,18
2026-06-10 01:50:05,1,1,3462,627860,47,572
2026-06-10 01:50:05,1,2,3462,4043911786,47,2674561
2026-06-10 01:50:05,1,3,1327007782,1300,877835,18
2026-06-10 01:50:08,1,1,3462,627860,47,572
2026-06-10 01:50:08,1,2,3462,4043911786,47,2674561
2026-06-10 01:50:08,1,3,1327007782,1300,877835,18
2026-06-10 01:50:11,1,1,3462,627860,47,572
2026-06-10 01:50:11,1,2,3462,4043911786,47,2674561
2026-06-10 01:50:11,1,3,1327007782,1300,877835,18
2026-06-10 01:50:14,1,1,3462,627860,47,572
2026-06-10 01:50:14,1,2,3462,4043911786,47,2674561
2026-06-10 01:50:14,1,3,1327007782,1300,877835,18
2026-06-10 01:50:17,1,1,3462,627860,47,572
2026-06-10 01:50:17,1,2,3462,4043911786,47,2674561
2026-06-10 01:50:17,1,3,1327007782,1300,877835,18
2026-06-10 01:50:20,1,1,3462,627860,47,572
2026-06-10 01:50:20,1,2,3462,4043911786,47,2674561
2026-06-10 01:50:20,1,3,1327007782,1300,877835,18
2026-06-10 01:50:23,1,1,3462,627860,47,572
2026-06-10 01:50:23,1,2,3462,4043911786,47,2674561
2026-06-10 01:50:23,1,3,1327007782,1300,877835,18
2026-06-10 01:50:26,1,1,3462,627860,47,572
2026-06-10 01:50:26,1,2,3462,4043911786,47,2674561
2026-06-10 01:50:26,1,3,1327007782,1300,877835,18
2026-06-10 01:50:29,1,1,3462,627860,47,572
2026-06-10 01:50:29,1,2,3462,4043911786,47,2674561
2026-06-10 01:50:29,1,3,1327007782,1300,877835,18
2026-06-10 01:50:32,1,1,3462,627860,47,572
2026-06-10 01:50:32,1,2,3462,4043911786,47,2674561
2026-06-10 01:50:32,1,3,1327007782,1300,877835,18
2026-06-10 01:50:35,1,1,3462,627860,47,572
2026-06-10 01:50:35,1,2,3462,4043911786,47,2674561
2026-06-10 01:50:35,1,3,1327007782,1300,877835,18
2026-06-10 01:50:38,1,1,3462,627860,47,572
2026-06-10 01:50:38,1,2,3462,4043911786,47,2674561
2026-06-10 01:50:38,1,3,1327007782,1300,877835,18
2026-06-10 01:50:41,1,1,3462,627860,47,572
2026-06-10 01:50:41,1,2,3462,4043911786,47,2674561
2026-06-10 01:50:41,1,3,1327007782,1300,877835,18
2026-06-10 01:50:44,1,1,3462,627860,47,572
2026-06-10 01:50:44,1,2,3462,4043911786,47,2674561
2026-06-10 01:50:44,1,3,1327007782,1300,877835,18
2026-06-10 01:50:47,1,1,3462,627860,47,572
2026-06-10 01:50:47,1,2,3462,4043911786,47,2674561
2026-06-10 01:50:47,1,3,1327007782,1300,877835,18
2026-06-10 01:50:50,1,1,3462,627860,47,572
2026-06-10 01:50:50,1,2,3462,4043911786,47,2674561
2026-06-10 01:50:50,1,3,1327007782,1300,877835,18
2026-06-10 01:50:53,1,1,3462,627860,47,572
2026-06-10 01:50:53,1,2,3462,4043911786,47,2674561
2026-06-10 01:50:53,1,3,1327007782,1300,877835,18
2026-06-10 01:50:56,1,1,3462,627860,47,572
2026-06-10 01:50:56,1,2,3462,4043911786,47,2674561
2026-06-10 01:50:56,1,3,1327007782,1300,877835,18
2026-06-10 01:50:59,1,1,3462,627860,47,572
2026-06-10 01:50:59,1,2,3462,4043911786,47,2674561
2026-06-10 01:50:59,1,3,1327007782,1300,877835,18
2026-06-10 01:51:02,1,1,3462,627860,47,572
2026-06-10 01:51:02,1,2,3462,4043911786,47,2674561
2026-06-10 01:51:02,1,3,1327007782,1300,877835,18
2026-06-10 01:51:05,1,1,3462,627860,47,572
2026-06-10 01:51:05,1,2,3462,4043911786,47,2674561
2026-06-10 01:51:05,1,3,1327007782,1300,877835,18
2026-06-10 01:51:08,1,1,3462,627860,47,572
2026-06-10 01:51:08,1,2,3462,4043911786,47,2674561
2026-06-10 01:51:08,1,3,1327007782,1300,877835,18
2026-06-10 01:51:11,1,1,3462,627860,47,572
2026-06-10 01:51:11,1,2,3462,4043911786,47,2674561
2026-06-10 01:51:11,1,3,1327007782,1300,877835,18
2026-06-10 01:51:14,1,1,3462,627860,47,572
2026-06-10 01:51:14,1,2,3462,4043911786,47,2674561
2026-06-10 01:51:14,1,3,1327007782,1300,877835,18
2026-06-10 01:51:17,1,1,3462,627860,47,572
2026-06-10 01:51:17,1,2,3462,4043911786,47,2674561
2026-06-10 01:51:17,1,3,1327007782,1300,877835,18
2026-06-10 01:51:20,1,1,3462,627860,47,572
2026-06-10 01:51:20,1,2,3462,4043911786,47,2674561
2026-06-10 01:51:20,1,3,1327007782,1300,877835,18
2026-06-10 01:51:23,1,1,3462,627860,47,572
2026-06-10 01:51:23,1,2,3462,4043911786,47,2674561
2026-06-10 01:51:23,1,3,1327007782,1300,877835,18
2026-06-10 01:51:26,1,1,3462,627860,47,572
2026-06-10 01:51:26,1,2,3462,4043911786,47,2674561
2026-06-10 01:51:26,1,3,1327007782,1300,877835,18
2026-06-10 01:51:29,1,1,3462,627860,47,572
2026-06-10 01:51:29,1,2,3462,4043911786,47,2674561
2026-06-10 01:51:29,1,3,1327007782,1300,877835,18
2026-06-10 01:51:32,1,1,3462,627860,47,572
2026-06-10 01:51:32,1,2,3462,4043911786,47,2674561
2026-06-10 01:51:32,1,3,1327007782,1300,877835,18
2026-06-10 01:51:35,1,1,3462,627860,47,572
2026-06-10 01:51:35,1,2,3462,4043911786,47,2674561
2026-06-10 01:51:35,1,3,1327007782,1300,877835,18
2026-06-10 01:51:38,1,1,3462,627860,47,572
2026-06-10 01:51:38,1,2,3462,4043911786,47,2674561
2026-06-10 01:51:38,1,3,1327007782,1300,877835,18
2026-06-10 01:51:41,1,1,3462,627860,47,572
2026-06-10 01:51:41,1,2,3462,4043911786,47,2674561
2026-06-10 01:51:41,1,3,1327007782,1300,877835,18
2026-06-10 01:51:44,1,1,3462,627860,47,572
2026-06-10 01:51:44,1,2,3462,4043911786,47,2674561
2026-06-10 01:51:44,1,3,1327007782,1300,877835,18
2026-06-10 01:51:47,1,1,3462,627860,47,572
2026-06-10 01:51:47,1,2,3462,4043911786,47,2674561
2026-06-10 01:51:47,1,3,1327007782,1300,877835,18
2026-06-10 01:51:50,1,1,3462,627860,47,572
2026-06-10 01:51:50,1,2,3462,4043911786,47,2674561
2026-06-10 01:51:50,1,3,1327007782,1300,877835,18
2026-06-10 01:51:53,1,1,3462,627860,47,572
2026-06-10 01:51:53,1,2,3462,4043911786,47,2674561
2026-06-10 01:51:53,1,3,1327007782,1300,877835,18
2026-06-10 01:51:56,1,1,3462,627860,47,572
2026-06-10 01:51:56,1,2,3462,4043911786,47,2674561
2026-06-10 01:51:56,1,3,1327007782,1300,877835,18
2026-06-10 01:51:59,1,1,3462,627860,47,572
2026-06-10 01:51:59,1,2,3462,4043911786,47,2674561
2026-06-10 01:51:59,1,3,1327007782,1300,877835,18
2026-06-10 01:52:02,1,1,3462,627860,47,572
2026-06-10 01:52:02,1,2,3462,4043911786,47,2674561
2026-06-10 01:52:02,1,3,1327007782,1300,877835,18
2026-06-10 01:52:05,1,1,3462,627860,47,572
2026-06-10 01:52:05,1,2,3462,4043911786,47,2674561
2026-06-10 01:52:05,1,3,1327007782,1300,877835,18
2026-06-10 01:52:08,1,1,3462,627860,47,572
2026-06-10 01:52:08,1,2,3462,4043911786,47,2674561
2026-06-10 01:52:08,1,3,1327007782,1300,877835,18
2026-06-10 01:52:11,1,1,3462,627860,47,572
2026-06-10 01:52:11,1,2,3462,4043911786,47,2674561
2026-06-10 01:52:11,1,3,1327007782,1300,877835,18
2026-06-10 01:52:14,1,1,3462,627860,47,572
2026-06-10 01:52:14,1,2,3462,4043911786,47,2674561
2026-06-10 01:52:14,1,3,1327007782,1300,877835,18
2026-06-10 01:52:17,1,1,3462,627860,47,572
2026-06-10 01:52:17,1,2,3462,4043911786,47,2674561
2026-06-10 01:52:17,1,3,1327007782,1300,877835,18
2026-06-10 01:52:20,1,1,3462,627860,47,572
2026-06-10 01:52:20,1,2,3462,4043911786,47,2674561
2026-06-10 01:52:20,1,3,1327007782,1300,877835,18
2026-06-10 01:52:23,1,1,3462,627860,47,572
2026-06-10 01:52:23,1,2,3462,4043911786,47,2674561
2026-06-10 01:52:23,1,3,1327007782,1300,877835,18
2026-06-10 01:52:26,1,1,3462,627860,47,572
2026-06-10 01:52:26,1,2,3462,4043911786,47,2674561
2026-06-10 01:52:26,1,3,1327007782,1300,877835,18
2026-06-10 01:52:29,1,1,3462,627860,47,572
2026-06-10 01:52:29,1,2,3462,4043911786,47,2674561
2026-06-10 01:52:29,1,3,1327007782,1300,877835,18
2026-06-10 01:52:32,1,1,3462,627860,47,572
2026-06-10 01:52:32,1,2,3462,4043911786,47,2674561
2026-06-10 01:52:32,1,3,1327007782,1300,877835,18
2026-06-10 01:52:35,1,1,3462,627860,47,572
2026-06-10 01:52:35,1,2,3462,4043911786,47,2674561
2026-06-10 01:52:35,1,3,1327007782,1300,877835,18
2026-06-10 01:52:38,1,1,3462,627860,47,572
2026-06-10 01:52:38,1,2,3462,4043911786,47,2674561
2026-06-10 01:52:38,1,3,1327007782,1300,877835,18
2026-06-10 01:52:41,1,1,3462,627860,47,572
2026-06-10 01:52:41,1,2,3462,4043911786,47,2674561
2026-06-10 01:52:41,1,3,1327007782,1300,877835,18
2026-06-10 01:52:44,1,1,3462,627860,47,572
2026-06-10 01:52:44,1,2,3462,4043911786,47,2674561
2026-06-10 01:52:44,1,3,1327007782,1300,877835,18
2026-06-10 01:52:47,1,1,3462,627860,47,572
2026-06-10 01:52:47,1,2,3462,4043911786,47,2674561
2026-06-10 01:52:47,1,3,1327007782,1300,877835,18
2026-06-10 01:52:50,1,1,3462,627860,47,572
2026-06-10 01:52:50,1,2,3462,4043911786,47,2674561
2026-06-10 01:52:50,1,3,1327007782,1300,877835,18
2026-06-10 01:52:53,1,1,3462,627860,47,572
2026-06-10 01:52:53,1,2,3462,4043911786,47,2674561
2026-06-10 01:52:53,1,3,1327007782,1300,877835,18
2026-06-10 01:52:56,1,1,3462,627860,47,572
2026-06-10 01:52:56,1,2,3462,4043911786,47,2674561
2026-06-10 01:52:56,1,3,1327007782,1300,877835,18
2026-06-10 01:52:59,1,1,3462,627860,47,572
2026-06-10 01:52:59,1,2,3462,4043911786,47,2674561
2026-06-10 01:52:59,1,3,1327007782,1300,877835,18
2026-06-10 01:53:02,1,1,3462,627860,47,572
2026-06-10 01:53:02,1,2,3462,4043911786,47,2674561
2026-06-10 01:53:02,1,3,1327007782,1300,877835,18
2026-06-10 01:53:05,1,1,3462,627860,47,572
2026-06-10 01:53:05,1,2,3462,4043911786,47,2674561
2026-06-10 01:53:05,1,3,1327007782,1300,877835,18
2026-06-10 01:53:08,1,1,3462,627860,47,572
2026-06-10 01:53:08,1,2,3462,4043911786,47,2674561
2026-06-10 01:53:08,1,3,1327007782,1300,877835,18
2026-06-10 01:53:11,1,1,3462,627860,47,572
2026-06-10 01:53:11,1,2,3462,4043911786,47,2674561
2026-06-10 01:53:11,1,3,1327007782,1300,877835,18
2026-06-10 01:53:14,1,1,3462,627860,47,572
2026-06-10 01:53:14,1,2,3462,4043911786,47,2674561
2026-06-10 01:53:14,1,3,1327007782,1300,877835,18
2026-06-10 01:53:17,1,1,3462,627860,47,572
2026-06-10 01:53:17,1,2,3462,4043911786,47,2674561
2026-06-10 01:53:17,1,3,1327007782,1300,877835,18
2026-06-10 01:53:20,1,1,3462,627860,47,572
2026-06-10 01:53:20,1,2,3462,4043911786,47,2674561
2026-06-10 01:53:20,1,3,1327007782,1300,877835,18
2026-06-10 01:53:23,1,1,3462,627860,47,572
2026-06-10 01:53:23,1,2,3462,4043911786,47,2674561
2026-06-10 01:53:23,1,3,1327007782,1300,877835,18
2026-06-10 01:53:26,1,1,3462,627860,47,572
2026-06-10 01:53:26,1,2,3462,4043911786,47,2674561
2026-06-10 01:53:26,1,3,1327007782,1300,877835,18
2026-06-10 01:53:29,1,1,3462,627860,47,572
2026-06-10 01:53:29,1,2,3462,4043911786,47,2674561
2026-06-10 01:53:29,1,3,1327007782,1300,877835,18
2026-06-10 01:53:32,1,1,3462,627860,47,572
2026-06-10 01:53:32,1,2,3462,4043911786,47,2674561
2026-06-10 01:53:32,1,3,1327007782,1300,877835,18
2026-06-10 01:53:35,1,1,3462,627860,47,572
2026-06-10 01:53:35,1,2,3462,4043911786,47,2674561
2026-06-10 01:53:35,1,3,1327007782,1300,877835,18
2026-06-10 01:53:38,1,1,3462,627860,47,572
2026-06-10 01:53:38,1,2,3462,4043911786,47,2674561
2026-06-10 01:53:38,1,3,1327007782,1300,877835,18
2026-06-10 01:53:41,1,1,3462,627860,47,572
2026-06-10 01:53:41,1,2,3462,4043911786,47,2674561
2026-06-10 01:53:41,1,3,1327007782,1300,877835,18
2026-06-10 01:53:44,1,1,3462,627860,47,572
2026-06-10 01:53:44,1,2,3462,4043911786,47,2674561
2026-06-10 01:53:44,1,3,1327007782,1300,877835,18
2026-06-10 01:53:47,1,1,3462,627860,47,572
2026-06-10 01:53:47,1,2,3462,4043911786,47,2674561
2026-06-10 01:53:47,1,3,1327007782,1300,877835,18
2026-06-10 01:53:50,1,1,3462,627860,47,572
2026-06-10 01:53:50,1,2,3462,4043911786,47,2674561
2026-06-10 01:53:50,1,3,1327007782,1300,877835,18
2026-06-10 01:53:53,1,1,3462,627860,47,572
2026-06-10 01:53:53,1,2,3462,4043911786,47,2674561
2026-06-10 01:53:53,1,3,1327007782,1300,877835,18
2026-06-10 01:53:56,1,1,3462,627860,47,572
2026-06-10 01:53:56,1,2,3462,4043911786,47,2674561
2026-06-10 01:53:56,1,3,1327007782,1300,877835,18
2026-06-10 01:53:59,1,1,3462,627860,47,572
2026-06-10 01:53:59,1,2,3462,4043911786,47,2674561
2026-06-10 01:53:59,1,3,1327007782,1300,877835,18
2026-06-10 01:54:02,1,1,3462,627860,47,572
2026-06-10 01:54:02,1,2,3462,4043911786,47,2674561
2026-06-10 01:54:02,1,3,1327007782,1300,877835,18
2026-06-10 01:54:05,1,1,3462,627860,47,572
2026-06-10 01:54:05,1,2,3462,4043911786,47,2674561
2026-06-10 01:54:05,1,3,1327007782,1300,877835,18
2026-06-10 01:54:08,1,1,3462,627860,47,572
2026-06-10 01:54:08,1,2,3462,4043911786,47,2674561
2026-06-10 01:54:08,1,3,1327007782,1300,877835,18
2026-06-10 01:54:11,1,1,3462,627860,47,572
2026-06-10 01:54:11,1,2,3462,4043911786,47,2674561
2026-06-10 01:54:11,1,3,1327007782,1300,877835,18
2026-06-10 01:54:14,1,1,3462,627860,47,572
2026-06-10 01:54:14,1,2,3462,4043911786,47,2674561
2026-06-10 01:54:14,1,3,1327007782,1300,877835,18
2026-06-10 01:54:17,1,1,3462,627860,47,572
2026-06-10 01:54:17,1,2,3462,4043911786,47,2674561
2026-06-10 01:54:17,1,3,1327007782,1300,877835,18
2026-06-10 01:54:20,1,1,3462,627860,47,572
2026-06-10 01:54:20,1,2,3462,4043911786,47,2674561
2026-06-10 01:54:20,1,3,1327007782,1300,877835,18
2026-06-10 01:54:23,1,1,3462,627860,47,572
2026-06-10 01:54:23,1,2,3462,4043911786,47,2674561
2026-06-10 01:54:23,1,3,1327007782,1300,877835,18
2026-06-10 01:54:26,1,1,3462,627860,47,572
2026-06-10 01:54:26,1,2,3462,4043911786,47,2674561
2026-06-10 01:54:26,1,3,1327007782,1300,877835,18
2026-06-10 01:54:29,1,1,3462,627860,47,572
2026-06-10 01:54:29,1,2,3462,4043911786,47,2674561
2026-06-10 01:54:29,1,3,1327007782,1300,877835,18
2026-06-10 01:54:32,1,1,3462,627860,47,572
2026-06-10 01:54:32,1,2,3462,4043911786,47,2674561
2026-06-10 01:54:32,1,3,1327007782,1300,877835,18
2026-06-10 01:54:35,1,1,3462,627860,47,572
2026-06-10 01:54:35,1,2,3462,4043911786,47,2674561
2026-06-10 01:54:35,1,3,1327007782,1300,877835,18
2026-06-10 01:54:38,1,1,3462,627860,47,572
2026-06-10 01:54:38,1,2,3462,4043911786,47,2674561
2026-06-10 01:54:38,1,3,1327007782,1300,877835,18
2026-06-10 01:54:41,1,1,3462,627860,47,572
2026-06-10 01:54:41,1,2,3462,4043911786,47,2674561
2026-06-10 01:54:41,1,3,1327007782,1300,877835,18
2026-06-10 01:54:44,1,1,3462,627860,47,572
2026-06-10 01:54:44,1,2,3462,4043911786,47,2674561
2026-06-10 01:54:44,1,3,1327007782,1300,877835,18
2026-06-10 01:54:48,1,1,3462,627860,47,572
2026-06-10 01:54:48,1,2,3462,4043911786,47,2674561
2026-06-10 01:54:48,1,3,1327007782,1300,877835,18
2026-06-10 01:54:51,1,1,3462,627860,47,572
2026-06-10 01:54:51,1,2,3462,4043911786,47,2674561
2026-06-10 01:54:51,1,3,1327007782,1300,877835,18
2026-06-10 01:54:54,1,1,3462,627860,47,572
2026-06-10 01:54:54,1,2,3462,4043911786,47,2674561
2026-06-10 01:54:54,1,3,1327007782,1300,877835,18
2026-06-10 01:54:57,1,1,3462,627860,47,572
2026-06-10 01:54:57,1,2,3462,4043911786,47,2674561
2026-06-10 01:54:57,1,3,1327007782,1300,877835,18
2026-06-10 01:55:00,1,1,3462,627860,47,572
2026-06-10 01:55:00,1,2,3462,4043911786,47,2674561
2026-06-10 01:55:00,1,3,1327007782,1300,877835,18
2026-06-10 01:55:03,1,1,3462,627860,47,572
2026-06-10 01:55:03,1,2,3462,4043911786,47,2674561
2026-06-10 01:55:03,1,3,1327007782,1300,877835,18
2026-06-10 01:55:06,1,1,3462,627860,47,572
2026-06-10 01:55:06,1,2,3462,4043911786,47,2674561
2026-06-10 01:55:06,1,3,1327007782,1300,877835,18
2026-06-10 01:55:09,1,1,3462,627860,47,572
2026-06-10 01:55:09,1,2,3462,4043911786,47,2674561
2026-06-10 01:55:09,1,3,1327007782,1300,877835,18
2026-06-10 01:55:12,1,1,3462,627860,47,572
2026-06-10 01:55:12,1,2,3462,4043911786,47,2674561
2026-06-10 01:55:12,1,3,1327007782,1300,877835,18
2026-06-10 01:55:15,1,1,3462,627860,47,572
2026-06-10 01:55:15,1,2,3462,4043911786,47,2674561
2026-06-10 01:55:15,1,3,1327007782,1300,877835,18
2026-06-10 01:55:18,1,1,3462,627860,47,572
2026-06-10 01:55:18,1,2,3462,4043911786,47,2674561
2026-06-10 01:55:18,1,3,1327007782,1300,877835,18
2026-06-10 01:55:21,1,1,3462,627860,47,572
2026-06-10 01:55:21,1,2,3462,4043911786,47,2674561
2026-06-10 01:55:21,1,3,1327007782,1300,877835,18
2026-06-10 01:55:24,1,1,3462,627860,47,572
2026-06-10 01:55:24,1,2,3462,4043911786,47,2674561
2026-06-10 01:55:24,1,3,1327007782,1300,877835,18
2026-06-10 01:55:27,1,1,3462,627860,47,572
2026-06-10 01:55:27,1,2,3462,4043911786,47,2674561
2026-06-10 01:55:27,1,3,1327007782,1300,877835,18
2026-06-10 01:55:30,1,1,3462,627860,47,572
2026-06-10 01:55:30,1,2,3462,4043911786,47,2674561
2026-06-10 01:55:30,1,3,1327007782,1300,877835,18
2026-06-10 01:55:33,1,1,3462,627860,47,572
2026-06-10 01:55:33,1,2,3462,4043911786,47,2674561
2026-06-10 01:55:33,1,3,1327007782,1300,877835,18
2026-06-10 01:55:36,1,1,3462,627860,47,572
2026-06-10 01:55:36,1,2,3462,4043911786,47,2674561
2026-06-10 01:55:36,1,3,1327007782,1300,877835,18
2026-06-10 01:55:39,1,1,3462,627860,47,572
2026-06-10 01:55:39,1,2,3462,4043911786,47,2674561
2026-06-10 01:55:39,1,3,1327007782,1300,877835,18
2026-06-10 01:55:42,1,1,3462,627860,47,572
2026-06-10 01:55:42,1,2,3462,4043911786,47,2674561
2026-06-10 01:55:42,1,3,1327007782,1300,877835,18
2026-06-10 01:55:45,1,1,3462,627860,47,572
2026-06-10 01:55:45,1,2,3462,4043911786,47,2674561
2026-06-10 01:55:45,1,3,1327007782,1300,877835,18
2026-06-10 01:55:48,1,1,3462,627860,47,572
2026-06-10 01:55:48,1,2,3462,4043911786,47,2674561
2026-06-10 01:55:48,1,3,1327007782,1300,877835,18
2026-06-10 01:55:51,1,1,3462,627860,47,572
2026-06-10 01:55:51,1,2,3462,4043911786,47,2674561
2026-06-10 01:55:51,1,3,1327007782,1300,877835,18
2026-06-10 01:55:54,1,1,3462,627860,47,572
2026-06-10 01:55:54,1,2,3462,4043911786,47,2674561
2026-06-10 01:55:54,1,3,1327007782,1300,877835,18
2026-06-10 01:55:57,1,1,3462,627860,47,572
2026-06-10 01:55:57,1,2,3462,4043911786,47,2674561
2026-06-10 01:55:57,1,3,1327007782,1300,877835,18
2026-06-10 01:56:00,1,1,3462,627860,47,572
2026-06-10 01:56:00,1,2,3462,4043911786,47,2674561
2026-06-10 01:56:00,1,3,1327007782,1300,877835,18
2026-06-10 01:56:03,1,1,3462,627860,47,572
2026-06-10 01:56:03,1,2,3462,4043911786,47,2674561
2026-06-10 01:56:03,1,3,1327007782,1300,877835,18
2026-06-10 01:56:06,1,1,3462,627860,47,572
2026-06-10 01:56:06,1,2,3462,4043911786,47,2674561
2026-06-10 01:56:06,1,3,1327007782,1300,877835,18
2026-06-10 01:56:09,1,1,3462,627860,47,572
2026-06-10 01:56:09,1,2,3462,4043911786,47,2674561
2026-06-10 01:56:09,1,3,1327007782,1300,877835,18
2026-06-10 01:56:12,1,1,3462,627860,47,572
2026-06-10 01:56:12,1,2,3462,4043911786,47,2674561
2026-06-10 01:56:12,1,3,1327007782,1300,877835,18
2026-06-10 01:56:15,1,1,3462,627860,47,572
2026-06-10 01:56:15,1,2,3462,4043911786,47,2674561
2026-06-10 01:56:15,1,3,1327007782,1300,877835,18
2026-06-10 01:56:18,1,1,3462,627860,47,572
2026-06-10 01:56:18,1,2,3462,4043911786,47,2674561
2026-06-10 01:56:18,1,3,1327007782,1300,877835,18
2026-06-10 01:56:21,1,1,3462,627860,47,572
2026-06-10 01:56:21,1,2,3462,4043911786,47,2674561
2026-06-10 01:56:21,1,3,1327007782,1300,877835,18
2026-06-10 01:56:24,1,1,3462,627860,47,572
2026-06-10 01:56:24,1,2,3462,4043911786,47,2674561
2026-06-10 01:56:24,1,3,1327007782,1300,877835,18
2026-06-10 01:56:27,1,1,3462,627860,47,572
2026-06-10 01:56:27,1,2,3462,4043911786,47,2674561
2026-06-10 01:56:27,1,3,1327007782,1300,877835,18
2026-06-10 01:56:30,1,1,3462,627860,47,572
2026-06-10 01:56:30,1,2,3462,4043911786,47,2674561
2026-06-10 01:56:30,1,3,1327007782,1300,877835,18
2026-06-10 01:56:33,1,1,3462,627860,47,572
2026-06-10 01:56:33,1,2,3462,4043911786,47,2674561
2026-06-10 01:56:33,1,3,1327007782,1300,877835,18
2026-06-10 01:56:36,1,1,3462,627860,47,572
2026-06-10 01:56:36,1,2,3462,4043911786,47,2674561
2026-06-10 01:56:36,1,3,1327007782,1300,877835,18
2026-06-10 01:56:39,1,1,3462,627860,47,572
2026-06-10 01:56:39,1,2,3462,4043911786,47,2674561
2026-06-10 01:56:39,1,3,1327007782,1300,877835,18
2026-06-10 01:56:42,1,1,3462,627860,47,572
2026-06-10 01:56:42,1,2,3462,4043911786,47,2674561
2026-06-10 01:56:42,1,3,1327007782,1300,877835,18
2026-06-10 01:56:45,1,1,3462,627860,47,572
2026-06-10 01:56:45,1,2,3462,4043911786,47,2674561
2026-06-10 01:56:45,1,3,1327007782,1300,877835,18
2026-06-10 01:56:48,1,1,3462,627860,47,572
2026-06-10 01:56:48,1,2,3462,4043911786,47,2674561
2026-06-10 01:56:48,1,3,1327007782,1300,877835,18
2026-06-10 01:56:51,1,1,3462,627860,47,572
2026-06-10 01:56:51,1,2,3462,4043911786,47,2674561
2026-06-10 01:56:51,1,3,1327007782,1300,877835,18
2026-06-10 01:56:54,1,1,3462,627860,47,572
2026-06-10 01:56:54,1,2,3462,4043911786,47,2674561
2026-06-10 01:56:54,1,3,1327007782,1300,877835,18
2026-06-10 01:56:57,1,1,3462,627860,47,572
2026-06-10 01:56:57,1,2,3462,4043911786,47,2674561
2026-06-10 01:56:57,1,3,1327007782,1300,877835,18
2026-06-10 01:57:00,1,1,3462,627860,47,572
2026-06-10 01:57:00,1,2,3462,4043911786,47,2674561
2026-06-10 01:57:00,1,3,1327007782,1300,877835,18
2026-06-10 01:57:03,1,1,3462,627860,47,572
2026-06-10 01:57:03,1,2,3462,4043911786,47,2674561
2026-06-10 01:57:03,1,3,1327007782,1300,877835,18
2026-06-10 01:57:06,1,1,3462,627860,47,572
2026-06-10 01:57:06,1,2,3462,4043911786,47,2674561
2026-06-10 01:57:06,1,3,1327007782,1300,877835,18
2026-06-10 01:57:09,1,1,3462,627860,47,572
2026-06-10 01:57:09,1,2,3462,4043911786,47,2674561
2026-06-10 01:57:09,1,3,1327007782,1300,877835,18
2026-06-10 01:57:12,1,1,3462,627860,47,572
2026-06-10 01:57:12,1,2,3462,4043911786,47,2674561
2026-06-10 01:57:12,1,3,1327007782,1300,877835,18
2026-06-10 01:57:15,1,1,3462,627860,47,572
2026-06-10 01:57:15,1,2,3462,4043911786,47,2674561
2026-06-10 01:57:15,1,3,1327007782,1300,877835,18
2026-06-10 01:57:18,1,1,3462,627860,47,572
2026-06-10 01:57:18,1,2,3462,4043911786,47,2674561
2026-06-10 01:57:18,1,3,1327007782,1300,877835,18
2026-06-10 01:57:21,1,1,3462,627860,47,572
2026-06-10 01:57:21,1,2,3462,4043911786,47,2674561
2026-06-10 01:57:21,1,3,1327007782,1300,877835,18
2026-06-10 01:57:24,1,1,3462,627860,47,572
2026-06-10 01:57:24,1,2,3462,4043911786,47,2674561
2026-06-10 01:57:24,1,3,1327007782,1300,877835,18
2026-06-10 01:57:27,1,1,3462,627860,47,572
2026-06-10 01:57:27,1,2,3462,4043911786,47,2674561
2026-06-10 01:57:27,1,3,1327007782,1300,877835,18
2026-06-10 01:57:30,1,1,3462,627860,47,572
2026-06-10 01:57:30,1,2,3462,4043911786,47,2674561
2026-06-10 01:57:30,1,3,1327007782,1300,877835,18
2026-06-10 01:57:33,1,1,3462,627860,47,572
2026-06-10 01:57:33,1,2,3462,4043911786,47,2674561
2026-06-10 01:57:33,1,3,1327007782,1300,877835,18
2026-06-10 01:57:36,1,1,3462,627860,47,572
2026-06-10 01:57:36,1,2,3462,4043911786,47,2674561
2026-06-10 01:57:36,1,3,1327007782,1300,877835,18
2026-06-10 01:57:39,1,1,3462,627860,47,572
2026-06-10 01:57:39,1,2,3462,4043911786,47,2674561
2026-06-10 01:57:39,1,3,1327007782,1300,877835,18
2026-06-10 01:57:42,1,1,3462,627860,47,572
2026-06-10 01:57:42,1,2,3462,4043911786,47,2674561
2026-06-10 01:57:42,1,3,1327007782,1300,877835,18
2026-06-10 01:57:45,1,1,3462,627860,47,572
2026-06-10 01:57:45,1,2,3462,4043911786,47,2674561
2026-06-10 01:57:45,1,3,1327007782,1300,877835,18
2026-06-10 01:57:48,1,1,3462,627860,47,572
2026-06-10 01:57:48,1,2,3462,4043911786,47,2674561
2026-06-10 01:57:48,1,3,1327007782,1300,877835,18
2026-06-10 01:57:51,1,1,3462,627860,47,572
2026-06-10 01:57:51,1,2,3462,4043911786,47,2674561
2026-06-10 01:57:51,1,3,1327007782,1300,877835,18
2026-06-10 01:57:54,1,1,3462,627860,47,572
2026-06-10 01:57:54,1,2,3462,4043911786,47,2674561
2026-06-10 01:57:54,1,3,1327007782,1300,877835,18
2026-06-10 01:57:57,1,1,3462,627860,47,572
2026-06-10 01:57:57,1,2,3462,4043911786,47,2674561
2026-06-10 01:57:57,1,3,1327007782,1300,877835,18
2026-06-10 01:58:00,1,1,3462,627860,47,572
2026-06-10 01:58:00,1,2,3462,4043911786,47,2674561
2026-06-10 01:58:00,1,3,1327007782,1300,877835,18
2026-06-10 01:58:03,1,1,3462,627860,47,572
2026-06-10 01:58:03,1,2,3462,4043911786,47,2674561
2026-06-10 01:58:03,1,3,1327007782,1300,877835,18
2026-06-10 01:58:06,1,1,3462,627860,47,572
2026-06-10 01:58:06,1,2,3462,4043911786,47,2674561
2026-06-10 01:58:06,1,3,1327007782,1300,877835,18
2026-06-10 01:58:09,1,1,3462,627860,47,572
2026-06-10 01:58:09,1,2,3462,4043911786,47,2674561
2026-06-10 01:58:09,1,3,1327007782,1300,877835,18
2026-06-10 01:58:12,1,1,3462,627860,47,572
2026-06-10 01:58:12,1,2,3462,4043911786,47,2674561
2026-06-10 01:58:12,1,3,1327007782,1300,877835,18
2026-06-10 01:58:15,1,1,3462,627860,47,572
2026-06-10 01:58:15,1,2,3462,4043911786,47,2674561
2026-06-10 01:58:15,1,3,1327007782,1300,877835,18
2026-06-10 01:58:18,1,1,3462,627860,47,572
2026-06-10 01:58:18,1,2,3462,4043911786,47,2674561
2026-06-10 01:58:18,1,3,1327007782,1300,877835,18
2026-06-10 01:58:21,1,1,3462,627860,47,572
2026-06-10 01:58:21,1,2,3462,4043911786,47,2674561
2026-06-10 01:58:21,1,3,1327007782,1300,877835,18
2026-06-10 01:58:24,1,1,3462,627860,47,572
2026-06-10 01:58:24,1,2,3462,4043911786,47,2674561
2026-06-10 01:58:24,1,3,1327007782,1300,877835,18
2026-06-10 01:58:27,1,1,3462,627860,47,572
2026-06-10 01:58:27,1,2,3462,4043911786,47,2674561
2026-06-10 01:58:27,1,3,1327007782,1300,877835,18
2026-06-10 01:58:30,1,1,3462,627860,47,572
2026-06-10 01:58:30,1,2,3462,4043911786,47,2674561
2026-06-10 01:58:30,1,3,1327007782,1300,877835,18
2026-06-10 01:58:33,1,1,3462,627860,47,572
2026-06-10 01:58:33,1,2,3462,4043911786,47,2674561
2026-06-10 01:58:33,1,3,1327007782,1300,877835,18
2026-06-10 01:58:36,1,1,3462,627860,47,572
2026-06-10 01:58:36,1,2,3462,4043911786,47,2674561
2026-06-10 01:58:36,1,3,1327007782,1300,877835,18
2026-06-10 01:58:39,1,1,3462,627860,47,572
2026-06-10 01:58:39,1,2,3462,4043911786,47,2674561
2026-06-10 01:58:39,1,3,1327007782,1300,877835,18
2026-06-10 01:58:42,1,1,3462,627860,47,572
2026-06-10 01:58:42,1,2,3462,4043911786,47,2674561
2026-06-10 01:58:42,1,3,1327007782,1300,877835,18
2026-06-10 01:58:45,1,1,3462,627860,47,572
2026-06-10 01:58:45,1,2,3462,4043911786,47,2674561
2026-06-10 01:58:45,1,3,1327007782,1300,877835,18
2026-06-10 01:58:48,1,1,3462,627860,47,572
2026-06-10 01:58:48,1,2,3462,4043911786,47,2674561
2026-06-10 01:58:48,1,3,1327007782,1300,877835,18
2026-06-10 01:58:51,1,1,3462,627860,47,572
2026-06-10 01:58:51,1,2,3462,4043911786,47,2674561
2026-06-10 01:58:51,1,3,1327007782,1300,877835,18
2026-06-10 01:58:54,1,1,3462,627860,47,572
2026-06-10 01:58:54,1,2,3462,4043911786,47,2674561
2026-06-10 01:58:54,1,3,1327007782,1300,877835,18
2026-06-10 01:58:57,1,1,3462,627860,47,572
2026-06-10 01:58:57,1,2,3462,4043911786,47,2674561
2026-06-10 01:58:57,1,3,1327007782,1300,877835,18
2026-06-10 01:59:00,1,1,3462,627860,47,572
2026-06-10 01:59:00,1,2,3462,4043911786,47,2674561
2026-06-10 01:59:00,1,3,1327007782,1300,877835,18
2026-06-10 01:59:03,1,1,3462,627860,47,572
2026-06-10 01:59:03,1,2,3462,4043911786,47,2674561
2026-06-10 01:59:03,1,3,1327007782,1300,877835,18
2026-06-10 01:59:06,1,1,3462,627860,47,572
2026-06-10 01:59:06,1,2,3462,4043911786,47,2674561
2026-06-10 01:59:06,1,3,1327007782,1300,877835,18
2026-06-10 01:59:09,1,1,3462,627860,47,572
2026-06-10 01:59:09,1,2,3462,4043911786,47,2674561
2026-06-10 01:59:09,1,3,1327007782,1300,877835,18
2026-06-10 01:59:12,1,1,3462,627860,47,572
2026-06-10 01:59:12,1,2,3462,4043911786,47,2674561
2026-06-10 01:59:12,1,3,1327007782,1300,877835,18
2026-06-10 01:59:15,1,1,3462,627860,47,572
2026-06-10 01:59:15,1,2,3462,4043911786,47,2674561
2026-06-10 01:59:15,1,3,1327007782,1300,877835,18
2026-06-10 01:59:18,1,1,3462,627860,47,572
2026-06-10 01:59:18,1,2,3462,4043911786,47,2674561
2026-06-10 01:59:18,1,3,1327007782,1300,877835,18
2026-06-10 01:59:21,1,1,3462,627860,47,572
2026-06-10 01:59:21,1,2,3462,4043911786,47,2674561
2026-06-10 01:59:21,1,3,1327007782,1300,877835,18
2026-06-10 01:59:24,1,1,3462,627860,47,572
2026-06-10 01:59:24,1,2,3462,4043911786,47,2674561
2026-06-10 01:59:24,1,3,1327007782,1300,877835,18
2026-06-10 01:59:27,1,1,3462,627860,47,572
2026-06-10 01:59:27,1,2,3462,4043911786,47,2674561
2026-06-10 01:59:27,1,3,1327007782,1300,877835,18
2026-06-10 01:59:30,1,1,3462,627860,47,572
2026-06-10 01:59:30,1,2,3462,4043911786,47,2674561
2026-06-10 01:59:30,1,3,1327007782,1300,877835,18
2026-06-10 01:59:33,1,1,3462,627860,47,572
2026-06-10 01:59:33,1,2,3462,4043911786,47,2674561
2026-06-10 01:59:33,1,3,1327007782,1300,877835,18
2026-06-10 01:59:36,1,1,3462,627860,47,572
2026-06-10 01:59:36,1,2,3462,4043911786,47,2674561
2026-06-10 01:59:36,1,3,1327007782,1300,877835,18
2026-06-10 01:59:39,1,1,3462,627860,47,572
2026-06-10 01:59:39,1,2,3462,4043911786,47,2674561
2026-06-10 01:59:39,1,3,1327007782,1300,877835,18
2026-06-10 01:59:42,1,1,3462,627860,47,572
2026-06-10 01:59:42,1,2,3462,4043911786,47,2674561
2026-06-10 01:59:42,1,3,1327007782,1300,877835,18
2026-06-10 01:59:45,1,1,3462,627860,47,572
2026-06-10 01:59:45,1,2,3462,4043911786,47,2674561
2026-06-10 01:59:45,1,3,1327007782,1300,877835,18
2026-06-10 01:59:48,1,1,3462,627860,47,572
2026-06-10 01:59:48,1,2,3462,4043911786,47,2674561
2026-06-10 01:59:48,1,3,1327007782,1300,877835,18
2026-06-10 01:59:51,1,1,3462,627860,47,572
2026-06-10 01:59:51,1,2,3462,4043911786,47,2674561
2026-06-10 01:59:51,1,3,1327007782,1300,877835,18
2026-06-10 01:59:54,1,1,3462,627860,47,572
2026-06-10 01:59:54,1,2,3462,4043911786,47,2674561
2026-06-10 01:59:54,1,3,1327007782,1300,877835,18
2026-06-10 01:59:57,1,1,3462,627860,47,572
2026-06-10 01:59:57,1,2,3462,4043911786,47,2674561
2026-06-10 01:59:57,1,3,1327007782,1300,877835,18
2026-06-10 02:00:00,1,1,3462,627860,47,572
2026-06-10 02:00:00,1,2,3462,4043911786,47,2674561
2026-06-10 02:00:00,1,3,1327007782,1300,877835,18
2026-06-10 02:00:03,1,1,3462,627860,47,572
2026-06-10 02:00:03,1,2,3462,4043911786,47,2674561
2026-06-10 02:00:03,1,3,1327007782,1300,877835,18
2026-06-10 02:00:06,1,1,3462,627860,47,572
2026-06-10 02:00:06,1,2,3462,4043911786,47,2674561
2026-06-10 02:00:06,1,3,1327007782,1300,877835,18
2026-06-10 02:00:09,1,1,3462,627860,47,572
2026-06-10 02:00:09,1,2,3462,4043911786,47,2674561
2026-06-10 02:00:09,1,3,1327007782,1300,877835,18
2026-06-10 02:00:12,1,1,3462,627860,47,572
2026-06-10 02:00:12,1,2,3462,4043911786,47,2674561
2026-06-10 02:00:12,1,3,1327007782,1300,877835,18
2026-06-10 02:00:15,1,1,3462,627860,47,572
2026-06-10 02:00:15,1,2,3462,4043911786,47,2674561
2026-06-10 02:00:15,1,3,1327007782,1300,877835,18
2026-06-10 02:00:18,1,1,3462,627860,47,572
2026-06-10 02:00:18,1,2,3462,4043911786,47,2674561
2026-06-10 02:00:18,1,3,1327007782,1300,877835,18
2026-06-10 02:00:21,1,1,3462,627860,47,572
2026-06-10 02:00:21,1,2,3462,4043911786,47,2674561
2026-06-10 02:00:21,1,3,1327007782,1300,877835,18
2026-06-10 02:00:24,1,1,3462,627860,47,572
2026-06-10 02:00:24,1,2,3462,4043911786,47,2674561
2026-06-10 02:00:24,1,3,1327007782,1300,877835,18
2026-06-10 02:00:27,1,1,3462,627860,47,572
2026-06-10 02:00:27,1,2,3462,4043911786,47,2674561
2026-06-10 02:00:27,1,3,1327007782,1300,877835,18
2026-06-10 02:00:30,1,1,3462,627860,47,572
2026-06-10 02:00:30,1,2,3462,4043911786,47,2674561
2026-06-10 02:00:30,1,3,1327007782,1300,877835,18
2026-06-10 02:00:33,1,1,3462,627860,47,572
2026-06-10 02:00:33,1,2,3462,4043911786,47,2674561
2026-06-10 02:00:33,1,3,1327007782,1300,877835,18
2026-06-10 02:00:36,1,1,3462,627860,47,572
2026-06-10 02:00:36,1,2,3462,4043911786,47,2674561
2026-06-10 02:00:36,1,3,1327007782,1300,877835,18
2026-06-10 02:00:39,1,1,3462,627860,47,572
2026-06-10 02:00:39,1,2,3462,4043911786,47,2674561
2026-06-10 02:00:39,1,3,1327007782,1300,877835,18
2026-06-10 02:00:42,1,1,3462,627860,47,572
2026-06-10 02:00:42,1,2,3462,4043911786,47,2674561
2026-06-10 02:00:42,1,3,1327007782,1300,877835,18
2026-06-10 02:00:45,1,1,3462,627860,47,572
2026-06-10 02:00:45,1,2,3462,4043911786,47,2674561
2026-06-10 02:00:45,1,3,1327007782,1300,877835,18
2026-06-10 02:00:48,1,1,3462,627860,47,572
2026-06-10 02:00:48,1,2,3462,4043911786,47,2674561
2026-06-10 02:00:48,1,3,1327007782,1300,877835,18
2026-06-10 02:00:51,1,1,3462,627860,47,572
2026-06-10 02:00:51,1,2,3462,4043911786,47,2674561
2026-06-10 02:00:51,1,3,1327007782,1300,877835,18
2026-06-10 02:00:54,1,1,3462,627860,47,572
2026-06-10 02:00:54,1,2,3462,4043911786,47,2674561
2026-06-10 02:00:54,1,3,1327007782,1300,877835,18
2026-06-10 02:00:57,1,1,3462,627860,47,572
2026-06-10 02:00:57,1,2,3462,4043911786,47,2674561
2026-06-10 02:00:57,1,3,1327007782,1300,877835,18
2026-06-10 02:01:00,1,1,3462,627860,47,572
2026-06-10 02:01:00,1,2,3462,4043911786,47,2674561
2026-06-10 02:01:00,1,3,1327007782,1300,877835,18
2026-06-10 02:01:03,1,1,3462,627860,47,572
2026-06-10 02:01:03,1,2,3462,4043911786,47,2674561
2026-06-10 02:01:03,1,3,1327007782,1300,877835,18
2026-06-10 02:01:06,1,1,3462,627860,47,572
2026-06-10 02:01:06,1,2,3462,4043911786,47,2674561
2026-06-10 02:01:06,1,3,1327007782,1300,877835,18
2026-06-10 02:01:09,1,1,3462,627860,47,572
2026-06-10 02:01:09,1,2,3462,4043911786,47,2674561
2026-06-10 02:01:09,1,3,1327007782,1300,877835,18
2026-06-10 02:01:12,1,1,3462,627860,47,572
2026-06-10 02:01:12,1,2,3462,4043911786,47,2674561
2026-06-10 02:01:12,1,3,1327007782,1300,877835,18
2026-06-10 02:01:15,1,1,3462,627860,47,572
2026-06-10 02:01:15,1,2,3462,4043911786,47,2674561
2026-06-10 02:01:15,1,3,1327007782,1300,877835,18
2026-06-10 02:01:18,1,1,3462,627860,47,572
2026-06-10 02:01:18,1,2,3462,4043911786,47,2674561
2026-06-10 02:01:18,1,3,1327007782,1300,877835,18
2026-06-10 02:01:21,1,1,3462,627860,47,572
2026-06-10 02:01:21,1,2,3462,4043911786,47,2674561
2026-06-10 02:01:21,1,3,1327007782,1300,877835,18
2026-06-10 02:01:24,1,1,3462,627860,47,572
2026-06-10 02:01:24,1,2,3462,4043911786,47,2674561
2026-06-10 02:01:24,1,3,1327007782,1300,877835,18
2026-06-10 02:01:27,1,1,3462,627860,47,572
2026-06-10 02:01:27,1,2,3462,4043911786,47,2674561
2026-06-10 02:01:27,1,3,1327007782,1300,877835,18
2026-06-10 02:01:30,1,1,3462,627860,47,572
2026-06-10 02:01:30,1,2,3462,4043911786,47,2674561
2026-06-10 02:01:30,1,3,1327007782,1300,877835,18
2026-06-10 02:01:33,1,1,3462,627860,47,572
2026-06-10 02:01:33,1,2,3462,4043911786,47,2674561
2026-06-10 02:01:33,1,3,1327007782,1300,877835,18
2026-06-10 02:01:36,1,1,3462,627860,47,572
2026-06-10 02:01:36,1,2,3462,4043911786,47,2674561
2026-06-10 02:01:36,1,3,1327007782,1300,877835,18
2026-06-10 02:01:39,1,1,3462,627860,47,572
2026-06-10 02:01:39,1,2,3462,4043911786,47,2674561
2026-06-10 02:01:39,1,3,1327007782,1300,877835,18
2026-06-10 02:01:42,1,1,3462,627860,47,572
2026-06-10 02:01:42,1,2,3462,4043911786,47,2674561
2026-06-10 02:01:42,1,3,1327007782,1300,877835,18
2026-06-10 02:01:45,1,1,3462,627860,47,572
2026-06-10 02:01:45,1,2,3462,4043911786,47,2674561
2026-06-10 02:01:45,1,3,1327007782,1300,877835,18
2026-06-10 02:01:48,1,1,3462,627860,47,572
2026-06-10 02:01:48,1,2,3462,4043911786,47,2674561
2026-06-10 02:01:48,1,3,1327007782,1300,877835,18
2026-06-10 02:01:51,1,1,3462,627860,47,572
2026-06-10 02:01:51,1,2,3462,4043911786,47,2674561
2026-06-10 02:01:51,1,3,1327007782,1300,877835,18
2026-06-10 02:01:54,1,1,3462,627860,47,572
2026-06-10 02:01:54,1,2,3462,4043911786,47,2674561
2026-06-10 02:01:54,1,3,1327007782,1300,877835,18
2026-06-10 02:01:57,1,1,3462,627860,47,572
2026-06-10 02:01:57,1,2,3462,4043911786,47,2674561
2026-06-10 02:01:57,1,3,1327007782,1300,877835,18
2026-06-10 02:02:00,1,1,3462,627860,47,572
2026-06-10 02:02:00,1,2,3462,4043911786,47,2674561
2026-06-10 02:02:00,1,3,1327007782,1300,877835,18
2026-06-10 02:02:03,1,1,3462,627860,47,572
2026-06-10 02:02:03,1,2,3462,4043911786,47,2674561
2026-06-10 02:02:03,1,3,1327007782,1300,877835,18
2026-06-10 02:02:06,1,1,3462,627860,47,572
2026-06-10 02:02:06,1,2,3462,4043911786,47,2674561
2026-06-10 02:02:06,1,3,1327007782,1300,877835,18
2026-06-10 02:02:09,1,1,3462,627860,47,572
2026-06-10 02:02:09,1,2,3462,4043911786,47,2674561
2026-06-10 02:02:09,1,3,1327007782,1300,877835,18
2026-06-10 02:02:12,1,1,3462,627860,47,572
2026-06-10 02:02:12,1,2,3462,4043911786,47,2674561
2026-06-10 02:02:12,1,3,1327007782,1300,877835,18
2026-06-10 02:02:15,1,1,3462,627860,47,572
2026-06-10 02:02:15,1,2,3462,4043911786,47,2674561
2026-06-10 02:02:15,1,3,1327007782,1300,877835,18
2026-06-10 02:02:18,1,1,3462,627860,47,572
2026-06-10 02:02:18,1,2,3462,4043911786,47,2674561
2026-06-10 02:02:18,1,3,1327007782,1300,877835,18
2026-06-10 02:02:21,1,1,3462,627860,47,572
2026-06-10 02:02:21,1,2,3462,4043911786,47,2674561
2026-06-10 02:02:21,1,3,1327007782,1300,877835,18
2026-06-10 02:02:24,1,1,3462,627860,47,572
2026-06-10 02:02:24,1,2,3462,4043911786,47,2674561
2026-06-10 02:02:24,1,3,1327007782,1300,877835,18
2026-06-10 02:02:27,1,1,3462,627860,47,572
2026-06-10 02:02:27,1,2,3462,4043911786,47,2674561
2026-06-10 02:02:27,1,3,1327007782,1300,877835,18
2026-06-10 02:02:30,1,1,3462,627860,47,572
2026-06-10 02:02:30,1,2,3462,4043911786,47,2674561
2026-06-10 02:02:30,1,3,1327007782,1300,877835,18
2026-06-10 02:02:33,1,1,3462,627860,47,572
2026-06-10 02:02:33,1,2,3462,4043911786,47,2674561
2026-06-10 02:02:33,1,3,1327007782,1300,877835,18
2026-06-10 02:02:36,1,1,3462,627860,47,572
2026-06-10 02:02:36,1,2,3462,4043911786,47,2674561
2026-06-10 02:02:36,1,3,1327007782,1300,877835,18
2026-06-10 02:02:39,1,1,3462,627860,47,572
2026-06-10 02:02:39,1,2,3462,4043911786,47,2674561
2026-06-10 02:02:39,1,3,1327007782,1300,877835,18
2026-06-10 02:02:42,1,1,3462,627860,47,572
2026-06-10 02:02:42,1,2,3462,4043911786,47,2674561
2026-06-10 02:02:42,1,3,1327007782,1300,877835,18
2026-06-10 02:02:45,1,1,3462,627860,47,572
2026-06-10 02:02:45,1,2,3462,4043911786,47,2674561
2026-06-10 02:02:45,1,3,1327007782,1300,877835,18
2026-06-10 02:02:48,1,1,3462,627860,47,572
2026-06-10 02:02:48,1,2,3462,4043911786,47,2674561
2026-06-10 02:02:48,1,3,1327007782,1300,877835,18
2026-06-10 02:02:51,1,1,3462,627860,47,572
2026-06-10 02:02:51,1,2,3462,4043911786,47,2674561
2026-06-10 02:02:51,1,3,1327007782,1300,877835,18
2026-06-10 02:02:54,1,1,3462,627860,47,572
2026-06-10 02:02:54,1,2,3462,4043911786,47,2674561
2026-06-10 02:02:54,1,3,1327007782,1300,877835,18
2026-06-10 02:02:57,1,1,3462,627860,47,572
2026-06-10 02:02:57,1,2,3462,4043911786,47,2674561
2026-06-10 02:02:57,1,3,1327007782,1300,877835,18
2026-06-10 02:03:00,1,1,3462,627860,47,572
2026-06-10 02:03:00,1,2,3462,4043911786,47,2674561
2026-06-10 02:03:00,1,3,1327007782,1300,877835,18
2026-06-10 02:03:03,1,1,3462,627860,47,572
2026-06-10 02:03:03,1,2,3462,4043911786,47,2674561
2026-06-10 02:03:03,1,3,1327007782,1300,877835,18
2026-06-10 02:03:06,1,1,3462,627860,47,572
2026-06-10 02:03:06,1,2,3462,4043911786,47,2674561
2026-06-10 02:03:06,1,3,1327007782,1300,877835,18
2026-06-10 02:03:09,1,1,3462,627860,47,572
2026-06-10 02:03:09,1,2,3462,4043911786,47,2674561
2026-06-10 02:03:09,1,3,1327007782,1300,877835,18
2026-06-10 02:03:12,1,1,3462,627860,47,572
2026-06-10 02:03:12,1,2,3462,4043911786,47,2674561
2026-06-10 02:03:12,1,3,1327007782,1300,877835,18
2026-06-10 02:03:15,1,1,3462,627860,47,572
2026-06-10 02:03:15,1,2,3462,4043911786,47,2674561
2026-06-10 02:03:15,1,3,1327007782,1300,877835,18
2026-06-10 02:03:18,1,1,3462,627860,47,572
2026-06-10 02:03:18,1,2,3462,4043911786,47,2674561
2026-06-10 02:03:18,1,3,1327007782,1300,877835,18
2026-06-10 02:03:21,1,1,3462,627860,47,572
2026-06-10 02:03:21,1,2,3462,4043911786,47,2674561
2026-06-10 02:03:21,1,3,1327007782,1300,877835,18
2026-06-10 02:03:24,1,1,3462,627860,47,572
2026-06-10 02:03:24,1,2,3462,4043911786,47,2674561
2026-06-10 02:03:24,1,3,1327007782,1300,877835,18
2026-06-10 02:03:27,1,1,3462,627860,47,572
2026-06-10 02:03:27,1,2,3462,4043911786,47,2674561
2026-06-10 02:03:27,1,3,1327007782,1300,877835,18
2026-06-10 02:03:30,1,1,3462,627860,47,572
2026-06-10 02:03:30,1,2,3462,4043911786,47,2674561
2026-06-10 02:03:30,1,3,1327007782,1300,877835,18
2026-06-10 02:03:33,1,1,3462,627860,47,572
2026-06-10 02:03:33,1,2,3462,4043911786,47,2674561
2026-06-10 02:03:33,1,3,1327007782,1300,877835,18
2026-06-10 02:03:36,1,1,3462,627860,47,572
2026-06-10 02:03:36,1,2,3462,4043911786,47,2674561
2026-06-10 02:03:36,1,3,1327007782,1300,877835,18
2026-06-10 02:03:39,1,1,3462,627860,47,572
2026-06-10 02:03:39,1,2,3462,4043911786,47,2674561
2026-06-10 02:03:39,1,3,1327007782,1300,877835,18
2026-06-10 02:03:42,1,1,3462,627860,47,572
2026-06-10 02:03:42,1,2,3462,4043911786,47,2674561
2026-06-10 02:03:42,1,3,1327007782,1300,877835,18
2026-06-10 02:03:45,1,1,3462,627860,47,572
2026-06-10 02:03:45,1,2,3462,4043911786,47,2674561
2026-06-10 02:03:45,1,3,1327007782,1300,877835,18
2026-06-10 02:03:48,1,1,3532,627860,48,572
2026-06-10 02:03:48,1,2,3462,4043911786,47,2674561
2026-06-10 02:03:48,1,3,1327007782,1300,877835,18
2026-06-10 02:03:51,1,1,3532,627860,48,572
2026-06-10 02:03:51,1,2,3462,4043911786,47,2674561
2026-06-10 02:03:51,1,3,1327007782,1300,877835,18
2026-06-10 02:03:54,1,1,3532,627860,48,572
2026-06-10 02:03:54,1,2,3462,4043911786,47,2674561
2026-06-10 02:03:54,1,3,1327007782,1300,877835,18
2026-06-10 02:03:57,1,1,3532,627860,48,572
2026-06-10 02:03:57,1,2,3462,4043911786,47,2674561
2026-06-10 02:03:57,1,3,1327007782,1300,877835,18
2026-06-10 02:04:00,1,1,3532,627860,48,572
2026-06-10 02:04:00,1,2,3462,4043911786,47,2674561
2026-06-10 02:04:00,1,3,1327007782,1300,877835,18
2026-06-10 02:04:03,1,1,3532,627860,48,572
2026-06-10 02:04:03,1,2,3462,4043911786,47,2674561
2026-06-10 02:04:03,1,3,1327007782,1300,877835,18
2026-06-10 02:04:06,1,1,3532,627860,48,572
2026-06-10 02:04:06,1,2,3462,4043911786,47,2674561
2026-06-10 02:04:06,1,3,1327007782,1300,877835,18
2026-06-10 02:04:09,1,1,3532,627860,48,572
2026-06-10 02:04:09,1,2,3462,4043911786,47,2674561
2026-06-10 02:04:09,1,3,1327007782,1300,877835,18
2026-06-10 02:04:12,1,1,3532,627860,48,572
2026-06-10 02:04:12,1,2,3462,4043911786,47,2674561
2026-06-10 02:04:12,1,3,1327007782,1300,877835,18
2026-06-10 02:04:15,1,1,3532,627860,48,572
2026-06-10 02:04:15,1,2,3462,4043911786,47,2674561
2026-06-10 02:04:15,1,3,1327007782,1300,877835,18
2026-06-10 02:04:18,1,1,3532,627860,48,572
2026-06-10 02:04:18,1,2,3462,4043911786,47,2674561
2026-06-10 02:04:18,1,3,1327007782,1300,877835,18
2026-06-10 02:04:21,1,1,3532,627860,48,572
2026-06-10 02:04:21,1,2,3462,4043911786,47,2674561
2026-06-10 02:04:21,1,3,1327007782,1300,877835,18
2026-06-10 02:04:24,1,1,3532,627860,48,572
2026-06-10 02:04:24,1,2,3462,4043911786,47,2674561
2026-06-10 02:04:24,1,3,1327007782,1300,877835,18
2026-06-10 02:04:27,1,1,3532,627860,48,572
2026-06-10 02:04:27,1,2,3462,4043911786,47,2674561
2026-06-10 02:04:27,1,3,1327007782,1300,877835,18
2026-06-10 02:04:30,1,1,3532,627860,48,572
2026-06-10 02:04:30,1,2,3462,4043911786,47,2674561
2026-06-10 02:04:30,1,3,1327007782,1300,877835,18
2026-06-10 02:04:33,1,1,3532,627860,48,572
2026-06-10 02:04:33,1,2,3462,4043911786,47,2674561
2026-06-10 02:04:33,1,3,1327007782,1300,877835,18
2026-06-10 02:04:36,1,1,3532,627860,48,572
2026-06-10 02:04:36,1,2,3462,4043911786,47,2674561
2026-06-10 02:04:36,1,3,1327007782,1300,877835,18
2026-06-10 02:04:39,1,1,3532,627860,48,572
2026-06-10 02:04:39,1,2,3462,4043911786,47,2674561
2026-06-10 02:04:39,1,3,1327007782,1300,877835,18
2026-06-10 02:04:42,1,1,3532,627860,48,572
2026-06-10 02:04:42,1,2,3462,4043911786,47,2674561
2026-06-10 02:04:42,1,3,1327007782,1300,877835,18
2026-06-10 02:04:45,1,1,3532,627860,48,572
2026-06-10 02:04:45,1,2,3462,4043911786,47,2674561
2026-06-10 02:04:45,1,3,1327007782,1300,877835,18
2026-06-10 02:04:48,1,1,3532,627860,48,572
2026-06-10 02:04:48,1,2,3462,4043911786,47,2674561
2026-06-10 02:04:48,1,3,1327007782,1300,877835,18
2026-06-10 02:04:51,1,1,3532,627860,48,572
2026-06-10 02:04:51,1,2,3462,4043911786,47,2674561
2026-06-10 02:04:51,1,3,1327007782,1300,877835,18
2026-06-10 02:04:54,1,1,3532,627860,48,572
2026-06-10 02:04:54,1,2,3462,4043911786,47,2674561
2026-06-10 02:04:54,1,3,1327007782,1300,877835,18
2026-06-10 02:04:57,1,1,3532,627860,48,572
2026-06-10 02:04:57,1,2,3462,4043911786,47,2674561
2026-06-10 02:04:57,1,3,1327007782,1300,877835,18
2026-06-10 02:05:00,1,1,3532,627860,48,572
2026-06-10 02:05:00,1,2,3462,4043911786,47,2674561
2026-06-10 02:05:00,1,3,1327007782,1300,877835,18
2026-06-10 02:05:03,1,1,3532,627860,48,572
2026-06-10 02:05:03,1,2,3462,4043911786,47,2674561
2026-06-10 02:05:03,1,3,1327007782,1300,877835,18
2026-06-10 02:05:06,1,1,3532,627860,48,572
2026-06-10 02:05:06,1,2,3462,4043911786,47,2674561
2026-06-10 02:05:06,1,3,1327007782,1300,877835,18
2026-06-10 02:05:09,1,1,3532,627860,48,572
2026-06-10 02:05:09,1,2,3462,4043911786,47,2674561
2026-06-10 02:05:09,1,3,1327007782,1300,877835,18
2026-06-10 02:05:12,1,1,3532,627860,48,572
2026-06-10 02:05:12,1,2,3462,4043911786,47,2674561
2026-06-10 02:05:12,1,3,1327007782,1300,877835,18
2026-06-10 02:05:15,1,1,3532,627860,48,572
2026-06-10 02:05:15,1,2,3462,4043911786,47,2674561
2026-06-10 02:05:15,1,3,1327007782,1300,877835,18
2026-06-10 02:05:18,1,1,3532,627860,48,572
2026-06-10 02:05:18,1,2,3462,4043911786,47,2674561
2026-06-10 02:05:18,1,3,1327007782,1300,877835,18
2026-06-10 02:05:21,1,1,3532,627860,48,572
2026-06-10 02:05:21,1,2,3462,4043911786,47,2674561
2026-06-10 02:05:21,1,3,1327007782,1300,877835,18
2026-06-10 02:05:24,1,1,3532,627860,48,572
2026-06-10 02:05:24,1,2,3462,4043911786,47,2674561
2026-06-10 02:05:24,1,3,1327007782,1300,877835,18
2026-06-10 02:05:27,1,1,3532,627860,48,572
2026-06-10 02:05:27,1,2,3462,4043911786,47,2674561
2026-06-10 02:05:27,1,3,1327007782,1300,877835,18
2026-06-10 02:05:30,1,1,3532,627860,48,572
2026-06-10 02:05:30,1,2,3462,4043911786,47,2674561
2026-06-10 02:05:30,1,3,1327007782,1300,877835,18
2026-06-10 02:05:33,1,1,3532,627860,48,572
2026-06-10 02:05:33,1,2,3462,4043911786,47,2674561
2026-06-10 02:05:33,1,3,1327007782,1300,877835,18
2026-06-10 02:05:36,1,1,3532,627860,48,572
2026-06-10 02:05:36,1,2,3462,4043911786,47,2674561
2026-06-10 02:05:36,1,3,1327007782,1300,877835,18
2026-06-10 02:05:39,1,1,3532,627860,48,572
2026-06-10 02:05:39,1,2,3462,4043911786,47,2674561
2026-06-10 02:05:39,1,3,1327007782,1300,877835,18
2026-06-10 02:05:42,1,1,3532,627860,48,572
2026-06-10 02:05:42,1,2,3462,4043911786,47,2674561
2026-06-10 02:05:42,1,3,1327007782,1300,877835,18
2026-06-10 02:05:45,1,1,3532,627860,48,572
2026-06-10 02:05:45,1,2,3462,4043911786,47,2674561
2026-06-10 02:05:45,1,3,1327007782,1300,877835,18
2026-06-10 02:05:48,1,1,3532,627860,48,572
2026-06-10 02:05:48,1,2,3462,4043911786,47,2674561
2026-06-10 02:05:48,1,3,1327007782,1300,877835,18
2026-06-10 02:05:51,1,1,3532,627860,48,572
2026-06-10 02:05:51,1,2,3462,4043911786,47,2674561
2026-06-10 02:05:51,1,3,1327007782,1300,877835,18
2026-06-10 02:05:54,1,1,3532,627860,48,572
2026-06-10 02:05:54,1,2,3462,4043911786,47,2674561
2026-06-10 02:05:54,1,3,1327007782,1300,877835,18
2026-06-10 02:05:57,1,1,3532,627860,48,572
2026-06-10 02:05:57,1,2,3462,4043911786,47,2674561
2026-06-10 02:05:57,1,3,1327007782,1300,877835,18
2026-06-10 02:06:00,1,1,3532,627860,48,572
2026-06-10 02:06:00,1,2,3462,4043911786,47,2674561
2026-06-10 02:06:00,1,3,1327007782,1300,877835,18
2026-06-10 02:06:03,1,1,3532,627860,48,572
2026-06-10 02:06:03,1,2,3462,4043911786,47,2674561
2026-06-10 02:06:03,1,3,1327007782,1300,877835,18
2026-06-10 02:06:06,1,1,3532,627860,48,572
2026-06-10 02:06:06,1,2,3462,4043911786,47,2674561
2026-06-10 02:06:06,1,3,1327007782,1300,877835,18
2026-06-10 02:06:09,1,1,3532,627860,48,572
2026-06-10 02:06:09,1,2,3462,4043911786,47,2674561
2026-06-10 02:06:09,1,3,1327007782,1300,877835,18
2026-06-10 02:06:12,1,1,3532,627860,48,572
2026-06-10 02:06:12,1,2,3462,4043911786,47,2674561
2026-06-10 02:06:12,1,3,1327007782,1300,877835,18
2026-06-10 02:06:15,1,1,3532,627860,48,572
2026-06-10 02:06:15,1,2,3462,4043911786,47,2674561
2026-06-10 02:06:15,1,3,1327007782,1300,877835,18
2026-06-10 02:06:18,1,1,3532,627860,48,572
2026-06-10 02:06:18,1,2,3462,4043911786,47,2674561
2026-06-10 02:06:18,1,3,1327007782,1300,877835,18
2026-06-10 02:06:21,1,1,3532,627860,48,572
2026-06-10 02:06:21,1,2,3462,4043911786,47,2674561
2026-06-10 02:06:21,1,3,1327007782,1300,877835,18
2026-06-10 02:06:24,1,1,3532,627860,48,572
2026-06-10 02:06:24,1,2,3462,4043911786,47,2674561
2026-06-10 02:06:24,1,3,1327007782,1300,877835,18
2026-06-10 02:06:27,1,1,3532,627860,48,572
2026-06-10 02:06:27,1,2,3462,4043911786,47,2674561
2026-06-10 02:06:27,1,3,1327007782,1300,877835,18
2026-06-10 02:06:30,1,1,3532,627860,48,572
2026-06-10 02:06:30,1,2,3462,4043911786,47,2674561
2026-06-10 02:06:30,1,3,1327007782,1300,877835,18
2026-06-10 02:06:33,1,1,3532,627860,48,572
2026-06-10 02:06:33,1,2,3462,4043911786,47,2674561
2026-06-10 02:06:33,1,3,1327007782,1300,877835,18
2026-06-10 02:06:36,1,1,3532,627860,48,572
2026-06-10 02:06:36,1,2,3462,4043911786,47,2674561
2026-06-10 02:06:36,1,3,1327007782,1300,877835,18
2026-06-10 02:06:39,1,1,3532,627860,48,572
2026-06-10 02:06:39,1,2,3462,4043911786,47,2674561
2026-06-10 02:06:39,1,3,1327007782,1300,877835,18
2026-06-10 02:06:42,1,1,3532,627860,48,572
2026-06-10 02:06:42,1,2,3462,4043911786,47,2674561
2026-06-10 02:06:42,1,3,1327007782,1300,877835,18
2026-06-10 02:06:45,1,1,3532,627860,48,572
2026-06-10 02:06:45,1,2,3462,4043911786,47,2674561
2026-06-10 02:06:45,1,3,1327007782,1300,877835,18
2026-06-10 02:06:48,1,1,3532,627860,48,572
2026-06-10 02:06:48,1,2,3462,4043911786,47,2674561
2026-06-10 02:06:48,1,3,1327007782,1300,877835,18
2026-06-10 02:06:51,1,1,3532,627860,48,572
2026-06-10 02:06:51,1,2,3462,4043911786,47,2674561
2026-06-10 02:06:51,1,3,1327007782,1300,877835,18
2026-06-10 02:06:54,1,1,3532,627860,48,572
2026-06-10 02:06:54,1,2,3462,4043911786,47,2674561
2026-06-10 02:06:54,1,3,1327007782,1300,877835,18
2026-06-10 02:06:57,1,1,3532,627860,48,572
2026-06-10 02:06:57,1,2,3462,4043911786,47,2674561
2026-06-10 02:06:57,1,3,1327007782,1300,877835,18
2026-06-10 02:07:00,1,1,3532,627860,48,572
2026-06-10 02:07:00,1,2,3462,4043911786,47,2674561
2026-06-10 02:07:00,1,3,1327007782,1300,877835,18
2026-06-10 02:07:03,1,1,3532,627860,48,572
2026-06-10 02:07:03,1,2,3462,4043911786,47,2674561
2026-06-10 02:07:03,1,3,1327007782,1300,877835,18
2026-06-10 02:07:06,1,1,3532,627860,48,572
2026-06-10 02:07:06,1,2,3462,4043911786,47,2674561
2026-06-10 02:07:06,1,3,1327007782,1300,877835,18
2026-06-10 02:07:09,1,1,3532,627860,48,572
2026-06-10 02:07:09,1,2,3462,4043911786,47,2674561
2026-06-10 02:07:09,1,3,1327007782,1300,877835,18
2026-06-10 02:07:12,1,1,3532,627860,48,572
2026-06-10 02:07:12,1,2,3462,4043911786,47,2674561
2026-06-10 02:07:12,1,3,1327007782,1300,877835,18
2026-06-10 02:07:15,1,1,3532,627860,48,572
2026-06-10 02:07:15,1,2,3462,4043911786,47,2674561
2026-06-10 02:07:15,1,3,1327007782,1300,877835,18
2026-06-10 02:07:18,1,1,3532,627860,48,572
2026-06-10 02:07:18,1,2,3462,4043911786,47,2674561
2026-06-10 02:07:18,1,3,1327007782,1300,877835,18
2026-06-10 02:07:21,1,1,3532,627860,48,572
2026-06-10 02:07:21,1,2,3462,4043911786,47,2674561
2026-06-10 02:07:21,1,3,1327007782,1300,877835,18
2026-06-10 02:07:24,1,1,3532,627860,48,572
2026-06-10 02:07:24,1,2,3462,4043911786,47,2674561
2026-06-10 02:07:24,1,3,1327007782,1300,877835,18
2026-06-10 02:07:27,1,1,3532,627860,48,572
2026-06-10 02:07:27,1,2,3462,4043911786,47,2674561
2026-06-10 02:07:27,1,3,1327007782,1300,877835,18
2026-06-10 02:07:30,1,1,3532,627860,48,572
2026-06-10 02:07:30,1,2,3462,4043911786,47,2674561
2026-06-10 02:07:30,1,3,1327007782,1300,877835,18
2026-06-10 02:07:33,1,1,3532,627860,48,572
2026-06-10 02:07:33,1,2,3462,4043911786,47,2674561
2026-06-10 02:07:33,1,3,1327007782,1300,877835,18
2026-06-10 02:07:36,1,1,3532,627860,48,572
2026-06-10 02:07:36,1,2,3462,4043911786,47,2674561
2026-06-10 02:07:36,1,3,1327007782,1300,877835,18
2026-06-10 02:07:39,1,1,3532,627860,48,572
2026-06-10 02:07:39,1,2,3462,4043911786,47,2674561
2026-06-10 02:07:39,1,3,1327007782,1300,877835,18
2026-06-10 02:07:42,1,1,3532,627860,48,572
2026-06-10 02:07:42,1,2,3462,4043911786,47,2674561
2026-06-10 02:07:42,1,3,1327007782,1300,877835,18
2026-06-10 02:07:45,1,1,3532,627860,48,572
2026-06-10 02:07:45,1,2,3462,4043911786,47,2674561
2026-06-10 02:07:45,1,3,1327007782,1300,877835,18
2026-06-10 02:07:48,1,1,3532,627860,48,572
2026-06-10 02:07:48,1,2,3462,4043911786,47,2674561
2026-06-10 02:07:48,1,3,1327007782,1300,877835,18
2026-06-10 02:07:51,1,1,3532,627860,48,572
2026-06-10 02:07:51,1,2,3462,4043911786,47,2674561
2026-06-10 02:07:51,1,3,1327007782,1300,877835,18
2026-06-10 02:07:54,1,1,3532,627860,48,572
2026-06-10 02:07:54,1,2,3462,4043911786,47,2674561
2026-06-10 02:07:54,1,3,1327007782,1300,877835,18
2026-06-10 02:07:57,1,1,3532,627860,48,572
2026-06-10 02:07:57,1,2,3462,4043911786,47,2674561
2026-06-10 02:07:57,1,3,1327007782,1300,877835,18
2026-06-10 02:08:00,1,1,3532,627860,48,572
2026-06-10 02:08:00,1,2,3462,4043911786,47,2674561
2026-06-10 02:08:00,1,3,1327007782,1300,877835,18
2026-06-10 02:08:03,1,1,3532,627860,48,572
2026-06-10 02:08:03,1,2,3462,4043911786,47,2674561
2026-06-10 02:08:03,1,3,1327007782,1300,877835,18
2026-06-10 02:08:06,1,1,3532,627860,48,572
2026-06-10 02:08:06,1,2,3462,4043911786,47,2674561
2026-06-10 02:08:06,1,3,1327007782,1300,877835,18
2026-06-10 02:08:09,1,1,3532,627860,48,572
2026-06-10 02:08:09,1,2,3462,4043911786,47,2674561
2026-06-10 02:08:09,1,3,1327007782,1300,877835,18
2026-06-10 02:08:12,1,1,3532,627860,48,572
2026-06-10 02:08:12,1,2,3462,4043911786,47,2674561
2026-06-10 02:08:12,1,3,1327007782,1300,877835,18
2026-06-10 02:08:15,1,1,3532,627860,48,572
2026-06-10 02:08:15,1,2,3462,4043911786,47,2674561
2026-06-10 02:08:15,1,3,1327007782,1300,877835,18
2026-06-10 02:08:18,1,1,3532,627860,48,572
2026-06-10 02:08:18,1,2,3462,4043911786,47,2674561
2026-06-10 02:08:18,1,3,1327007782,1300,877835,18
2026-06-10 02:08:21,1,1,3532,627860,48,572
2026-06-10 02:08:21,1,2,3462,4043911786,47,2674561
2026-06-10 02:08:21,1,3,1327007782,1300,877835,18
2026-06-10 02:08:24,1,1,3532,627860,48,572
2026-06-10 02:08:24,1,2,3462,4043911786,47,2674561
2026-06-10 02:08:24,1,3,1327007782,1300,877835,18
2026-06-10 02:08:27,1,1,3532,627860,48,572
2026-06-10 02:08:27,1,2,3462,4043911786,47,2674561
2026-06-10 02:08:27,1,3,1327007782,1300,877835,18
2026-06-10 02:08:30,1,1,3532,627860,48,572
2026-06-10 02:08:30,1,2,3462,4043911786,47,2674561
2026-06-10 02:08:30,1,3,1327007782,1300,877835,18
2026-06-10 02:08:33,1,1,3532,627860,48,572
2026-06-10 02:08:33,1,2,3462,4043911786,47,2674561
2026-06-10 02:08:33,1,3,1327007782,1300,877835,18
2026-06-10 02:08:36,1,1,3532,627860,48,572
2026-06-10 02:08:36,1,2,3462,4043911786,47,2674561
2026-06-10 02:08:36,1,3,1327007782,1300,877835,18
2026-06-10 02:08:39,1,1,3532,627860,48,572
2026-06-10 02:08:39,1,2,3462,4043911786,47,2674561
2026-06-10 02:08:39,1,3,1327007782,1300,877835,18
2026-06-10 02:08:42,1,1,3532,627860,48,572
2026-06-10 02:08:42,1,2,3462,4043911786,47,2674561
2026-06-10 02:08:42,1,3,1327007782,1300,877835,18
2026-06-10 02:08:45,1,1,3532,627860,48,572
2026-06-10 02:08:45,1,2,3462,4043911786,47,2674561
2026-06-10 02:08:45,1,3,1327007782,1300,877835,18
2026-06-10 02:08:48,1,1,3532,627860,48,572
2026-06-10 02:08:48,1,2,3462,4043911786,47,2674561
2026-06-10 02:08:48,1,3,1327007782,1300,877835,18
2026-06-10 02:08:51,1,1,3532,627860,48,572
2026-06-10 02:08:51,1,2,3462,4043911786,47,2674561
2026-06-10 02:08:51,1,3,1327007782,1300,877835,18
2026-06-10 02:08:54,1,1,3532,627860,48,572
2026-06-10 02:08:54,1,2,3462,4043911786,47,2674561
2026-06-10 02:08:54,1,3,1327007782,1300,877835,18
2026-06-10 02:08:57,1,1,3532,627860,48,572
2026-06-10 02:08:57,1,2,3462,4043911786,47,2674561
2026-06-10 02:08:57,1,3,1327007782,1300,877835,18
2026-06-10 02:09:00,1,1,3532,627860,48,572
2026-06-10 02:09:00,1,2,3462,4043911786,47,2674561
2026-06-10 02:09:00,1,3,1327007782,1300,877835,18
2026-06-10 02:09:03,1,1,3532,627860,48,572
2026-06-10 02:09:03,1,2,3462,4043911786,47,2674561
2026-06-10 02:09:03,1,3,1327007782,1300,877835,18
2026-06-10 02:09:06,1,1,3532,627860,48,572
2026-06-10 02:09:06,1,2,3462,4043911786,47,2674561
2026-06-10 02:09:06,1,3,1327007782,1300,877835,18
2026-06-10 02:09:09,1,1,3532,627860,48,572
2026-06-10 02:09:09,1,2,3462,4043911786,47,2674561
2026-06-10 02:09:09,1,3,1327007782,1300,877835,18
2026-06-10 02:09:12,1,1,3532,627860,48,572
2026-06-10 02:09:12,1,2,3462,4043911786,47,2674561
2026-06-10 02:09:12,1,3,1327007782,1300,877835,18
2026-06-10 02:09:15,1,1,3532,627860,48,572
2026-06-10 02:09:15,1,2,3462,4043911786,47,2674561
2026-06-10 02:09:15,1,3,1327007782,1300,877835,18
2026-06-10 02:09:18,1,1,3532,627860,48,572
2026-06-10 02:09:18,1,2,3462,4043911786,47,2674561
2026-06-10 02:09:18,1,3,1327007782,1300,877835,18
2026-06-10 02:09:21,1,1,3532,627860,48,572
2026-06-10 02:09:21,1,2,3462,4043911786,47,2674561
2026-06-10 02:09:21,1,3,1327007782,1300,877835,18
2026-06-10 02:09:24,1,1,3532,627860,48,572
2026-06-10 02:09:24,1,2,3462,4043911786,47,2674561
2026-06-10 02:09:24,1,3,1327007782,1300,877835,18
2026-06-10 02:09:27,1,1,3532,627860,48,572
2026-06-10 02:09:27,1,2,3462,4043911786,47,2674561
2026-06-10 02:09:27,1,3,1327007782,1300,877835,18
2026-06-10 02:09:30,1,1,3532,627860,48,572
2026-06-10 02:09:30,1,2,3462,4043911786,47,2674561
2026-06-10 02:09:30,1,3,1327007782,1300,877835,18
2026-06-10 02:09:33,1,1,3532,627860,48,572
2026-06-10 02:09:33,1,2,3462,4043911786,47,2674561
2026-06-10 02:09:33,1,3,1327007782,1300,877835,18
2026-06-10 02:09:36,1,1,3532,627860,48,572
2026-06-10 02:09:36,1,2,3462,4043911786,47,2674561
2026-06-10 02:09:36,1,3,1327007782,1300,877835,18
2026-06-10 02:09:39,1,1,3532,627860,48,572
2026-06-10 02:09:39,1,2,3462,4043911786,47,2674561
2026-06-10 02:09:39,1,3,1327007782,1300,877835,18
2026-06-10 02:09:42,1,1,3532,627860,48,572
2026-06-10 02:09:42,1,2,3462,4043911786,47,2674561
2026-06-10 02:09:42,1,3,1327007782,1300,877835,18
2026-06-10 02:09:45,1,1,3532,627860,48,572
2026-06-10 02:09:45,1,2,3462,4043911786,47,2674561
2026-06-10 02:09:45,1,3,1327007782,1300,877835,18
2026-06-10 02:09:48,1,1,3532,627860,48,572
2026-06-10 02:09:48,1,2,3462,4043911786,47,2674561
2026-06-10 02:09:48,1,3,1327007782,1300,877835,18
2026-06-10 02:09:51,1,1,3532,627860,48,572
2026-06-10 02:09:51,1,2,3462,4043911786,47,2674561
2026-06-10 02:09:51,1,3,1327007782,1300,877835,18
2026-06-10 02:09:54,1,1,3532,627860,48,572
2026-06-10 02:09:54,1,2,3462,4043911786,47,2674561
2026-06-10 02:09:54,1,3,1327007782,1300,877835,18
2026-06-10 02:09:57,1,1,3532,627860,48,572
2026-06-10 02:09:57,1,2,3462,4043911786,47,2674561
2026-06-10 02:09:57,1,3,1327007782,1300,877835,18
2026-06-10 02:10:00,1,1,3532,627860,48,572
2026-06-10 02:10:00,1,2,3462,4043911786,47,2674561
2026-06-10 02:10:00,1,3,1327007782,1300,877835,18
2026-06-10 02:10:03,1,1,3532,627860,48,572
2026-06-10 02:10:03,1,2,3462,4043911786,47,2674561
2026-06-10 02:10:03,1,3,1327007782,1300,877835,18
2026-06-10 02:10:06,1,1,3532,627860,48,572
2026-06-10 02:10:06,1,2,3462,4043911786,47,2674561
2026-06-10 02:10:06,1,3,1327007782,1300,877835,18
2026-06-10 02:10:09,1,1,3532,627860,48,572
2026-06-10 02:10:09,1,2,3462,4043911786,47,2674561
2026-06-10 02:10:09,1,3,1327007782,1300,877835,18
2026-06-10 02:10:12,1,1,3532,627860,48,572
2026-06-10 02:10:12,1,2,3462,4043911786,47,2674561
2026-06-10 02:10:12,1,3,1327007782,1300,877835,18
2026-06-10 02:10:15,1,1,3532,627860,48,572
2026-06-10 02:10:15,1,2,3462,4043911786,47,2674561
2026-06-10 02:10:15,1,3,1327007782,1300,877835,18
2026-06-10 02:10:18,1,1,3532,627860,48,572
2026-06-10 02:10:18,1,2,3462,4043911786,47,2674561
2026-06-10 02:10:18,1,3,1327007782,1300,877835,18
2026-06-10 02:10:21,1,1,3532,627860,48,572
2026-06-10 02:10:21,1,2,3462,4043911786,47,2674561
2026-06-10 02:10:21,1,3,1327007782,1300,877835,18
2026-06-10 02:10:24,1,1,3532,627860,48,572
2026-06-10 02:10:24,1,2,3462,4043911786,47,2674561
2026-06-10 02:10:24,1,3,1327007782,1300,877835,18
2026-06-10 02:10:27,1,1,3532,627860,48,572
2026-06-10 02:10:27,1,2,3462,4043911786,47,2674561
2026-06-10 02:10:27,1,3,1327007782,1300,877835,18
2026-06-10 02:10:30,1,1,3532,627860,48,572
2026-06-10 02:10:30,1,2,3462,4043911786,47,2674561
2026-06-10 02:10:30,1,3,1327007782,1300,877835,18
2026-06-10 02:10:33,1,1,3532,627860,48,572
2026-06-10 02:10:33,1,2,3462,4043911786,47,2674561
2026-06-10 02:10:33,1,3,1327007782,1300,877835,18
2026-06-10 02:10:36,1,1,3532,627860,48,572
2026-06-10 02:10:36,1,2,3462,4043911786,47,2674561
2026-06-10 02:10:36,1,3,1327007782,1300,877835,18
2026-06-10 02:10:39,1,1,3532,627860,48,572
2026-06-10 02:10:39,1,2,3462,4043911786,47,2674561
2026-06-10 02:10:39,1,3,1327007782,1300,877835,18
2026-06-10 02:10:42,1,1,3532,627860,48,572
2026-06-10 02:10:42,1,2,3462,4043911786,47,2674561
2026-06-10 02:10:42,1,3,1327007782,1300,877835,18
2026-06-10 02:10:45,1,1,3532,627860,48,572
2026-06-10 02:10:45,1,2,3462,4043911786,47,2674561
2026-06-10 02:10:45,1,3,1327007782,1300,877835,18
2026-06-10 02:10:48,1,1,3532,627860,48,572
2026-06-10 02:10:48,1,2,3462,4043911786,47,2674561
2026-06-10 02:10:48,1,3,1327007782,1300,877835,18
2026-06-10 02:10:51,1,1,3532,627860,48,572
2026-06-10 02:10:51,1,2,3462,4043911786,47,2674561
2026-06-10 02:10:51,1,3,1327007782,1300,877835,18
2026-06-10 02:10:54,1,1,3532,627860,48,572
2026-06-10 02:10:54,1,2,3462,4043911786,47,2674561
2026-06-10 02:10:54,1,3,1327007782,1300,877835,18
2026-06-10 02:10:57,1,1,3532,627860,48,572
2026-06-10 02:10:57,1,2,3462,4043911786,47,2674561
2026-06-10 02:10:57,1,3,1327007782,1300,877835,18
2026-06-10 02:11:00,1,1,3532,627860,48,572
2026-06-10 02:11:00,1,2,3462,4043911786,47,2674561
2026-06-10 02:11:00,1,3,1327007782,1300,877835,18
2026-06-10 02:11:03,1,1,3532,627860,48,572
2026-06-10 02:11:03,1,2,3462,4043911786,47,2674561
2026-06-10 02:11:03,1,3,1327007782,1300,877835,18
2026-06-10 02:11:06,1,1,3532,627860,48,572
2026-06-10 02:11:06,1,2,3462,4043911786,47,2674561
2026-06-10 02:11:06,1,3,1327007782,1300,877835,18
2026-06-10 02:11:09,1,1,3532,627860,48,572
2026-06-10 02:11:09,1,2,3462,4043911786,47,2674561
2026-06-10 02:11:09,1,3,1327007782,1300,877835,18
2026-06-10 02:11:12,1,1,3532,627860,48,572
2026-06-10 02:11:12,1,2,3462,4043911786,47,2674561
2026-06-10 02:11:12,1,3,1327007782,1300,877835,18
2026-06-10 02:11:15,1,1,3532,627860,48,572
2026-06-10 02:11:15,1,2,3462,4043911786,47,2674561
2026-06-10 02:11:15,1,3,1327007782,1300,877835,18
2026-06-10 02:11:18,1,1,3532,627860,48,572
2026-06-10 02:11:18,1,2,3462,4043911786,47,2674561
2026-06-10 02:11:18,1,3,1327007782,1300,877835,18
2026-06-10 02:11:21,1,1,3532,627860,48,572
2026-06-10 02:11:21,1,2,3462,4043911786,47,2674561
2026-06-10 02:11:21,1,3,1327007782,1300,877835,18
2026-06-10 02:11:24,1,1,3532,627860,48,572
2026-06-10 02:11:24,1,2,3462,4043911786,47,2674561
2026-06-10 02:11:24,1,3,1327007782,1300,877835,18
2026-06-10 02:11:27,1,1,3532,627860,48,572
2026-06-10 02:11:27,1,2,3462,4043911786,47,2674561
2026-06-10 02:11:27,1,3,1327007782,1300,877835,18
2026-06-10 02:11:30,1,1,3532,627860,48,572
2026-06-10 02:11:30,1,2,3462,4043911786,47,2674561
2026-06-10 02:11:30,1,3,1327007782,1300,877835,18
2026-06-10 02:11:33,1,1,3532,627860,48,572
2026-06-10 02:11:33,1,2,3462,4043911786,47,2674561
2026-06-10 02:11:33,1,3,1327007782,1300,877835,18
2026-06-10 02:11:36,1,1,3532,627860,48,572
2026-06-10 02:11:36,1,2,3462,4043911786,47,2674561
2026-06-10 02:11:36,1,3,1327007782,1300,877835,18
2026-06-10 02:11:39,1,1,3532,627860,48,572
2026-06-10 02:11:39,1,2,3462,4043911786,47,2674561
2026-06-10 02:11:39,1,3,1327007782,1300,877835,18
2026-06-10 02:11:42,1,1,3532,627860,48,572
2026-06-10 02:11:42,1,2,3462,4043911786,47,2674561
2026-06-10 02:11:42,1,3,1327007782,1300,877835,18
2026-06-10 02:11:45,1,1,3532,627860,48,572
2026-06-10 02:11:45,1,2,3462,4043911786,47,2674561
2026-06-10 02:11:45,1,3,1327007782,1300,877835,18
2026-06-10 02:11:48,1,1,3532,627860,48,572
2026-06-10 02:11:48,1,2,3462,4043911786,47,2674561
2026-06-10 02:11:48,1,3,1327007782,1300,877835,18
2026-06-10 02:11:51,1,1,3532,627860,48,572
2026-06-10 02:11:51,1,2,3462,4043911786,47,2674561
2026-06-10 02:11:51,1,3,1327007782,1300,877835,18
2026-06-10 02:11:54,1,1,3532,627860,48,572
2026-06-10 02:11:54,1,2,3462,4043911786,47,2674561
2026-06-10 02:11:54,1,3,1327007782,1300,877835,18
2026-06-10 02:11:57,1,1,3532,627860,48,572
2026-06-10 02:11:57,1,2,3462,4043911786,47,2674561
2026-06-10 02:11:57,1,3,1327007782,1300,877835,18
2026-06-10 02:12:00,1,1,3532,627860,48,572
2026-06-10 02:12:00,1,2,3462,4043911786,47,2674561
2026-06-10 02:12:00,1,3,1327007782,1300,877835,18
2026-06-10 02:12:03,1,1,3532,627860,48,572
2026-06-10 02:12:03,1,2,3462,4043911786,47,2674561
2026-06-10 02:12:03,1,3,1327007782,1300,877835,18
2026-06-10 02:12:06,1,1,3532,627860,48,572
2026-06-10 02:12:06,1,2,3462,4043911786,47,2674561
2026-06-10 02:12:06,1,3,1327007782,1300,877835,18
2026-06-10 02:12:09,1,1,3532,627860,48,572
2026-06-10 02:12:09,1,2,3462,4043911786,47,2674561
2026-06-10 02:12:09,1,3,1327007782,1300,877835,18
2026-06-10 02:12:12,1,1,3532,627860,48,572
2026-06-10 02:12:12,1,2,3462,4043911786,47,2674561
2026-06-10 02:12:12,1,3,1327007782,1300,877835,18
2026-06-10 02:12:15,1,1,3532,627860,48,572
2026-06-10 02:12:15,1,2,3462,4043911786,47,2674561
2026-06-10 02:12:15,1,3,1327007782,1300,877835,18
2026-06-10 02:12:18,1,1,3532,627860,48,572
2026-06-10 02:12:18,1,2,3462,4043911786,47,2674561
2026-06-10 02:12:18,1,3,1327007782,1300,877835,18
2026-06-10 02:12:21,1,1,3532,627860,48,572
2026-06-10 02:12:21,1,2,3462,4043911786,47,2674561
2026-06-10 02:12:21,1,3,1327007782,1300,877835,18
2026-06-10 02:12:24,1,1,3532,627860,48,572
2026-06-10 02:12:24,1,2,3462,4043911786,47,2674561
2026-06-10 02:12:24,1,3,1327007782,1300,877835,18
2026-06-10 02:12:27,1,1,3532,627860,48,572
2026-06-10 02:12:27,1,2,3462,4043911786,47,2674561
2026-06-10 02:12:27,1,3,1327007782,1300,877835,18
2026-06-10 02:12:30,1,1,3602,627860,49,572
2026-06-10 02:12:30,1,2,3462,4043911856,47,2674562
2026-06-10 02:12:30,1,3,1327007852,1300,877836,18
2026-06-10 02:12:33,1,1,3602,627860,49,572
2026-06-10 02:12:33,1,2,3462,4043911856,47,2674562
2026-06-10 02:12:33,1,3,1327007852,1300,877836,18
2026-06-10 02:12:36,1,1,3602,627860,49,572
2026-06-10 02:12:36,1,2,3462,4043911856,47,2674562
2026-06-10 02:12:36,1,3,1327007852,1300,877836,18
2026-06-10 02:12:39,1,1,3602,627860,49,572
2026-06-10 02:12:39,1,2,3462,4043911856,47,2674562
2026-06-10 02:12:39,1,3,1327007852,1300,877836,18
2026-06-10 02:12:42,1,1,3602,627860,49,572
2026-06-10 02:12:42,1,2,3462,4043911856,47,2674562
2026-06-10 02:12:42,1,3,1327007852,1300,877836,18
2026-06-10 02:12:45,1,1,3602,627860,49,572
2026-06-10 02:12:45,1,2,3462,4043911856,47,2674562
2026-06-10 02:12:45,1,3,1327007852,1300,877836,18
2026-06-10 02:12:48,1,1,3602,627860,49,572
2026-06-10 02:12:48,1,2,3462,4043911856,47,2674562
2026-06-10 02:12:48,1,3,1327007852,1300,877836,18
2026-06-10 02:12:51,1,1,3602,627860,49,572
2026-06-10 02:12:51,1,2,3462,4043911856,47,2674562
2026-06-10 02:12:51,1,3,1327007852,1300,877836,18
2026-06-10 02:12:54,1,1,3602,627860,49,572
2026-06-10 02:12:54,1,2,3462,4043911856,47,2674562
2026-06-10 02:12:54,1,3,1327007852,1300,877836,18
2026-06-10 02:12:57,1,1,3602,627860,49,572
2026-06-10 02:12:57,1,2,3462,4043911856,47,2674562
2026-06-10 02:12:57,1,3,1327007852,1300,877836,18
2026-06-10 02:13:00,1,1,3602,627860,49,572
2026-06-10 02:13:00,1,2,3462,4043911856,47,2674562
2026-06-10 02:13:00,1,3,1327007852,1300,877836,18
2026-06-10 02:13:03,1,1,3602,627860,49,572
2026-06-10 02:13:03,1,2,3462,4043911856,47,2674562
2026-06-10 02:13:03,1,3,1327007852,1300,877836,18
2026-06-10 02:13:06,1,1,3602,627860,49,572
2026-06-10 02:13:06,1,2,3462,4043911856,47,2674562
2026-06-10 02:13:06,1,3,1327007852,1300,877836,18
2026-06-10 02:13:09,1,1,3602,627860,49,572
2026-06-10 02:13:09,1,2,3462,4043911856,47,2674562
2026-06-10 02:13:09,1,3,1327007852,1300,877836,18
2026-06-10 02:13:12,1,1,3602,627860,49,572
2026-06-10 02:13:12,1,2,3462,4043911856,47,2674562
2026-06-10 02:13:12,1,3,1327007852,1300,877836,18
2026-06-10 02:13:15,1,1,3602,627860,49,572
2026-06-10 02:13:15,1,2,3462,4043911856,47,2674562
2026-06-10 02:13:15,1,3,1327007852,1300,877836,18
2026-06-10 02:13:18,1,1,3602,627860,49,572
2026-06-10 02:13:18,1,2,3462,4043911856,47,2674562
2026-06-10 02:13:18,1,3,1327007852,1300,877836,18
2026-06-10 02:13:21,1,1,3602,627860,49,572
2026-06-10 02:13:21,1,2,3462,4043911856,47,2674562
2026-06-10 02:13:21,1,3,1327007852,1300,877836,18
2026-06-10 02:13:24,1,1,3602,627860,49,572
2026-06-10 02:13:24,1,2,3462,4043911856,47,2674562
2026-06-10 02:13:24,1,3,1327007852,1300,877836,18
2026-06-10 02:13:27,1,1,3602,627860,49,572
2026-06-10 02:13:27,1,2,3462,4043911856,47,2674562
2026-06-10 02:13:27,1,3,1327007852,1300,877836,18
2026-06-10 02:13:30,1,1,3602,627860,49,572
2026-06-10 02:13:30,1,2,3462,4043911856,47,2674562
2026-06-10 02:13:30,1,3,1327007852,1300,877836,18
